customer_id,phone_service,multiple_lines,internet_service,online_security,online_backup,device_protection,tech_support,streaming_tv,streaming_movies,security_bundle
7590-VHVEG,No,No phone service,DSL,No,Yes,No,No,No,No,Partial Protection
5575-GNVDE,Yes,No,DSL,Yes,No,Yes,No,No,No,Partial Protection
3668-QPYBK,Yes,No,DSL,Yes,Yes,No,No,No,No,Partial Protection
7795-CFOCW,No,No phone service,DSL,Yes,No,Yes,Yes,No,No,Partial Protection
9237-HQITU,Yes,No,Fiber optic,No,No,No,No,No,No,No Protection
9305-CDSKC,Yes,Yes,Fiber optic,No,No,Yes,No,Yes,Yes,Partial Protection
1452-KIOVK,Yes,Yes,Fiber optic,No,Yes,No,No,Yes,No,Partial Protection
6713-OKOMC,No,No phone service,DSL,Yes,No,No,No,No,No,Partial Protection
7892-POOKP,Yes,Yes,Fiber optic,No,No,Yes,Yes,Yes,Yes,Partial Protection
6388-TABGU,Yes,No,DSL,Yes,Yes,No,No,No,No,Partial Protection
9763-GRSKD,Yes,No,DSL,Yes,No,No,No,No,No,Partial Protection
7469-LKBCI,Yes,No,No,No internet service,No internet service,No internet service,No internet service,No internet service,No internet service,Partial Protection
8091-TTVAX,Yes,Yes,Fiber optic,No,No,Yes,No,Yes,Yes,Partial Protection
0280-XJGEX,Yes,Yes,Fiber optic,No,Yes,Yes,No,Yes,Yes,Partial Protection
5129-JLPIS,Yes,No,Fiber optic,Yes,No,Yes,Yes,Yes,Yes,Partial Protection
3655-SNQYZ,Yes,Yes,Fiber optic,Yes,Yes,Yes,Yes,Yes,Yes,Full Protection
8191-XWSZG,Yes,No,No,No internet service,No internet service,No internet service,No internet service,No internet service,No internet service,Partial Protection
9959-WOFKT,Yes,Yes,Fiber optic,Yes,No,Yes,No,Yes,Yes,Partial Protection
4190-MFLUW,Yes,No,DSL,No,No,Yes,Yes,No,No,Partial Protection
4183-MYFRB,Yes,No,Fiber optic,No,Yes,Yes,No,No,Yes,Partial Protection
8779-QRDMV,No,No phone service,DSL,No,No,Yes,No,No,Yes,Partial Protection
1680-VDCWW,Yes,No,No,No internet service,No internet service,No internet service,No internet service,No internet service,No internet service,Partial Protection
1066-JKSGK,Yes,No,No,No internet service,No internet service,No internet service,No internet service,No internet service,No internet service,Partial Protection
3638-WEABW,Yes,Yes,DSL,No,Yes,No,Yes,No,No,Partial Protection
6322-HRPFA,Yes,No,DSL,Yes,Yes,No,Yes,No,No,Partial Protection
6865-JZNKO,Yes,No,DSL,Yes,Yes,No,No,No,No,Partial Protection
6467-CHFZW,Yes,Yes,Fiber optic,No,Yes,No,No,Yes,Yes,Partial Protection
8665-UTDHZ,No,No phone service,DSL,No,Yes,No,No,No,No,Partial Protection
5248-YGIJN,Yes,Yes,DSL,Yes,Yes,Yes,Yes,Yes,Yes,Full Protection
8773-HHUOZ,Yes,No,DSL,No,No,No,No,Yes,Yes,No Protection
3841-NFECX,Yes,Yes,Fiber optic,Yes,Yes,Yes,Yes,No,No,Full Protection
4929-XIHVW,Yes,No,Fiber optic,No,No,Yes,No,Yes,Yes,Partial Protection
6827-IEAUQ,Yes,No,DSL,Yes,Yes,Yes,Yes,No,No,Full Protection
7310-EGVHZ,Yes,No,No,No internet service,No internet service,No internet service,No internet service,No internet service,No internet service,Partial Protection
3413-BMNZE,Yes,No,DSL,No,No,No,No,No,No,No Protection
6234-RAAPL,Yes,Yes,Fiber optic,Yes,Yes,No,Yes,Yes,No,Partial Protection
6047-YHPVI,Yes,No,Fiber optic,No,No,No,No,No,No,No Protection
6572-ADKRS,Yes,No,Fiber optic,No,No,Yes,No,No,No,Partial Protection
5380-WJKOV,Yes,Yes,Fiber optic,No,Yes,Yes,No,Yes,Yes,Partial Protection
8168-UQWWF,Yes,Yes,Fiber optic,No,No,Yes,No,Yes,Yes,Partial Protection
8865-TNMNX,Yes,No,DSL,No,Yes,No,No,No,No,Partial Protection
9489-DEDVP,Yes,Yes,DSL,Yes,Yes,No,No,Yes,No,Partial Protection
9867-JCZSP,Yes,No,No,No internet service,No internet service,No internet service,No internet service,No internet service,No internet service,Partial Protection
4671-VJLCL,Yes,Yes,DSL,Yes,Yes,Yes,Yes,Yes,No,Full Protection
4080-IIARD,Yes,Yes,DSL,Yes,Yes,No,Yes,Yes,No,Partial Protection
3714-NTNFO,Yes,Yes,Fiber optic,No,No,No,No,No,Yes,No Protection
5948-UJZLF,Yes,No,DSL,No,Yes,No,No,No,No,Partial Protection
7760-OYPDY,Yes,No,Fiber optic,No,No,No,No,Yes,No,No Protection
7639-LIAYI,Yes,Yes,DSL,Yes,No,No,Yes,Yes,Yes,Partial Protection
2954-PIBKO,Yes,Yes,DSL,Yes,No,Yes,Yes,No,No,Partial Protection
8012-SOUDQ,Yes,Yes,Fiber optic,No,Yes,No,No,Yes,No,Partial Protection
9420-LOJKX,Yes,No,Fiber optic,Yes,Yes,No,No,Yes,Yes,Partial Protection
6575-SUVOI,Yes,Yes,DSL,Yes,No,No,Yes,Yes,No,Partial Protection
7495-OOKFY,Yes,Yes,Fiber optic,No,Yes,No,No,No,No,Partial Protection
4667-QONEA,Yes,No,DSL,Yes,Yes,Yes,Yes,No,Yes,Full Protection
1658-BYGOY,Yes,Yes,Fiber optic,No,No,No,No,Yes,Yes,No Protection
8769-KKTPH,Yes,Yes,Fiber optic,Yes,No,No,No,Yes,Yes,Partial Protection
5067-XJQFU,Yes,Yes,Fiber optic,No,Yes,Yes,Yes,Yes,Yes,Partial Protection
3957-SQXML,Yes,Yes,No,No internet service,No internet service,No internet service,No internet service,No internet service,No internet service,Partial Protection
5954-BDFSG,Yes,Yes,Fiber optic,No,No,Yes,Yes,Yes,Yes,Partial Protection
0434-CSFON,Yes,Yes,Fiber optic,No,No,Yes,No,Yes,Yes,Partial Protection
1215-FIGMP,Yes,Yes,Fiber optic,No,Yes,No,No,Yes,No,Partial Protection
0526-SXDJP,No,No phone service,DSL,Yes,Yes,Yes,No,No,No,Partial Protection
0557-ASKVU,Yes,No,DSL,No,No,Yes,Yes,No,No,Partial Protection
5698-BQJOH,Yes,Yes,Fiber optic,No,No,No,No,Yes,Yes,No Protection
5122-CYFXA,Yes,No,DSL,No,Yes,No,Yes,Yes,Yes,Partial Protection
8627-ZYGSZ,Yes,Yes,Fiber optic,No,Yes,No,No,No,No,Partial Protection
3410-YOQBQ,Yes,No,DSL,No,Yes,Yes,Yes,Yes,Yes,Partial Protection
3170-NMYVV,Yes,No,No,No internet service,No internet service,No internet service,No internet service,No internet service,No internet service,Partial Protection
7410-OIEDU,Yes,No,Fiber optic,Yes,No,Yes,No,No,No,Partial Protection
2273-QCKXA,Yes,No,DSL,No,No,No,Yes,No,No,Partial Protection
0731-EBJQB,Yes,No,No,No internet service,No internet service,No internet service,No internet service,No internet service,No internet service,Partial Protection
1891-QRQSA,Yes,Yes,Fiber optic,Yes,No,Yes,Yes,Yes,Yes,Partial Protection
8028-PNXHQ,Yes,Yes,No,No internet service,No internet service,No internet service,No internet service,No internet service,No internet service,Partial Protection
5630-AHZIL,Yes,No,DSL,Yes,No,No,Yes,No,Yes,Partial Protection
2673-CXQEU,Yes,Yes,Fiber optic,Yes,Yes,Yes,No,Yes,Yes,Partial Protection
6416-JNVRK,Yes,No,DSL,No,No,No,No,No,Yes,No Protection
5590-ZSKRV,Yes,No,DSL,Yes,Yes,No,No,No,No,Partial Protection
0191-ZHSKZ,Yes,No,DSL,Yes,Yes,No,No,Yes,Yes,Partial Protection
3887-PBQAO,Yes,Yes,No,No internet service,No internet service,No internet service,No internet service,No internet service,No internet service,Partial Protection
5919-TMRGD,Yes,No,Fiber optic,No,No,No,No,Yes,No,No Protection
8108-UXRQN,No,No phone service,DSL,Yes,No,No,No,Yes,Yes,Partial Protection
9191-MYQKX,Yes,No,Fiber optic,No,No,Yes,No,No,No,Partial Protection
9919-YLNNG,Yes,No,Fiber optic,No,Yes,Yes,Yes,Yes,Yes,Partial Protection
0318-ZOPWS,Yes,No,No,No internet service,No internet service,No internet service,No internet service,No internet service,No internet service,Partial Protection
4445-ZJNMU,Yes,Yes,Fiber optic,No,Yes,No,No,Yes,Yes,Partial Protection
4808-YNLEU,Yes,No,DSL,Yes,No,No,No,Yes,No,Partial Protection
1862-QRWPE,Yes,No,No,No internet service,No internet service,No internet service,No internet service,No internet service,No internet service,Partial Protection
2796-NNUFI,Yes,No,No,No internet service,No internet service,No internet service,No internet service,No internet service,No internet service,Partial Protection
3016-KSVCP,No,No phone service,DSL,No,No,No,No,Yes,No,No Protection
4767-HZZHQ,Yes,No,Fiber optic,No,Yes,Yes,No,No,No,Partial Protection
2424-WVHPL,Yes,No,Fiber optic,No,No,No,Yes,No,No,Partial Protection
7233-PAHHL,Yes,Yes,DSL,Yes,No,Yes,Yes,Yes,Yes,Partial Protection
6067-NGCEU,Yes,Yes,Fiber optic,Yes,Yes,Yes,No,Yes,Yes,Partial Protection
9848-JQJTX,Yes,Yes,Fiber optic,No,Yes,Yes,No,Yes,Yes,Partial Protection
8637-XJIVR,Yes,Yes,Fiber optic,Yes,No,No,No,No,No,Partial Protection
9803-FTJCG,Yes,Yes,DSL,Yes,Yes,No,Yes,No,No,Partial Protection
0278-YXOOG,Yes,No,No,No internet service,No internet service,No internet service,No internet service,No internet service,No internet service,Partial Protection
3212-KXOCR,Yes,No,No,No internet service,No internet service,No internet service,No internet service,No internet service,No internet service,Partial Protection
4598-XLKNJ,Yes,No,Fiber optic,No,Yes,Yes,No,Yes,Yes,Partial Protection
6380-ARCEH,Yes,No,No,No internet service,No internet service,No internet service,No internet service,No internet service,No internet service,Partial Protection
3679-XASPY,Yes,No,No,No internet service,No internet service,No internet service,No internet service,No internet service,No internet service,Partial Protection
7123-WQUHX,Yes,Yes,Fiber optic,No,No,Yes,Yes,Yes,No,Partial Protection
5386-THSLQ,No,No phone service,DSL,No,Yes,Yes,No,Yes,No,Partial Protection
3192-NQECA,Yes,Yes,Fiber optic,No,Yes,Yes,Yes,Yes,Yes,Partial Protection
6180-YBIQI,No,No phone service,DSL,No,No,No,No,No,No,No Protection
6728-DKUCO,Yes,Yes,Fiber optic,Yes,Yes,No,No,Yes,Yes,Partial Protection
9750-BOOHV,No,No phone service,DSL,Yes,No,No,No,No,No,Partial Protection
8597-CWYHH,Yes,Yes,Fiber optic,No,No,No,No,Yes,Yes,No Protection
2848-YXSMW,Yes,No,No,No internet service,No internet service,No internet service,No internet service,No internet service,No internet service,Partial Protection
0486-HECZI,Yes,Yes,Fiber optic,Yes,Yes,No,No,Yes,No,Partial Protection
4549-ZDQYY,Yes,No,DSL,Yes,No,Yes,Yes,No,No,Partial Protection
5712-AHQNN,Yes,No,Fiber optic,No,Yes,Yes,No,Yes,No,Partial Protection
4846-WHAFZ,Yes,Yes,Fiber optic,No,No,No,No,No,No,No Protection
5256-SKJGO,No,No phone service,DSL,No,Yes,No,Yes,Yes,Yes,Partial Protection
3071-VBYPO,Yes,No,Fiber optic,Yes,Yes,No,No,Yes,No,Partial Protection
9560-BBZXK,No,No phone service,DSL,Yes,No,No,No,No,No,Partial Protection
5299-RULOA,Yes,Yes,Fiber optic,Yes,No,No,No,Yes,Yes,Partial Protection
8402-OOOHJ,Yes,No,No,No internet service,No internet service,No internet service,No internet service,No internet service,No internet service,Partial Protection
9445-ZUEQE,Yes,Yes,Fiber optic,No,Yes,No,Yes,No,No,Partial Protection
1091-SOZGA,Yes,Yes,Fiber optic,No,No,Yes,No,Yes,Yes,Partial Protection
2928-HLDBA,Yes,No,No,No internet service,No internet service,No internet service,No internet service,No internet service,No internet service,Partial Protection
0404-SWRVG,Yes,Yes,Fiber optic,No,No,No,No,No,No,No Protection
6497-TILVL,Yes,No,DSL,Yes,No,No,No,No,No,Partial Protection
7219-TLZHO,Yes,No,No,No internet service,No internet service,No internet service,No internet service,No internet service,No internet service,Partial Protection
4622-YNKIJ,Yes,No,Fiber optic,Yes,No,No,Yes,Yes,No,Partial Protection
4412-YLTKF,Yes,Yes,Fiber optic,No,No,Yes,No,No,No,Partial Protection
6734-PSBAW,Yes,Yes,No,No internet service,No internet service,No internet service,No internet service,No internet service,No internet service,Partial Protection
3930-ZGWVE,Yes,No,No,No internet service,No internet service,No internet service,No internet service,No internet service,No internet service,Partial Protection
2639-UGMAZ,No,No phone service,DSL,Yes,Yes,No,No,Yes,Yes,Partial Protection
2876-GZYZC,Yes,Yes,Fiber optic,No,No,No,No,No,Yes,No Protection
6207-WIOLX,No,No phone service,DSL,Yes,Yes,Yes,No,Yes,Yes,Partial Protection
8587-XYZSF,Yes,No,DSL,No,No,No,Yes,No,No,Partial Protection
3091-FYHKI,No,No phone service,DSL,No,No,No,No,No,Yes,No Protection
2372-HWUHI,Yes,No,DSL,No,No,No,No,No,No,No Protection
7799-LGRDP,Yes,Yes,No,No internet service,No internet service,No internet service,No internet service,No internet service,No internet service,Partial Protection
7850-VWJUU,Yes,No,Fiber optic,Yes,No,No,No,No,No,Partial Protection
3774-VBNXY,Yes,No,No,No internet service,No internet service,No internet service,No internet service,No internet service,No internet service,Partial Protection
6217-KDYWC,Yes,No,No,No internet service,No internet service,No internet service,No internet service,No internet service,No internet service,Partial Protection
0390-DCFDQ,Yes,No,Fiber optic,No,No,No,No,No,No,No Protection
3146-MSEGF,Yes,Yes,DSL,Yes,Yes,Yes,Yes,Yes,Yes,Full Protection
4080-OGPJL,Yes,Yes,DSL,Yes,No,No,Yes,No,Yes,Partial Protection
1095-WGNGG,Yes,Yes,Fiber optic,No,Yes,No,No,Yes,Yes,Partial Protection
2636-SJDOU,Yes,Yes,Fiber optic,Yes,Yes,No,No,No,No,Partial Protection
1131-QQZEB,Yes,Yes,No,No internet service,No internet service,No internet service,No internet service,No internet service,No internet service,Partial Protection
5716-EZXZN,Yes,Yes,Fiber optic,Yes,Yes,No,Yes,Yes,No,Partial Protection
6837-BJYDQ,Yes,No,No,No internet service,No internet service,No internet service,No internet service,No internet service,No internet service,Partial Protection
2135-RXIHG,Yes,No,DSL,No,No,No,No,No,No,No Protection
6440-DKQGE,Yes,No,DSL,No,Yes,Yes,No,Yes,No,Partial Protection
3466-BYAVD,Yes,No,DSL,No,Yes,Yes,Yes,No,Yes,Partial Protection
3780-YVMFA,Yes,No,DSL,No,No,No,Yes,Yes,Yes,Partial Protection
3874-EQOEP,Yes,Yes,Fiber optic,No,No,No,No,Yes,Yes,No Protection
1679-JRFBR,Yes,Yes,Fiber optic,Yes,Yes,Yes,No,Yes,Yes,Partial Protection
9073-ZZIAY,Yes,No,DSL,Yes,Yes,Yes,Yes,Yes,Yes,Full Protection
3077-RSNTJ,Yes,No,No,No internet service,No internet service,No internet service,No internet service,No internet service,No internet service,Partial Protection
6551-GNYDG,Yes,No,Fiber optic,No,No,No,No,No,Yes,No Protection
9167-APMXZ,Yes,Yes,Fiber optic,No,No,No,No,Yes,No,No Protection
2749-CTKAJ,Yes,No,No,No internet service,No internet service,No internet service,No internet service,No internet service,No internet service,Partial Protection
6371-NZYEG,Yes,No,DSL,Yes,No,Yes,No,Yes,No,Partial Protection
7554-NEWDD,Yes,Yes,No,No internet service,No internet service,No internet service,No internet service,No internet service,No internet service,Partial Protection
8992-VONJD,Yes,No,DSL,Yes,Yes,No,No,No,No,Partial Protection
0867-MKZVY,Yes,Yes,Fiber optic,Yes,No,No,No,No,No,Partial Protection
4482-EWFMI,Yes,No,Fiber optic,No,No,No,No,No,No,No Protection
4648-YPBTM,Yes,Yes,DSL,No,Yes,Yes,Yes,No,Yes,Partial Protection
2907-ILJBN,Yes,No,No,No internet service,No internet service,No internet service,No internet service,No internet service,No internet service,Partial Protection
6345-FZOQH,Yes,No,No,No internet service,No internet service,No internet service,No internet service,No internet service,No internet service,Partial Protection
3376-BMGFE,Yes,No,Fiber optic,No,No,No,No,No,No,No Protection
5997-OPVFA,Yes,Yes,DSL,Yes,Yes,Yes,Yes,Yes,Yes,Full Protection
3445-HXXGF,No,No phone service,DSL,No,Yes,Yes,No,No,Yes,Partial Protection
1159-WFSGR,Yes,No,No,No internet service,No internet service,No internet service,No internet service,No internet service,No internet service,Partial Protection
7654-YWJUF,Yes,No,Fiber optic,Yes,No,Yes,Yes,No,No,Partial Protection
1875-QIVME,Yes,Yes,Fiber optic,No,No,Yes,Yes,Yes,Yes,Partial Protection
6727-IOTLZ,Yes,No,DSL,No,Yes,Yes,Yes,Yes,Yes,Partial Protection
0691-JVSYA,Yes,No,Fiber optic,No,No,Yes,No,Yes,Yes,Partial Protection
5918-VUKWP,Yes,No,No,No internet service,No internet service,No internet service,No internet service,No internet service,No internet service,Partial Protection
1744-JHKYS,Yes,Yes,No,No internet service,No internet service,No internet service,No internet service,No internet service,No internet service,Partial Protection
2656-FMOKZ,Yes,Yes,Fiber optic,No,No,No,No,No,No,No Protection
2070-FNEXE,Yes,No,Fiber optic,Yes,No,No,No,No,No,Partial Protection
5947-SGKCL,Yes,Yes,Fiber optic,No,Yes,Yes,No,Yes,Yes,Partial Protection
3712-PKXZA,Yes,No,No,No internet service,No internet service,No internet service,No internet service,No internet service,No internet service,Partial Protection
6317-YPKDH,No,No phone service,DSL,No,Yes,No,No,No,No,Partial Protection
6582-OIVSP,Yes,No,DSL,No,No,No,No,No,No,No Protection
9367-WXLCH,Yes,Yes,Fiber optic,No,No,No,No,No,Yes,No Protection
5524-KHNJP,Yes,No,DSL,Yes,No,Yes,No,Yes,Yes,Partial Protection
1918-ZBFQJ,Yes,No,Fiber optic,No,Yes,Yes,No,No,No,Partial Protection
1024-GUALD,No,No phone service,DSL,No,No,No,No,No,No,No Protection
4827-USJHP,Yes,No,DSL,No,Yes,No,No,No,No,Partial Protection
8167-GJLRN,No,No phone service,DSL,No,No,No,Yes,No,No,Partial Protection
0956-SYCWG,Yes,No,No,No internet service,No internet service,No internet service,No internet service,No internet service,No internet service,Partial Protection
8017-UVSZU,Yes,Yes,DSL,No,Yes,No,No,No,No,Partial Protection
7100-FQPRV,Yes,Yes,DSL,Yes,No,No,Yes,No,Yes,Partial Protection
2472-OVKUP,Yes,No,Fiber optic,No,Yes,Yes,No,No,Yes,Partial Protection
2984-RGEYA,Yes,No,No,No internet service,No internet service,No internet service,No internet service,No internet service,No internet service,Partial Protection
9680-NIAUV,Yes,Yes,Fiber optic,Yes,Yes,Yes,No,Yes,Yes,Partial Protection
2146-EGVDT,Yes,No,No,No internet service,No internet service,No internet service,No internet service,No internet service,No internet service,Partial Protection
2604-IJPDU,Yes,No,Fiber optic,Yes,Yes,No,Yes,Yes,No,Partial Protection
9178-JHUVJ,Yes,Yes,No,No internet service,No internet service,No internet service,No internet service,No internet service,No internet service,Partial Protection
6168-YBYNP,Yes,Yes,Fiber optic,No,Yes,Yes,Yes,Yes,Yes,Partial Protection
7255-SSFBC,Yes,Yes,Fiber optic,No,Yes,Yes,Yes,Yes,Yes,Partial Protection
3645-DEYGF,Yes,No,No,No internet service,No internet service,No internet service,No internet service,No internet service,No internet service,Partial Protection
9323-HGFWY,Yes,No,Fiber optic,Yes,No,No,Yes,Yes,Yes,Partial Protection
8544-GOQSH,Yes,No,Fiber optic,No,Yes,No,Yes,No,No,Partial Protection
3363-DTIVD,Yes,Yes,Fiber optic,Yes,No,Yes,No,Yes,Yes,Partial Protection
7018-WBJNK,Yes,No,Fiber optic,No,No,No,No,Yes,No,No Protection
9142-KZXOP,Yes,No,Fiber optic,No,No,No,No,No,No,No Protection
7674-YTAFD,Yes,No,Fiber optic,No,Yes,No,Yes,No,No,Partial Protection
6348-SNFUS,No,No phone service,DSL,Yes,Yes,Yes,Yes,No,Yes,Full Protection
1285-OKIPP,Yes,No,Fiber optic,No,No,No,No,No,Yes,No Protection
7825-ECJRF,Yes,No,Fiber optic,Yes,No,Yes,Yes,Yes,Yes,Partial Protection
1347-KTTTA,Yes,No,Fiber optic,No,Yes,Yes,Yes,Yes,Yes,Partial Protection
7841-TZDMQ,Yes,No,DSL,No,No,No,No,No,No,No Protection
4195-NZGTA,No,No phone service,DSL,No,No,No,No,No,No,No Protection
7157-SMCFK,Yes,No,No,No internet service,No internet service,No internet service,No internet service,No internet service,No internet service,Partial Protection
4709-LKHYG,Yes,No,No,No internet service,No internet service,No internet service,No internet service,No internet service,No internet service,Partial Protection
2504-DSHIH,Yes,Yes,Fiber optic,No,No,No,No,No,Yes,No Protection
0699-NDKJM,No,No phone service,DSL,Yes,Yes,Yes,No,Yes,Yes,Partial Protection
9286-BHDQG,No,No phone service,DSL,Yes,Yes,Yes,Yes,No,No,Full Protection
0230-WEQUW,No,No phone service,DSL,Yes,Yes,Yes,Yes,Yes,No,Full Protection
2040-LDIWQ,Yes,Yes,DSL,No,Yes,Yes,Yes,Yes,Yes,Partial Protection
6496-JDSSB,Yes,No,Fiber optic,No,No,No,No,Yes,No,No Protection
9408-SSNVZ,Yes,No,Fiber optic,No,No,No,No,No,No,No Protection
4443-EMBNA,Yes,Yes,No,No internet service,No internet service,No internet service,No internet service,No internet service,No internet service,Partial Protection
6469-MRVET,Yes,No,No,No internet service,No internet service,No internet service,No internet service,No internet service,No internet service,Partial Protection
0742-MOABM,Yes,No,DSL,No,No,No,Yes,No,No,Partial Protection
5961-VUSRV,Yes,No,No,No internet service,No internet service,No internet service,No internet service,No internet service,No internet service,Partial Protection
6778-JFCMK,No,No phone service,DSL,Yes,No,No,No,Yes,Yes,Partial Protection
6341-JVQGF,Yes,No,DSL,Yes,No,Yes,Yes,Yes,Yes,Partial Protection
2232-DMLXU,Yes,No,DSL,No,No,No,No,Yes,No,No Protection
4811-JBUVU,Yes,Yes,Fiber optic,No,No,No,Yes,No,Yes,Partial Protection
0945-TSONX,Yes,Yes,DSL,Yes,Yes,No,Yes,Yes,Yes,Partial Protection
2651-ZCBXV,Yes,Yes,Fiber optic,Yes,Yes,No,Yes,Yes,Yes,Partial Protection
3316-UWXUY,Yes,No,Fiber optic,Yes,Yes,No,Yes,No,Yes,Partial Protection
8937-RDTHP,Yes,No,Fiber optic,Yes,No,No,No,No,Yes,Partial Protection
7083-MIOPC,Yes,No,No,No internet service,No internet service,No internet service,No internet service,No internet service,No internet service,Partial Protection
1984-GPTEH,Yes,Yes,No,No internet service,No internet service,No internet service,No internet service,No internet service,No internet service,Partial Protection
1251-KRREG,Yes,Yes,DSL,No,Yes,No,No,No,No,Partial Protection
0621-JFHOL,No,No phone service,DSL,No,No,No,Yes,No,No,Partial Protection
9903-LYSAB,Yes,Yes,Fiber optic,No,No,No,No,No,No,No Protection
0094-OIFMO,Yes,No,Fiber optic,No,Yes,No,No,Yes,Yes,Partial Protection
9227-UAQFT,Yes,No,No,No internet service,No internet service,No internet service,No internet service,No internet service,No internet service,Partial Protection
7301-ABVAD,Yes,Yes,DSL,No,Yes,Yes,Yes,Yes,Yes,Partial Protection
6614-FHDBO,Yes,Yes,Fiber optic,No,Yes,Yes,Yes,Yes,Yes,Partial Protection
7576-ASEJU,Yes,No,DSL,Yes,No,No,Yes,Yes,Yes,Partial Protection
9058-HRZSV,Yes,No,Fiber optic,Yes,Yes,Yes,No,No,Yes,Partial Protection
4522-AKYLR,Yes,No,DSL,No,Yes,Yes,No,No,No,Partial Protection
0221-WMXNQ,Yes,No,Fiber optic,Yes,No,No,No,No,No,Partial Protection
0303-UNCIP,Yes,Yes,DSL,No,No,Yes,No,No,Yes,Partial Protection
9947-OTFQU,Yes,No,Fiber optic,No,Yes,No,No,No,No,Partial Protection
0322-YINQP,Yes,No,DSL,Yes,No,No,No,No,No,Partial Protection
0959-WHOKV,Yes,Yes,Fiber optic,Yes,Yes,Yes,No,No,Yes,Partial Protection
4075-JFPGR,Yes,No,Fiber optic,Yes,Yes,Yes,No,Yes,No,Partial Protection
4629-NRXKX,Yes,No,Fiber optic,No,No,No,No,No,No,No Protection
9514-JDSKI,No,No phone service,DSL,No,Yes,No,No,Yes,No,Partial Protection
3282-ZISZV,Yes,Yes,DSL,No,Yes,Yes,Yes,Yes,Yes,Partial Protection
3675-YDUPJ,Yes,No,No,No internet service,No internet service,No internet service,No internet service,No internet service,No internet service,Partial Protection
4111-BNXIF,No,No phone service,DSL,No,Yes,Yes,Yes,Yes,Yes,Partial Protection
7017-VFHAY,Yes,Yes,Fiber optic,Yes,Yes,Yes,Yes,Yes,Yes,Full Protection
6655-LHBYW,Yes,Yes,Fiber optic,Yes,Yes,Yes,Yes,Yes,Yes,Full Protection
4959-JOSRX,Yes,No,DSL,No,No,No,No,No,No,No Protection
5046-NUHWD,No,No phone service,DSL,Yes,No,Yes,No,No,Yes,Partial Protection
7273-TEFQD,No,No phone service,DSL,No,No,Yes,No,No,Yes,Partial Protection
3606-TWKGI,Yes,Yes,Fiber optic,No,Yes,Yes,No,Yes,Yes,Partial Protection
7529-ZDFXI,Yes,Yes,Fiber optic,No,Yes,No,No,No,Yes,Partial Protection
7605-BDWDC,No,No phone service,DSL,Yes,Yes,No,Yes,No,Yes,Partial Protection
1950-KSVVJ,Yes,Yes,Fiber optic,Yes,Yes,Yes,Yes,Yes,Yes,Full Protection
0123-CRBRT,Yes,Yes,DSL,Yes,Yes,Yes,Yes,Yes,Yes,Full Protection
6292-TOSSS,Yes,Yes,No,No internet service,No internet service,No internet service,No internet service,No internet service,No internet service,Partial Protection
3197-ARFOY,Yes,No,Fiber optic,Yes,Yes,No,Yes,Yes,Yes,Partial Protection
6323-AYBRX,Yes,No,No,No internet service,No internet service,No internet service,No internet service,No internet service,No internet service,Partial Protection
7014-ZZXAW,Yes,Yes,No,No internet service,No internet service,No internet service,No internet service,No internet service,No internet service,Partial Protection
4385-GZQXV,Yes,No,Fiber optic,No,No,No,Yes,Yes,Yes,Partial Protection
7633-MVPUY,Yes,No,DSL,Yes,Yes,No,Yes,No,No,Partial Protection
6366-ZGQGL,No,No phone service,DSL,No,No,No,No,No,No,No Protection
4716-HHKQH,Yes,Yes,Fiber optic,No,Yes,No,Yes,Yes,Yes,Partial Protection
5940-AHUHD,Yes,No,Fiber optic,No,No,No,No,No,No,No Protection
6432-TWQLB,Yes,Yes,Fiber optic,No,Yes,No,Yes,No,No,Partial Protection
4484-GLZOU,Yes,Yes,Fiber optic,No,Yes,Yes,No,Yes,Yes,Partial Protection
3179-GBRWV,Yes,No,DSL,Yes,Yes,No,No,No,Yes,Partial Protection
8645-KWHJO,No,No phone service,DSL,No,No,Yes,Yes,Yes,Yes,Partial Protection
4130-MZLCC,Yes,No,DSL,No,Yes,No,No,No,No,Partial Protection
0314-TKOSI,Yes,No,DSL,Yes,Yes,No,No,No,No,Partial Protection
8229-MYEJZ,Yes,No,DSL,No,Yes,No,No,No,No,Partial Protection
2080-SRCDE,Yes,Yes,No,No internet service,No internet service,No internet service,No internet service,No internet service,No internet service,Partial Protection
9577-WJVCQ,Yes,Yes,DSL,Yes,No,No,No,No,No,Partial Protection
9512-UIBFX,Yes,No,Fiber optic,No,No,Yes,No,Yes,Yes,Partial Protection
6202-DYYFX,Yes,Yes,Fiber optic,No,No,No,No,No,No,No Protection
3808-HFKDE,Yes,No,DSL,No,No,No,No,No,No,No Protection
5583-SXDAG,Yes,No,Fiber optic,No,No,No,No,No,No,No Protection
3488-PGMQJ,Yes,No,Fiber optic,No,Yes,No,No,No,No,Partial Protection
3580-REOAC,Yes,No,DSL,No,No,No,No,No,No,No Protection
7534-BFESC,Yes,Yes,Fiber optic,No,No,No,No,No,No,No Protection
3727-OWVYD,Yes,No,DSL,Yes,Yes,Yes,No,No,No,Partial Protection
2294-SALNE,Yes,No,Fiber optic,No,Yes,Yes,Yes,No,No,Partial Protection
4847-TAJYI,Yes,No,Fiber optic,No,No,No,No,Yes,Yes,No Protection
1563-IWQEX,Yes,No,No,No internet service,No internet service,No internet service,No internet service,No internet service,No internet service,Partial Protection
8203-XJZRC,Yes,No,No,No internet service,No internet service,No internet service,No internet service,No internet service,No internet service,Partial Protection
6556-DBKZF,Yes,No,Fiber optic,No,No,Yes,No,No,No,Partial Protection
6851-WEFYX,Yes,Yes,Fiber optic,No,No,Yes,No,Yes,Yes,Partial Protection
2985-JUUBZ,Yes,Yes,DSL,No,No,Yes,No,Yes,Yes,Partial Protection
6390-DSAZX,Yes,No,Fiber optic,Yes,No,No,No,No,No,Partial Protection
0895-LMRSF,Yes,No,DSL,No,No,No,No,Yes,Yes,No Protection
8098-LLAZX,Yes,Yes,Fiber optic,No,No,No,No,Yes,Yes,No Protection
8266-VBFQL,Yes,No,Fiber optic,No,No,Yes,Yes,No,Yes,Partial Protection
8181-YHCMF,No,No phone service,DSL,No,Yes,Yes,Yes,Yes,Yes,Partial Protection
2240-HSJQD,Yes,Yes,Fiber optic,No,Yes,No,No,No,No,Partial Protection
1248-DYXUB,Yes,Yes,No,No internet service,No internet service,No internet service,No internet service,No internet service,No internet service,Partial Protection
0265-EDXBD,Yes,Yes,Fiber optic,No,No,No,No,No,No,No Protection
4115-BNPJY,Yes,No,DSL,No,No,Yes,Yes,Yes,Yes,Partial Protection
3167-SNQPL,Yes,Yes,Fiber optic,No,Yes,No,No,Yes,Yes,Partial Protection
4091-TVOCN,Yes,Yes,DSL,Yes,No,Yes,No,Yes,Yes,Partial Protection
1098-TDVUQ,Yes,No,No,No internet service,No internet service,No internet service,No internet service,No internet service,No internet service,Partial Protection
7277-OZCGZ,Yes,No,Fiber optic,Yes,No,No,Yes,No,Yes,Partial Protection
1557-EMYVT,Yes,Yes,Fiber optic,Yes,Yes,Yes,Yes,Yes,Yes,Full Protection
2799-ARNLO,Yes,No,Fiber optic,No,No,No,No,No,No,No Protection
7563-BIUPC,Yes,No,Fiber optic,No,No,No,No,Yes,No,No Protection
5027-YOCXN,Yes,Yes,Fiber optic,Yes,Yes,No,Yes,Yes,Yes,Partial Protection
3973-SKMLN,Yes,No,No,No internet service,No internet service,No internet service,No internet service,No internet service,No internet service,Partial Protection
2321-OMBXY,Yes,No,DSL,Yes,Yes,No,Yes,Yes,Yes,Partial Protection
2840-XANRC,Yes,No,Fiber optic,No,No,Yes,No,Yes,Yes,Partial Protection
6745-JEFZB,Yes,Yes,Fiber optic,No,No,No,Yes,Yes,No,Partial Protection
5020-ZSTTY,Yes,Yes,DSL,Yes,Yes,No,Yes,Yes,Yes,Partial Protection
9880-TDQAC,No,No phone service,DSL,No,Yes,Yes,Yes,Yes,Yes,Partial Protection
8705-WZCYL,Yes,No,DSL,No,No,No,No,No,No,No Protection
7102-JJVTX,Yes,No,DSL,Yes,No,No,No,No,No,Partial Protection
8626-PTQGE,No,No phone service,DSL,Yes,Yes,No,Yes,Yes,Yes,Partial Protection
4983-CLMLV,Yes,Yes,Fiber optic,No,Yes,No,Yes,Yes,Yes,Partial Protection
5701-YVSVF,Yes,No,Fiber optic,No,No,No,Yes,Yes,No,Partial Protection
5804-LEPIM,Yes,No,Fiber optic,No,No,No,No,No,No,No Protection
5697-GOMBF,No,No phone service,DSL,No,No,No,No,Yes,No,No Protection
2739-CACDQ,Yes,Yes,Fiber optic,No,No,Yes,No,No,No,Partial Protection
9385-EHGDO,Yes,No,No,No internet service,No internet service,No internet service,No internet service,No internet service,No internet service,Partial Protection
9498-FIMXL,Yes,No,No,No internet service,No internet service,No internet service,No internet service,No internet service,No internet service,Partial Protection
2379-GYFLQ,Yes,Yes,Fiber optic,No,Yes,Yes,No,Yes,No,Partial Protection
0122-OAHPZ,Yes,Yes,Fiber optic,No,No,No,No,No,No,No Protection
2868-SNELZ,Yes,Yes,Fiber optic,No,No,Yes,No,No,No,Partial Protection
4322-RCYMT,Yes,Yes,DSL,No,Yes,Yes,Yes,No,Yes,Partial Protection
6680-NENYN,Yes,Yes,Fiber optic,No,Yes,Yes,No,Yes,Yes,Partial Protection
2088-IEBAU,Yes,Yes,DSL,Yes,Yes,Yes,Yes,Yes,Yes,Full Protection
7982-VCELR,Yes,No,Fiber optic,No,Yes,No,No,Yes,Yes,Partial Protection
1343-EHPYB,Yes,Yes,Fiber optic,No,Yes,Yes,No,Yes,Yes,Partial Protection
6035-BXTTY,Yes,No,DSL,No,Yes,No,Yes,No,No,Partial Protection
6885-PKOAM,Yes,Yes,DSL,Yes,Yes,Yes,Yes,Yes,Yes,Full Protection
7520-HQWJU,Yes,Yes,DSL,Yes,Yes,Yes,No,No,No,Partial Protection
9639-BUJXT,Yes,No,No,No internet service,No internet service,No internet service,No internet service,No internet service,No internet service,Partial Protection
5924-SNGKP,Yes,No,No,No internet service,No internet service,No internet service,No internet service,No internet service,No internet service,Partial Protection
0021-IKXGC,Yes,Yes,Fiber optic,No,No,No,No,No,No,No Protection
2034-GDRCN,Yes,No,Fiber optic,No,No,No,No,Yes,Yes,No Protection
8966-SNIZF,Yes,No,No,No internet service,No internet service,No internet service,No internet service,No internet service,No internet service,Partial Protection
6243-OZGFH,No,No phone service,DSL,No,No,No,No,Yes,Yes,No Protection
4654-DLAMQ,Yes,No,Fiber optic,Yes,Yes,Yes,No,No,Yes,Partial Protection
0513-RBGPE,Yes,Yes,DSL,Yes,No,Yes,Yes,No,No,Partial Protection
5160-UXJED,Yes,No,DSL,No,No,No,No,No,No,No Protection
4115-NZRKS,Yes,No,Fiber optic,No,No,No,No,Yes,Yes,No Protection
0219-YTZUE,Yes,Yes,Fiber optic,No,Yes,Yes,No,No,No,Partial Protection
0623-IIHUG,No,No phone service,DSL,Yes,No,No,No,Yes,No,Partial Protection
4572-DVCGN,Yes,No,Fiber optic,No,No,No,No,No,Yes,No Protection
3351-NGXYI,Yes,Yes,DSL,Yes,No,No,No,No,No,Partial Protection
8984-EYLLL,Yes,Yes,Fiber optic,No,Yes,No,Yes,Yes,Yes,Partial Protection
9057-MSWCO,No,No phone service,DSL,Yes,No,No,No,No,No,Partial Protection
9833-TGFHX,Yes,Yes,Fiber optic,Yes,No,No,No,Yes,Yes,Partial Protection
9294-TDIPC,Yes,No,No,No internet service,No internet service,No internet service,No internet service,No internet service,No internet service,Partial Protection
5229-DTFYB,Yes,No,Fiber optic,No,Yes,No,Yes,Yes,Yes,Partial Protection
0104-PPXDV,Yes,No,DSL,No,No,Yes,No,No,No,Partial Protection
5176-LMJXE,Yes,No,No,No internet service,No internet service,No internet service,No internet service,No internet service,No internet service,Partial Protection
3583-KRKMD,Yes,No,Fiber optic,No,No,No,Yes,No,No,Partial Protection
1010-DIAUQ,Yes,No,Fiber optic,No,No,Yes,No,Yes,Yes,Partial Protection
9069-LGEUL,Yes,No,DSL,Yes,No,No,No,No,Yes,Partial Protection
7302-ZHMHP,Yes,No,No,No internet service,No internet service,No internet service,No internet service,No internet service,No internet service,Partial Protection
9571-EDEBV,Yes,Yes,Fiber optic,No,No,Yes,No,Yes,Yes,Partial Protection
3520-FJGCV,Yes,Yes,Fiber optic,Yes,Yes,Yes,Yes,Yes,Yes,Full Protection
6563-VRERX,Yes,No,No,No internet service,No internet service,No internet service,No internet service,No internet service,No internet service,Partial Protection
0259-GBZSH,Yes,Yes,Fiber optic,No,No,No,No,Yes,No,No Protection
6122-EFVKN,No,No phone service,DSL,Yes,No,No,Yes,No,No,Partial Protection
2805-EDJPQ,Yes,Yes,Fiber optic,No,Yes,Yes,Yes,No,Yes,Partial Protection
6862-CQUMB,Yes,No,Fiber optic,No,Yes,No,No,Yes,Yes,Partial Protection
7156-MXBJE,Yes,Yes,DSL,No,Yes,Yes,Yes,Yes,Yes,Partial Protection
6158-HDPXZ,No,No phone service,DSL,No,No,No,No,No,No,No Protection
9601-BRXPO,Yes,Yes,Fiber optic,No,No,Yes,Yes,Yes,Yes,Partial Protection
2863-IMQDR,Yes,Yes,DSL,Yes,Yes,Yes,Yes,Yes,Yes,Full Protection
5686-CMAWK,Yes,Yes,Fiber optic,No,No,Yes,Yes,No,No,Partial Protection
5651-CRHKQ,Yes,No,Fiber optic,No,Yes,Yes,Yes,No,No,Partial Protection
6905-NIQIN,Yes,No,DSL,No,Yes,No,No,No,No,Partial Protection
8204-YJCLA,No,No phone service,DSL,Yes,Yes,Yes,Yes,Yes,Yes,Full Protection
5167-ZFFMM,Yes,Yes,Fiber optic,No,Yes,No,No,No,Yes,Partial Protection
6583-SZVGP,Yes,Yes,Fiber optic,No,Yes,Yes,No,Yes,Yes,Partial Protection
4895-TMWIR,Yes,No,No,No internet service,No internet service,No internet service,No internet service,No internet service,No internet service,Partial Protection
0533-BNWKF,Yes,Yes,Fiber optic,No,Yes,Yes,No,No,No,Partial Protection
1708-PBBOA,No,No phone service,DSL,Yes,Yes,Yes,Yes,No,Yes,Full Protection
8782-LKFPK,Yes,Yes,Fiber optic,No,No,Yes,No,No,Yes,Partial Protection
5522-JBWMO,Yes,No,DSL,No,No,No,No,No,No,No Protection
3597-MVHJT,Yes,Yes,Fiber optic,No,No,No,No,Yes,Yes,No Protection
9774-NRNAU,Yes,Yes,DSL,No,Yes,Yes,Yes,Yes,Yes,Partial Protection
0224-RLWWD,Yes,No,DSL,No,No,No,No,No,No,No Protection
9967-ATRFS,Yes,No,No,No internet service,No internet service,No internet service,No internet service,No internet service,No internet service,Partial Protection
3951-NJCVI,Yes,Yes,Fiber optic,No,No,No,No,Yes,Yes,No Protection
2977-CEBSX,Yes,Yes,DSL,Yes,Yes,Yes,Yes,Yes,Yes,Full Protection
0177-PXBAT,Yes,Yes,Fiber optic,Yes,No,Yes,Yes,Yes,Yes,Partial Protection
6599-CEBNN,Yes,No,Fiber optic,No,Yes,No,No,No,No,Partial Protection
2519-ERQOJ,No,No phone service,DSL,No,No,Yes,Yes,Yes,Yes,Partial Protection
5876-QMYLD,Yes,No,No,No internet service,No internet service,No internet service,No internet service,No internet service,No internet service,Partial Protection
2277-AXSDC,Yes,No,No,No internet service,No internet service,No internet service,No internet service,No internet service,No internet service,Partial Protection
9442-JTWDL,Yes,No,No,No internet service,No internet service,No internet service,No internet service,No internet service,No internet service,Partial Protection
0979-PHULV,Yes,Yes,Fiber optic,No,No,Yes,No,Yes,Yes,Partial Protection
3067-SVMTC,Yes,No,DSL,Yes,No,No,Yes,No,No,Partial Protection
5495-GPSRW,Yes,No,No,No internet service,No internet service,No internet service,No internet service,No internet service,No internet service,Partial Protection
7606-BPHHN,Yes,No,No,No internet service,No internet service,No internet service,No internet service,No internet service,No internet service,Partial Protection
4742-DRORA,Yes,Yes,Fiber optic,Yes,No,Yes,No,Yes,No,Partial Protection
0111-KLBQG,Yes,No,Fiber optic,No,Yes,No,No,Yes,Yes,Partial Protection
4800-VHZKI,Yes,No,No,No internet service,No internet service,No internet service,No internet service,No internet service,No internet service,Partial Protection
7989-CHGTL,Yes,No,No,No internet service,No internet service,No internet service,No internet service,No internet service,No internet service,Partial Protection
0334-GDDSO,Yes,Yes,Fiber optic,No,Yes,No,No,No,No,Partial Protection
4163-NCJAK,Yes,Yes,No,No internet service,No internet service,No internet service,No internet service,No internet service,No internet service,Partial Protection
5233-AOZUF,Yes,Yes,Fiber optic,No,No,No,No,No,No,No Protection
5973-EJGDP,Yes,Yes,Fiber optic,No,Yes,Yes,Yes,No,No,Partial Protection
1996-DBMUS,Yes,No,Fiber optic,No,No,No,No,No,No,No Protection
7916-VCCPB,Yes,No,Fiber optic,No,Yes,No,No,No,No,Partial Protection
4686-GEFRM,Yes,Yes,Fiber optic,No,Yes,Yes,Yes,No,Yes,Partial Protection
5249-QYHEX,Yes,Yes,No,No internet service,No internet service,No internet service,No internet service,No internet service,No internet service,Partial Protection
0578-SKVMF,Yes,No,Fiber optic,No,Yes,No,No,No,Yes,Partial Protection
5564-NEMQO,Yes,No,Fiber optic,No,No,Yes,No,No,No,Partial Protection
2233-FAGXV,Yes,Yes,No,No internet service,No internet service,No internet service,No internet service,No internet service,No internet service,Partial Protection
5605-IYGFG,Yes,No,Fiber optic,No,No,No,No,No,No,No Protection
7663-ZTEGJ,Yes,Yes,Fiber optic,No,Yes,Yes,Yes,No,Yes,Partial Protection
3935-TBRZZ,Yes,Yes,No,No internet service,No internet service,No internet service,No internet service,No internet service,No internet service,Partial Protection
8111-BKVDS,No,No phone service,DSL,Yes,Yes,Yes,No,No,No,Partial Protection
2055-SIFSS,Yes,Yes,DSL,No,No,No,No,No,No,No Protection
2806-MLNTI,Yes,Yes,Fiber optic,No,Yes,Yes,No,Yes,Yes,Partial Protection
8734-DKSTZ,Yes,Yes,Fiber optic,No,No,No,No,No,Yes,No Protection
4360-PNRQB,Yes,Yes,Fiber optic,No,No,No,No,No,No,No Protection
6152-ONASV,Yes,Yes,DSL,Yes,No,No,Yes,No,No,Partial Protection
9063-ZGTUY,Yes,No,No,No internet service,No internet service,No internet service,No internet service,No internet service,No internet service,Partial Protection
7781-HVGMK,No,No phone service,DSL,Yes,Yes,Yes,Yes,Yes,Yes,Full Protection
2181-UAESM,Yes,No,DSL,Yes,No,Yes,No,No,No,Partial Protection
2957-LOLHO,Yes,No,DSL,No,No,No,No,No,No,No Protection
6048-NJXHX,Yes,No,No,No internet service,No internet service,No internet service,No internet service,No internet service,No internet service,Partial Protection
2320-SLKMB,No,No phone service,DSL,No,No,Yes,Yes,Yes,No,Partial Protection
4980-URKXC,Yes,No,No,No internet service,No internet service,No internet service,No internet service,No internet service,No internet service,Partial Protection
4376-KFVRS,Yes,Yes,Fiber optic,Yes,Yes,Yes,Yes,Yes,Yes,Full Protection
5886-VLQVU,Yes,Yes,Fiber optic,No,No,No,Yes,No,Yes,Partial Protection
3577-AMVUX,Yes,No,DSL,No,No,Yes,Yes,No,No,Partial Protection
0771-WLCLA,Yes,Yes,Fiber optic,Yes,No,Yes,Yes,Yes,Yes,Partial Protection
5628-RKIFK,Yes,Yes,Fiber optic,Yes,No,No,No,Yes,Yes,Partial Protection
0206-TBWLC,Yes,Yes,Fiber optic,Yes,Yes,Yes,Yes,Yes,Yes,Full Protection
2937-FTHUR,Yes,Yes,DSL,Yes,No,No,No,No,Yes,Partial Protection
1910-FMXJM,Yes,No,Fiber optic,No,No,No,No,No,Yes,No Protection
7752-XUSCI,Yes,Yes,Fiber optic,No,Yes,Yes,No,Yes,Yes,Partial Protection
4110-PFEUZ,Yes,No,Fiber optic,No,No,No,No,No,No,No Protection
0732-OCQOC,Yes,Yes,No,No internet service,No internet service,No internet service,No internet service,No internet service,No internet service,Partial Protection
5168-MSWXT,Yes,No,Fiber optic,No,No,Yes,No,Yes,Yes,Partial Protection
1090-ESELR,Yes,No,Fiber optic,Yes,Yes,No,Yes,Yes,Yes,Partial Protection
8592-PLTMQ,Yes,Yes,No,No internet service,No internet service,No internet service,No internet service,No internet service,No internet service,Partial Protection
5760-WRAHC,Yes,No,DSL,Yes,No,Yes,Yes,No,Yes,Partial Protection
8847-GEOOQ,No,No phone service,DSL,No,Yes,Yes,Yes,Yes,Yes,Partial Protection
0256-LTHVJ,Yes,No,Fiber optic,No,No,No,No,No,Yes,No Protection
4785-FCIFB,Yes,Yes,No,No internet service,No internet service,No internet service,No internet service,No internet service,No internet service,Partial Protection
8313-NDOIA,Yes,Yes,Fiber optic,No,Yes,Yes,No,Yes,Yes,Partial Protection
5149-CUZUJ,Yes,No,Fiber optic,No,Yes,Yes,Yes,Yes,No,Partial Protection
0942-KOWSM,Yes,No,DSL,No,Yes,Yes,Yes,Yes,Yes,Partial Protection
4237-CLSMM,Yes,No,No,No internet service,No internet service,No internet service,No internet service,No internet service,No internet service,Partial Protection
1452-VOQCH,Yes,Yes,Fiber optic,No,No,No,No,No,No,No Protection
4719-UMSIY,Yes,No,No,No internet service,No internet service,No internet service,No internet service,No internet service,No internet service,Partial Protection
6614-VBEGU,Yes,No,DSL,No,Yes,No,No,Yes,Yes,Partial Protection
0880-TKATG,Yes,Yes,Fiber optic,No,No,Yes,No,Yes,Yes,Partial Protection
3811-VBYBZ,Yes,Yes,Fiber optic,No,Yes,No,No,Yes,Yes,Partial Protection
1480-BKXGA,Yes,Yes,Fiber optic,Yes,Yes,Yes,Yes,Yes,Yes,Full Protection
2996-XAUVF,No,No phone service,DSL,No,No,No,Yes,No,Yes,Partial Protection
9076-AXYIK,Yes,Yes,Fiber optic,No,No,Yes,Yes,Yes,Yes,Partial Protection
5968-XQIVE,Yes,Yes,Fiber optic,No,Yes,No,No,Yes,No,Partial Protection
8896-RAZCR,Yes,No,No,No internet service,No internet service,No internet service,No internet service,No internet service,No internet service,Partial Protection
4640-UHDOS,Yes,No,DSL,No,No,No,No,No,Yes,No Protection
4933-IKULF,Yes,No,No,No internet service,No internet service,No internet service,No internet service,No internet service,No internet service,Partial Protection
3583-EKAPL,Yes,No,DSL,No,No,No,No,No,Yes,No Protection
1304-BCCFO,Yes,No,DSL,No,No,Yes,No,Yes,Yes,Partial Protection
4104-PVRPS,Yes,No,DSL,Yes,No,No,Yes,No,No,Partial Protection
9399-APLBT,Yes,No,Fiber optic,No,Yes,No,No,No,No,Partial Protection
2359-KMGLI,Yes,Yes,Fiber optic,No,Yes,No,No,No,No,Partial Protection
3780-DDGSE,Yes,No,DSL,No,Yes,No,Yes,Yes,Yes,Partial Protection
4431-EDMIQ,Yes,No,DSL,Yes,Yes,Yes,Yes,Yes,No,Full Protection
0306-JAELE,Yes,No,Fiber optic,No,No,No,Yes,Yes,Yes,Partial Protection
6227-HWPWX,Yes,No,Fiber optic,No,No,No,No,No,No,No Protection
0486-LGCCH,Yes,No,No,No internet service,No internet service,No internet service,No internet service,No internet service,No internet service,Partial Protection
0447-BEMNG,No,No phone service,DSL,Yes,No,Yes,No,No,Yes,Partial Protection
4612-SSVHJ,Yes,No,Fiber optic,No,No,No,No,No,Yes,No Protection
5168-MQQCA,Yes,Yes,Fiber optic,No,Yes,Yes,Yes,Yes,Yes,Partial Protection
5949-XIKAE,Yes,No,Fiber optic,No,Yes,No,No,Yes,No,Partial Protection
7971-HLVXI,Yes,Yes,Fiber optic,No,No,No,No,No,Yes,No Protection
9094-AZPHK,Yes,Yes,Fiber optic,No,Yes,No,No,Yes,Yes,Partial Protection
3649-JPUGY,Yes,Yes,DSL,No,Yes,Yes,Yes,Yes,Yes,Partial Protection
4472-LVYGI,No,No phone service,DSL,Yes,No,Yes,Yes,Yes,No,Partial Protection
8372-JUXUI,Yes,Yes,Fiber optic,No,No,No,No,No,No,No Protection
3552-CTCYF,Yes,Yes,Fiber optic,No,Yes,Yes,No,Yes,Yes,Partial Protection
6778-YSNIH,Yes,No,DSL,No,Yes,No,No,Yes,No,Partial Protection
0388-EOPEX,Yes,No,Fiber optic,Yes,No,No,No,No,No,Partial Protection
5756-OZRIO,Yes,Yes,DSL,No,Yes,No,No,No,Yes,Partial Protection
6579-JPICP,Yes,No,No,No internet service,No internet service,No internet service,No internet service,No internet service,No internet service,Partial Protection
8205-OTCHB,No,No phone service,DSL,No,Yes,Yes,No,No,Yes,Partial Protection
4134-BSXLX,Yes,No,DSL,Yes,Yes,No,Yes,No,No,Partial Protection
0505-SPOOW,Yes,No,No,No internet service,No internet service,No internet service,No internet service,No internet service,No internet service,Partial Protection
6235-VDHOM,No,No phone service,DSL,No,Yes,No,No,No,No,Partial Protection
7783-YKGDV,Yes,Yes,Fiber optic,Yes,Yes,Yes,No,No,Yes,Partial Protection
4374-YMUSQ,Yes,Yes,Fiber optic,Yes,Yes,Yes,Yes,Yes,Yes,Full Protection
4513-CXYIX,Yes,Yes,Fiber optic,Yes,No,No,No,No,No,Partial Protection
3957-HHLMR,Yes,Yes,DSL,Yes,No,No,No,No,Yes,Partial Protection
7803-XOCCZ,Yes,No,Fiber optic,Yes,No,Yes,Yes,No,No,Partial Protection
5736-YEJAX,Yes,Yes,DSL,Yes,Yes,Yes,Yes,Yes,No,Full Protection
5609-CEBID,Yes,Yes,Fiber optic,No,Yes,Yes,No,No,Yes,Partial Protection
8981-FJGLA,Yes,Yes,Fiber optic,No,No,Yes,No,No,No,Partial Protection
7218-HKQFK,Yes,No,Fiber optic,No,No,No,Yes,Yes,Yes,Partial Protection
4636-QRJKY,Yes,Yes,Fiber optic,No,No,No,Yes,No,No,Partial Protection
1135-LMECX,Yes,No,No,No internet service,No internet service,No internet service,No internet service,No internet service,No internet service,Partial Protection
4332-MUOEZ,Yes,No,Fiber optic,Yes,No,Yes,Yes,No,Yes,Partial Protection
8535-SFUTN,Yes,Yes,Fiber optic,Yes,No,Yes,No,Yes,Yes,Partial Protection
5956-VKDTT,Yes,Yes,Fiber optic,No,No,No,No,No,No,No Protection
8677-HDZEE,Yes,Yes,Fiber optic,No,Yes,No,Yes,Yes,Yes,Partial Protection
2475-MROZF,Yes,Yes,Fiber optic,Yes,Yes,Yes,Yes,No,No,Full Protection
9412-GHEEC,Yes,Yes,Fiber optic,No,No,Yes,Yes,Yes,Yes,Partial Protection
3482-ABPKK,Yes,No,DSL,Yes,No,No,Yes,No,No,Partial Protection
6705-LXORM,Yes,No,Fiber optic,No,No,No,No,No,No,No Protection
0257-ZESQC,Yes,No,Fiber optic,Yes,No,No,No,No,No,Partial Protection
7531-GQHME,Yes,No,No,No internet service,No internet service,No internet service,No internet service,No internet service,No internet service,Partial Protection
5174-ITUMV,Yes,Yes,Fiber optic,No,Yes,Yes,No,Yes,Yes,Partial Protection
4109-CYRBD,Yes,Yes,DSL,No,No,No,No,No,No,No Protection
0913-XWSCN,Yes,Yes,Fiber optic,No,No,No,No,No,Yes,No Protection
6825-UYPFK,Yes,Yes,Fiber optic,No,No,No,No,No,No,No Protection
8397-MVTAZ,Yes,Yes,Fiber optic,No,No,Yes,No,Yes,Yes,Partial Protection
0750-EBAIU,Yes,No,Fiber optic,Yes,No,Yes,No,Yes,No,Partial Protection
8606-CIQUL,Yes,Yes,Fiber optic,Yes,Yes,Yes,Yes,Yes,Yes,Full Protection
3571-DPYUH,Yes,Yes,Fiber optic,No,Yes,No,Yes,Yes,No,Partial Protection
7601-GNDYK,Yes,No,No,No internet service,No internet service,No internet service,No internet service,No internet service,No internet service,Partial Protection
0356-OBMAC,Yes,Yes,Fiber optic,No,Yes,Yes,Yes,Yes,No,Partial Protection
8067-NIOYM,Yes,No,No,No internet service,No internet service,No internet service,No internet service,No internet service,No internet service,Partial Protection
1403-GYAFU,Yes,No,No,No internet service,No internet service,No internet service,No internet service,No internet service,No internet service,Partial Protection
4234-XTNEA,Yes,No,Fiber optic,No,No,No,No,Yes,No,No Protection
1297-VQDRP,Yes,Yes,Fiber optic,No,No,Yes,Yes,Yes,Yes,Partial Protection
9282-IZGQK,Yes,Yes,Fiber optic,No,No,No,No,No,Yes,No Protection
5348-CAGXB,Yes,Yes,Fiber optic,No,No,Yes,No,Yes,No,Partial Protection
0621-HJWXJ,Yes,Yes,Fiber optic,No,Yes,No,No,No,No,Partial Protection
5844-QVTAT,Yes,No,DSL,Yes,Yes,Yes,No,No,No,Partial Protection
8905-IAZPF,Yes,No,Fiber optic,No,Yes,No,No,Yes,Yes,Partial Protection
5394-MEITZ,Yes,No,DSL,No,Yes,Yes,Yes,Yes,Yes,Partial Protection
6859-QNXIQ,Yes,Yes,Fiber optic,Yes,Yes,Yes,Yes,Yes,Yes,Full Protection
2782-LFZVW,Yes,Yes,DSL,No,No,No,No,No,Yes,No Protection
2866-IKBTM,Yes,No,No,No internet service,No internet service,No internet service,No internet service,No internet service,No internet service,Partial Protection
1342-JPNKI,Yes,Yes,Fiber optic,No,No,No,No,Yes,No,No Protection
2817-NTQDO,No,No phone service,DSL,Yes,No,No,Yes,Yes,No,Partial Protection
7129-AZJDE,Yes,No,Fiber optic,No,No,No,No,No,Yes,No Protection
6986-IJDHX,Yes,No,Fiber optic,No,Yes,No,No,Yes,No,Partial Protection
2560-PPCHE,Yes,Yes,Fiber optic,No,Yes,No,Yes,Yes,Yes,Partial Protection
4676-MQUEA,Yes,Yes,Fiber optic,Yes,Yes,Yes,No,Yes,No,Partial Protection
8138-EALND,Yes,No,No,No internet service,No internet service,No internet service,No internet service,No internet service,No internet service,Partial Protection
3580-HYCSP,Yes,Yes,Fiber optic,Yes,Yes,Yes,No,Yes,Yes,Partial Protection
1352-HNSAW,Yes,Yes,Fiber optic,Yes,Yes,Yes,Yes,Yes,Yes,Full Protection
2075-PUEPR,Yes,No,No,No internet service,No internet service,No internet service,No internet service,No internet service,No internet service,Partial Protection
1982-FEBTD,Yes,Yes,No,No internet service,No internet service,No internet service,No internet service,No internet service,No internet service,Partial Protection
5301-GAUUY,Yes,Yes,Fiber optic,No,Yes,No,No,No,No,Partial Protection
5791-KAJFD,Yes,Yes,DSL,Yes,No,Yes,No,No,Yes,Partial Protection
2654-VBVPB,Yes,No,No,No internet service,No internet service,No internet service,No internet service,No internet service,No internet service,Partial Protection
1154-HYWWO,Yes,No,DSL,Yes,Yes,No,Yes,Yes,No,Partial Protection
2501-XWWTZ,Yes,No,Fiber optic,No,No,No,No,No,No,No Protection
3716-UVSPD,Yes,No,DSL,No,No,No,Yes,No,No,Partial Protection
6815-ABQFQ,Yes,Yes,Fiber optic,No,Yes,No,Yes,Yes,Yes,Partial Protection
7343-EOBEU,Yes,Yes,No,No internet service,No internet service,No internet service,No internet service,No internet service,No internet service,Partial Protection
3701-SFMUH,Yes,No,DSL,Yes,No,No,No,Yes,Yes,Partial Protection
6103-LIANB,Yes,Yes,Fiber optic,No,No,Yes,No,Yes,Yes,Partial Protection
7319-VENRZ,Yes,No,DSL,No,No,Yes,Yes,Yes,No,Partial Protection
5846-NEQVZ,Yes,No,DSL,Yes,No,Yes,Yes,No,Yes,Partial Protection
6967-QIQRV,Yes,No,Fiber optic,Yes,No,No,Yes,Yes,Yes,Partial Protection
5781-RFZRP,Yes,Yes,DSL,Yes,Yes,No,Yes,Yes,No,Partial Protection
0939-YAPAF,Yes,Yes,Fiber optic,No,No,Yes,No,Yes,Yes,Partial Protection
0308-IVGOK,No,No phone service,DSL,No,Yes,Yes,Yes,No,No,Partial Protection
7293-LSCDV,Yes,No,No,No internet service,No internet service,No internet service,No internet service,No internet service,No internet service,Partial Protection
7025-WCBNE,Yes,Yes,DSL,No,Yes,No,Yes,No,No,Partial Protection
5756-JYOJT,Yes,No,DSL,No,No,Yes,Yes,No,Yes,Partial Protection
4710-FDUIZ,Yes,Yes,Fiber optic,No,Yes,No,No,Yes,Yes,Partial Protection
6030-REHUX,Yes,Yes,Fiber optic,No,Yes,Yes,Yes,Yes,Yes,Partial Protection
9548-LIGTA,Yes,No,DSL,Yes,Yes,No,Yes,Yes,Yes,Partial Protection
5150-LJNSR,Yes,Yes,Fiber optic,Yes,No,Yes,No,Yes,No,Partial Protection
8270-RKSAP,Yes,No,Fiber optic,No,No,No,No,No,No,No Protection
6522-YRBXD,Yes,Yes,Fiber optic,Yes,Yes,No,No,No,Yes,Partial Protection
2640-LYMOV,Yes,No,No,No internet service,No internet service,No internet service,No internet service,No internet service,No internet service,Partial Protection
1218-VKFPE,Yes,No,No,No internet service,No internet service,No internet service,No internet service,No internet service,No internet service,Partial Protection
3627-FHKBK,Yes,No,Fiber optic,Yes,No,No,No,No,No,Partial Protection
2865-TCHJW,Yes,Yes,Fiber optic,No,No,Yes,No,Yes,No,Partial Protection
1423-BMPBQ,Yes,No,No,No internet service,No internet service,No internet service,No internet service,No internet service,No internet service,Partial Protection
2393-DIVAI,Yes,No,No,No internet service,No internet service,No internet service,No internet service,No internet service,No internet service,Partial Protection
5192-EBGOV,Yes,Yes,Fiber optic,No,No,No,No,Yes,No,No Protection
4568-KNYWR,Yes,No,DSL,Yes,Yes,No,No,Yes,No,Partial Protection
8752-IMQOS,Yes,No,No,No internet service,No internet service,No internet service,No internet service,No internet service,No internet service,Partial Protection
0742-LAFQK,Yes,Yes,Fiber optic,Yes,Yes,Yes,No,No,Yes,Partial Protection
0795-LAFGP,Yes,Yes,DSL,Yes,Yes,Yes,Yes,Yes,Yes,Full Protection
0619-OLYUR,Yes,Yes,Fiber optic,Yes,No,Yes,Yes,Yes,Yes,Partial Protection
5512-IDZEI,Yes,Yes,No,No internet service,No internet service,No internet service,No internet service,No internet service,No internet service,Partial Protection
0459-SPZHJ,Yes,Yes,DSL,Yes,Yes,Yes,No,Yes,Yes,Partial Protection
0215-BQKGS,Yes,No,Fiber optic,Yes,Yes,Yes,No,No,No,Partial Protection
9244-ZVAPM,Yes,No,DSL,No,No,No,No,No,No,No Protection
0719-SYFRB,Yes,Yes,DSL,Yes,No,Yes,Yes,No,No,Partial Protection
8208-EUMTE,No,No phone service,DSL,Yes,Yes,Yes,Yes,Yes,No,Full Protection
5172-MIGPM,Yes,Yes,DSL,No,No,No,Yes,No,Yes,Partial Protection
1710-RCXUS,Yes,Yes,Fiber optic,No,Yes,No,No,No,Yes,Partial Protection
0374-FIUCA,Yes,No,No,No internet service,No internet service,No internet service,No internet service,No internet service,No internet service,Partial Protection
5839-SUYVZ,Yes,No,Fiber optic,No,No,No,Yes,No,No,Partial Protection
5173-ZXXXL,Yes,No,No,No internet service,No internet service,No internet service,No internet service,No internet service,No internet service,Partial Protection
1096-ADRUX,Yes,Yes,Fiber optic,No,No,No,No,No,No,No Protection
2001-MCUUW,Yes,Yes,Fiber optic,No,Yes,Yes,Yes,Yes,Yes,Partial Protection
2731-GJRDG,Yes,Yes,Fiber optic,Yes,No,Yes,Yes,Yes,Yes,Partial Protection
4723-BEGSG,Yes,Yes,DSL,Yes,No,Yes,Yes,Yes,Yes,Partial Protection
6516-NKQBO,Yes,No,DSL,Yes,No,Yes,Yes,Yes,Yes,Partial Protection
8672-OAUPW,Yes,No,DSL,No,No,No,Yes,No,No,Partial Protection
8207-DMRVL,Yes,Yes,Fiber optic,Yes,Yes,Yes,Yes,Yes,Yes,Full Protection
3419-SNJJD,Yes,Yes,Fiber optic,Yes,No,Yes,No,Yes,Yes,Partial Protection
6543-CPZMK,No,No phone service,DSL,No,Yes,No,No,No,No,Partial Protection
4765-OXPPD,Yes,No,DSL,Yes,Yes,Yes,Yes,No,No,Full Protection
2804-ETQDK,Yes,No,No,No internet service,No internet service,No internet service,No internet service,No internet service,No internet service,Partial Protection
6689-VRRTK,Yes,Yes,Fiber optic,Yes,Yes,Yes,No,Yes,Yes,Partial Protection
7138-GIRSH,Yes,Yes,DSL,No,No,Yes,Yes,No,Yes,Partial Protection
9396-ZSFLL,Yes,Yes,DSL,No,No,No,No,No,No,No Protection
6464-KEXXH,No,No phone service,DSL,No,No,No,No,No,No,No Protection
7134-MJPDY,Yes,Yes,Fiber optic,No,No,Yes,Yes,Yes,Yes,Partial Protection
5240-CAOYT,Yes,Yes,Fiber optic,Yes,Yes,No,Yes,No,No,Partial Protection
4059-IIEBK,Yes,Yes,Fiber optic,No,Yes,No,No,No,No,Partial Protection
4881-JVQOD,No,No phone service,DSL,No,No,No,No,No,Yes,No Protection
0516-UXRMT,Yes,Yes,Fiber optic,Yes,Yes,Yes,No,No,No,Partial Protection
4851-BQDNX,Yes,No,Fiber optic,No,No,Yes,No,Yes,No,Partial Protection
5148-HKFIR,Yes,No,No,No internet service,No internet service,No internet service,No internet service,No internet service,No internet service,Partial Protection
1009-IRMNA,Yes,No,No,No internet service,No internet service,No internet service,No internet service,No internet service,No internet service,Partial Protection
3003-CMDUU,Yes,No,Fiber optic,No,No,No,Yes,Yes,Yes,Partial Protection
5016-IBERQ,Yes,Yes,Fiber optic,No,Yes,Yes,No,No,No,Partial Protection
6797-UCJHZ,Yes,Yes,Fiber optic,No,Yes,Yes,No,Yes,Yes,Partial Protection
2469-DTSGX,Yes,Yes,Fiber optic,No,Yes,Yes,Yes,Yes,Yes,Partial Protection
4554-YGZIH,Yes,Yes,Fiber optic,No,Yes,No,No,No,Yes,Partial Protection
5099-BAILX,Yes,Yes,Fiber optic,No,Yes,Yes,Yes,Yes,Yes,Partial Protection
9931-KGHOA,Yes,Yes,DSL,Yes,No,No,No,No,No,Partial Protection
1775-KWJKQ,Yes,Yes,DSL,Yes,Yes,Yes,Yes,Yes,Yes,Full Protection
7665-VIGUD,Yes,No,No,No internet service,No internet service,No internet service,No internet service,No internet service,No internet service,Partial Protection
9411-TPQQV,No,No phone service,DSL,Yes,No,No,Yes,Yes,Yes,Partial Protection
7207-RMRDB,Yes,Yes,Fiber optic,No,Yes,Yes,No,Yes,Yes,Partial Protection
7954-MLBUN,Yes,No,Fiber optic,No,No,Yes,Yes,Yes,Yes,Partial Protection
2077-DDHJK,Yes,Yes,DSL,Yes,Yes,Yes,Yes,No,No,Full Protection
4913-EHYUI,Yes,Yes,Fiber optic,Yes,No,Yes,No,Yes,Yes,Partial Protection
0195-IESCP,Yes,Yes,Fiber optic,No,No,No,No,No,Yes,No Protection
9574-BOSMD,Yes,Yes,No,No internet service,No internet service,No internet service,No internet service,No internet service,No internet service,Partial Protection
4580-TMHJU,Yes,No,DSL,No,No,No,No,Yes,No,No Protection
0970-ETWGE,Yes,No,Fiber optic,No,No,No,No,Yes,Yes,No Protection
4908-XAXAY,Yes,No,Fiber optic,No,Yes,Yes,No,No,Yes,Partial Protection
8404-VLQFB,Yes,Yes,No,No internet service,No internet service,No internet service,No internet service,No internet service,No internet service,Partial Protection
1626-ERCMM,Yes,Yes,Fiber optic,No,No,No,No,Yes,Yes,No Protection
0887-HJGAR,Yes,No,DSL,No,No,No,No,No,No,No Protection
2391-IPLOP,Yes,Yes,DSL,No,No,Yes,Yes,Yes,No,Partial Protection
5644-PDMZC,Yes,Yes,Fiber optic,No,Yes,No,No,No,Yes,Partial Protection
3509-GWQGF,Yes,No,Fiber optic,No,No,No,No,No,No,No Protection
9576-ANLXO,Yes,No,Fiber optic,No,No,No,No,No,No,No Protection
2024-BASKD,Yes,No,Fiber optic,No,No,Yes,No,No,No,Partial Protection
5845-BZZIB,Yes,No,No,No internet service,No internet service,No internet service,No internet service,No internet service,No internet service,Partial Protection
1140-UKVZG,Yes,Yes,No,No internet service,No internet service,No internet service,No internet service,No internet service,No internet service,Partial Protection
4160-AMJTL,Yes,No,No,No internet service,No internet service,No internet service,No internet service,No internet service,No internet service,Partial Protection
5183-SNMJQ,Yes,No,Fiber optic,No,No,No,Yes,Yes,Yes,Partial Protection
8100-PNJMH,Yes,Yes,DSL,Yes,Yes,Yes,Yes,Yes,Yes,Full Protection
7838-LAZFO,Yes,No,DSL,Yes,Yes,Yes,No,Yes,Yes,Partial Protection
4464-JCOLN,Yes,No,No,No internet service,No internet service,No internet service,No internet service,No internet service,No internet service,Partial Protection
2085-JVGAD,Yes,No,No,No internet service,No internet service,No internet service,No internet service,No internet service,No internet service,Partial Protection
5650-VDUDS,No,No phone service,DSL,No,No,No,No,No,No,No Protection
8095-WANWK,Yes,No,DSL,No,No,No,No,No,No,No Protection
3030-ZKIWL,Yes,No,No,No internet service,No internet service,No internet service,No internet service,No internet service,No internet service,Partial Protection
9565-FLVCG,Yes,Yes,DSL,Yes,Yes,No,No,No,Yes,Partial Protection
8755-OGKNA,Yes,No,No,No internet service,No internet service,No internet service,No internet service,No internet service,No internet service,Partial Protection
2800-VEQXM,Yes,No,Fiber optic,No,No,Yes,No,No,No,Partial Protection
7538-GWHML,Yes,No,Fiber optic,No,No,No,No,No,No,No Protection
5533-RJFTJ,No,No phone service,DSL,No,No,Yes,No,No,No,Partial Protection
3859-CVCET,Yes,No,DSL,No,No,No,No,No,No,No Protection
0214-JHPFW,No,No phone service,DSL,No,Yes,Yes,Yes,Yes,Yes,Partial Protection
5642-MHDQT,Yes,No,No,No internet service,No internet service,No internet service,No internet service,No internet service,No internet service,Partial Protection
3088-FVYWK,Yes,Yes,No,No internet service,No internet service,No internet service,No internet service,No internet service,No internet service,Partial Protection
3276-HDUEG,Yes,Yes,Fiber optic,No,No,No,No,No,No,No Protection
9092-GDZKO,Yes,Yes,No,No internet service,No internet service,No internet service,No internet service,No internet service,No internet service,Partial Protection
0823-HSCDJ,No,No phone service,DSL,No,Yes,No,No,Yes,Yes,Partial Protection
3729-OWRVL,Yes,Yes,Fiber optic,Yes,No,Yes,Yes,Yes,Yes,Partial Protection
2324-AALNO,Yes,Yes,No,No internet service,No internet service,No internet service,No internet service,No internet service,No internet service,Partial Protection
0822-GAVAP,No,No phone service,DSL,No,No,No,No,No,Yes,No Protection
5760-IFJOZ,Yes,Yes,Fiber optic,No,Yes,Yes,No,Yes,Yes,Partial Protection
2826-UWHIS,Yes,Yes,Fiber optic,No,Yes,No,No,No,No,Partial Protection
1448-PWKYE,Yes,No,Fiber optic,No,No,No,No,No,Yes,No Protection
7501-IWUNG,Yes,No,DSL,No,No,Yes,Yes,Yes,Yes,Partial Protection
4957-TREIR,Yes,No,DSL,Yes,No,No,Yes,Yes,No,Partial Protection
7251-LJBQN,Yes,Yes,Fiber optic,No,No,Yes,Yes,Yes,Yes,Partial Protection
8040-MNRTF,Yes,No,Fiber optic,No,No,No,No,No,No,No Protection
1536-HBSWP,Yes,No,DSL,No,No,No,Yes,No,No,Partial Protection
5313-FPXWG,Yes,Yes,No,No internet service,No internet service,No internet service,No internet service,No internet service,No internet service,Partial Protection
0067-DKWBL,Yes,No,DSL,Yes,No,No,No,No,No,Partial Protection
0946-FKYTX,No,No phone service,DSL,No,Yes,No,No,No,No,Partial Protection
5076-YVXCM,Yes,Yes,Fiber optic,No,No,No,No,No,Yes,No Protection
8262-COGGB,Yes,No,No,No internet service,No internet service,No internet service,No internet service,No internet service,No internet service,Partial Protection
6663-JOCQO,Yes,Yes,DSL,Yes,Yes,No,Yes,No,Yes,Partial Protection
9620-QJREV,Yes,No,No,No internet service,No internet service,No internet service,No internet service,No internet service,No internet service,Partial Protection
2276-YDAVZ,Yes,Yes,Fiber optic,No,No,No,No,No,No,No Protection
2682-KEVRP,Yes,No,No,No internet service,No internet service,No internet service,No internet service,No internet service,No internet service,Partial Protection
2480-JZOSN,Yes,No,No,No internet service,No internet service,No internet service,No internet service,No internet service,No internet service,Partial Protection
0078-XZMHT,Yes,Yes,DSL,No,Yes,Yes,Yes,Yes,Yes,Partial Protection
5896-NPFWW,Yes,No,DSL,No,No,Yes,No,No,No,Partial Protection
9978-HYCIN,Yes,No,Fiber optic,No,Yes,No,No,Yes,No,Partial Protection
8338-QIUNR,Yes,Yes,DSL,Yes,No,Yes,Yes,No,No,Partial Protection
1525-LNLOJ,Yes,Yes,DSL,No,No,Yes,No,Yes,No,Partial Protection
9450-TRJUU,Yes,Yes,Fiber optic,No,No,No,No,Yes,No,No Protection
1766-GKNMI,Yes,Yes,Fiber optic,No,No,No,No,No,Yes,No Protection
6942-LBFDP,Yes,No,No,No internet service,No internet service,No internet service,No internet service,No internet service,No internet service,Partial Protection
1456-TWCGB,Yes,No,DSL,No,Yes,No,No,No,No,Partial Protection
7133-VBDCG,Yes,No,Fiber optic,Yes,Yes,No,No,No,No,Partial Protection
7596-ZYWBB,Yes,No,DSL,Yes,Yes,No,Yes,No,No,Partial Protection
8329-UTMVM,Yes,Yes,Fiber optic,No,Yes,No,Yes,Yes,Yes,Partial Protection
3014-WJKSM,Yes,No,Fiber optic,No,No,Yes,No,No,No,Partial Protection
3347-YJZZE,Yes,Yes,DSL,No,Yes,Yes,No,Yes,Yes,Partial Protection
1029-QFBEN,Yes,No,No,No internet service,No internet service,No internet service,No internet service,No internet service,No internet service,Partial Protection
7929-DMBCV,Yes,No,Fiber optic,No,No,Yes,Yes,No,No,Partial Protection
9661-JALZV,Yes,Yes,No,No internet service,No internet service,No internet service,No internet service,No internet service,No internet service,Partial Protection
5433-KYGHE,Yes,Yes,Fiber optic,Yes,No,No,Yes,No,No,Partial Protection
4312-KFRXN,Yes,Yes,No,No internet service,No internet service,No internet service,No internet service,No internet service,No internet service,Partial Protection
5575-TPIZQ,Yes,Yes,Fiber optic,Yes,No,No,No,Yes,No,Partial Protection
0114-IGABW,No,No phone service,DSL,No,Yes,Yes,Yes,Yes,Yes,Partial Protection
9944-AEXBM,Yes,Yes,Fiber optic,No,No,No,No,No,Yes,No Protection
1853-ARAAQ,No,No phone service,DSL,No,No,Yes,No,Yes,Yes,Partial Protection
6952-OMNWB,Yes,Yes,Fiber optic,No,No,Yes,No,No,No,Partial Protection
4697-LUPSU,Yes,No,No,No internet service,No internet service,No internet service,No internet service,No internet service,No internet service,Partial Protection
8434-VGEQQ,Yes,No,No,No internet service,No internet service,No internet service,No internet service,No internet service,No internet service,Partial Protection
4952-YSOGZ,Yes,Yes,Fiber optic,No,No,No,No,No,Yes,No Protection
1589-AGTLK,Yes,No,DSL,No,No,No,No,No,No,No Protection
5244-IRFIH,Yes,Yes,Fiber optic,No,No,No,No,Yes,Yes,No Protection
6549-YMFAW,Yes,No,No,No internet service,No internet service,No internet service,No internet service,No internet service,No internet service,Partial Protection
4950-HKQTE,Yes,Yes,No,No internet service,No internet service,No internet service,No internet service,No internet service,No internet service,Partial Protection
6786-OBWQR,Yes,No,Fiber optic,No,No,No,No,Yes,No,No Protection
2684-EIWEO,Yes,Yes,Fiber optic,Yes,Yes,Yes,No,No,No,Partial Protection
2753-JMMCV,Yes,Yes,DSL,No,Yes,Yes,Yes,No,Yes,Partial Protection
6439-GTPCA,Yes,Yes,Fiber optic,No,No,Yes,Yes,No,No,Partial Protection
6621-YOBKI,Yes,No,No,No internet service,No internet service,No internet service,No internet service,No internet service,No internet service,Partial Protection
1216-JWVUX,Yes,No,Fiber optic,No,Yes,No,No,No,No,Partial Protection
7564-GHCVB,Yes,Yes,Fiber optic,Yes,No,No,No,No,No,Partial Protection
1173-NOEYG,Yes,Yes,Fiber optic,No,No,Yes,No,No,Yes,Partial Protection
7595-EHCDL,No,No phone service,DSL,No,No,Yes,No,Yes,Yes,Partial Protection
6647-ZEDXT,Yes,Yes,Fiber optic,No,Yes,Yes,Yes,Yes,Yes,Partial Protection
2521-NPUZR,Yes,No,Fiber optic,Yes,Yes,Yes,Yes,No,Yes,Full Protection
1307-TVUFB,Yes,Yes,Fiber optic,No,Yes,No,No,No,No,Partial Protection
7503-MIOGA,Yes,Yes,DSL,Yes,Yes,Yes,Yes,Yes,Yes,Full Protection
4381-MHQDC,Yes,Yes,DSL,Yes,No,Yes,Yes,No,No,Partial Protection
6923-JHPMP,Yes,No,Fiber optic,Yes,No,Yes,No,No,No,Partial Protection
5138-WVKYJ,Yes,Yes,Fiber optic,Yes,No,No,No,Yes,Yes,Partial Protection
4018-PPNDW,Yes,Yes,No,No internet service,No internet service,No internet service,No internet service,No internet service,No internet service,Partial Protection
1635-FJFCC,Yes,No,DSL,No,No,No,No,No,No,No Protection
2499-AJYUA,Yes,Yes,Fiber optic,No,Yes,Yes,Yes,Yes,Yes,Partial Protection
6919-ELBGL,Yes,Yes,Fiber optic,Yes,Yes,Yes,Yes,Yes,Yes,Full Protection
3966-HRMZA,Yes,No,Fiber optic,No,No,Yes,No,No,No,Partial Protection
6425-JWTDV,Yes,No,No,No internet service,No internet service,No internet service,No internet service,No internet service,No internet service,Partial Protection
8405-IGQFX,Yes,No,Fiber optic,No,No,Yes,Yes,Yes,No,Partial Protection
8224-IVVPA,Yes,No,DSL,Yes,Yes,No,No,No,No,Partial Protection
9477-LGWQI,Yes,No,DSL,Yes,Yes,Yes,No,Yes,Yes,Partial Protection
1410-RSCMR,Yes,No,DSL,Yes,No,Yes,Yes,No,Yes,Partial Protection
3115-CZMZD,Yes,No,No,No internet service,No internet service,No internet service,No internet service,No internet service,No internet service,Partial Protection
0139-IVFJG,Yes,No,Fiber optic,Yes,Yes,No,No,Yes,No,Partial Protection
6683-VLCTZ,Yes,Yes,Fiber optic,No,No,Yes,No,Yes,Yes,Partial Protection
5730-DBDSI,Yes,No,No,No internet service,No internet service,No internet service,No internet service,No internet service,No internet service,Partial Protection
0030-FNXPP,Yes,No,No,No internet service,No internet service,No internet service,No internet service,No internet service,No internet service,Partial Protection
2189-WWOEW,Yes,No,Fiber optic,No,Yes,No,No,No,Yes,Partial Protection
5684-FJVYR,Yes,Yes,Fiber optic,Yes,Yes,No,Yes,No,No,Partial Protection
4013-GUXND,Yes,No,No,No internet service,No internet service,No internet service,No internet service,No internet service,No internet service,Partial Protection
1894-IGFSG,Yes,No,Fiber optic,No,No,No,No,Yes,Yes,No Protection
7379-POKDZ,Yes,No,Fiber optic,No,No,No,No,No,No,No Protection
1266-NZYUI,Yes,Yes,DSL,Yes,No,Yes,Yes,No,No,Partial Protection
7969-FFOWG,Yes,No,No,No internet service,No internet service,No internet service,No internet service,No internet service,No internet service,Partial Protection
4718-DHSMV,No,No phone service,DSL,No,No,No,No,Yes,No,No Protection
5175-WLYXL,Yes,Yes,Fiber optic,No,Yes,No,No,No,No,Partial Protection
7817-OMJNA,Yes,No,No,No internet service,No internet service,No internet service,No internet service,No internet service,No internet service,Partial Protection
8728-SKJLR,Yes,No,Fiber optic,No,No,No,Yes,No,No,Partial Protection
3137-NYQQI,Yes,No,DSL,Yes,Yes,No,No,No,Yes,Partial Protection
7706-DZNKK,Yes,No,No,No internet service,No internet service,No internet service,No internet service,No internet service,No internet service,Partial Protection
0236-HFWSV,Yes,Yes,Fiber optic,No,No,No,No,Yes,Yes,No Protection
3900-AQPHZ,Yes,No,No,No internet service,No internet service,No internet service,No internet service,No internet service,No internet service,Partial Protection
5842-POCOP,Yes,No,Fiber optic,Yes,No,Yes,No,No,Yes,Partial Protection
2037-XJFUP,Yes,No,Fiber optic,No,No,Yes,No,Yes,Yes,Partial Protection
8823-RLPWL,Yes,Yes,Fiber optic,Yes,Yes,Yes,No,Yes,Yes,Partial Protection
9505-SQFSW,No,No phone service,DSL,No,Yes,No,No,No,Yes,Partial Protection
7314-OXENN,Yes,Yes,Fiber optic,No,Yes,No,No,No,No,Partial Protection
3758-CKOQL,Yes,Yes,Fiber optic,Yes,Yes,Yes,Yes,No,Yes,Full Protection
0322-CHQRU,Yes,No,DSL,No,No,No,No,No,No,No Protection
5676-CFLYY,Yes,No,DSL,No,Yes,No,Yes,Yes,Yes,Partial Protection
7521-AFHAB,Yes,No,DSL,No,No,No,No,No,No,No Protection
0285-INHLN,Yes,No,DSL,Yes,Yes,No,No,No,No,Partial Protection
4678-DVQEO,Yes,No,DSL,No,No,No,Yes,No,No,Partial Protection
5125-CNDSP,No,No phone service,DSL,Yes,Yes,No,Yes,No,No,Partial Protection
0691-IFBQW,Yes,Yes,Fiber optic,Yes,Yes,Yes,No,Yes,Yes,Partial Protection
4992-LTJNE,Yes,Yes,DSL,Yes,No,No,No,No,No,Partial Protection
2202-OUTMO,Yes,Yes,DSL,Yes,No,No,Yes,No,No,Partial Protection
0810-BDHAW,Yes,Yes,DSL,Yes,Yes,No,No,Yes,Yes,Partial Protection
0229-LFJAF,Yes,Yes,DSL,Yes,Yes,Yes,Yes,No,No,Full Protection
7131-ZQZNK,No,No phone service,DSL,Yes,No,Yes,Yes,Yes,Yes,Partial Protection
3442-ZHHCC,Yes,Yes,DSL,Yes,Yes,Yes,No,No,Yes,Partial Protection
5726-CVNYA,Yes,No,No,No internet service,No internet service,No internet service,No internet service,No internet service,No internet service,Partial Protection
9871-ELEYA,Yes,No,DSL,Yes,No,Yes,Yes,Yes,No,Partial Protection
4257-GAESD,No,No phone service,DSL,No,No,No,No,Yes,Yes,No Protection
5173-WXOQV,Yes,No,DSL,No,Yes,No,Yes,No,Yes,Partial Protection
2040-OBMLJ,Yes,Yes,Fiber optic,No,No,No,Yes,No,No,Partial Protection
6286-ZHAOK,Yes,Yes,No,No internet service,No internet service,No internet service,No internet service,No internet service,No internet service,Partial Protection
3807-XHCJH,Yes,No,No,No internet service,No internet service,No internet service,No internet service,No internet service,No internet service,Partial Protection
3009-JWMPU,Yes,Yes,Fiber optic,No,No,Yes,No,Yes,Yes,Partial Protection
5671-RQRLP,Yes,Yes,Fiber optic,No,No,No,No,No,No,No Protection
1450-GALXR,Yes,Yes,Fiber optic,No,No,No,Yes,Yes,Yes,Partial Protection
8859-AXJZP,Yes,Yes,No,No internet service,No internet service,No internet service,No internet service,No internet service,No internet service,Partial Protection
3174-AKMAS,Yes,No,DSL,No,Yes,No,Yes,Yes,No,Partial Protection
3138-BKYAV,Yes,No,Fiber optic,No,Yes,No,No,Yes,No,Partial Protection
9926-PJHDQ,Yes,Yes,DSL,No,No,Yes,No,Yes,Yes,Partial Protection
7382-DFJTU,Yes,No,DSL,No,No,Yes,Yes,No,No,Partial Protection
2798-NYLMZ,Yes,Yes,Fiber optic,Yes,No,Yes,Yes,Yes,Yes,Partial Protection
4289-DTDKW,Yes,Yes,Fiber optic,No,Yes,No,No,Yes,Yes,Partial Protection
1820-TQVEV,Yes,No,Fiber optic,No,No,No,No,No,No,No Protection
2239-JALAW,Yes,Yes,Fiber optic,No,Yes,Yes,No,Yes,Yes,Partial Protection
4853-RULSV,Yes,Yes,Fiber optic,Yes,No,No,Yes,Yes,Yes,Partial Protection
8098-TDCBU,Yes,Yes,No,No internet service,No internet service,No internet service,No internet service,No internet service,No internet service,Partial Protection
3551-GAEGL,No,No phone service,DSL,Yes,No,No,No,No,No,Partial Protection
4785-NKHCX,Yes,No,No,No internet service,No internet service,No internet service,No internet service,No internet service,No internet service,Partial Protection
3196-NVXLZ,Yes,Yes,Fiber optic,No,No,No,No,Yes,No,No Protection
6275-YDUVO,Yes,No,Fiber optic,No,No,Yes,No,No,Yes,Partial Protection
0036-IHMOT,Yes,No,Fiber optic,No,Yes,Yes,Yes,Yes,Yes,Partial Protection
0115-TFERT,Yes,Yes,Fiber optic,No,Yes,Yes,Yes,Yes,Yes,Partial Protection
4178-EGMON,Yes,Yes,Fiber optic,Yes,Yes,No,Yes,No,No,Partial Protection
4220-TINQT,Yes,Yes,Fiber optic,No,No,Yes,Yes,Yes,Yes,Partial Protection
5318-YKDPV,Yes,No,DSL,Yes,No,Yes,Yes,Yes,Yes,Partial Protection
7975-TZMLR,Yes,Yes,Fiber optic,No,Yes,Yes,No,Yes,Yes,Partial Protection
0295-QVKPB,Yes,No,DSL,No,No,Yes,Yes,Yes,No,Partial Protection
4335-BSMJS,Yes,Yes,No,No internet service,No internet service,No internet service,No internet service,No internet service,No internet service,Partial Protection
2311-QYMUQ,Yes,No,Fiber optic,No,Yes,Yes,No,Yes,No,Partial Protection
3643-AHCFP,Yes,Yes,Fiber optic,No,No,No,No,Yes,Yes,No Protection
9146-JRIOX,Yes,Yes,No,No internet service,No internet service,No internet service,No internet service,No internet service,No internet service,Partial Protection
3104-OWCGK,Yes,No,Fiber optic,No,Yes,Yes,No,Yes,No,Partial Protection
5337-IIWKZ,No,No phone service,DSL,No,No,Yes,Yes,Yes,No,Partial Protection
9101-BWFSS,Yes,Yes,Fiber optic,Yes,Yes,No,Yes,Yes,Yes,Partial Protection
9650-VBUOG,Yes,Yes,No,No internet service,No internet service,No internet service,No internet service,No internet service,No internet service,Partial Protection
3487-EARAT,Yes,No,DSL,Yes,Yes,Yes,Yes,No,Yes,Full Protection
2672-TGEFF,Yes,Yes,Fiber optic,No,Yes,No,No,Yes,No,Partial Protection
9231-ZJYAM,Yes,No,Fiber optic,No,No,No,No,Yes,No,No Protection
4250-WAROZ,Yes,Yes,Fiber optic,Yes,Yes,No,No,No,Yes,Partial Protection
8184-WMOFI,Yes,No,DSL,Yes,No,Yes,Yes,No,Yes,Partial Protection
6982-SSHFK,Yes,No,DSL,No,No,No,No,No,No,No Protection
6092-QZVPP,Yes,No,DSL,Yes,No,Yes,Yes,Yes,Yes,Partial Protection
4625-LAMOB,Yes,No,No,No internet service,No internet service,No internet service,No internet service,No internet service,No internet service,Partial Protection
0727-BMPLR,Yes,Yes,Fiber optic,No,No,Yes,No,Yes,Yes,Partial Protection
0392-BZIUW,Yes,Yes,Fiber optic,Yes,No,Yes,No,Yes,Yes,Partial Protection
1038-ZAGBI,Yes,No,No,No internet service,No internet service,No internet service,No internet service,No internet service,No internet service,Partial Protection
6549-NNDYT,No,No phone service,DSL,Yes,No,No,No,No,No,Partial Protection
3027-ZTDHO,Yes,No,Fiber optic,No,No,No,No,Yes,Yes,No Protection
0422-OHQHQ,Yes,No,No,No internet service,No internet service,No internet service,No internet service,No internet service,No internet service,Partial Protection
6916-HIJSE,Yes,No,DSL,Yes,Yes,Yes,Yes,Yes,Yes,Full Protection
2316-ESMLS,No,No phone service,DSL,Yes,No,No,Yes,No,No,Partial Protection
9778-OGKQZ,Yes,Yes,DSL,Yes,Yes,Yes,Yes,Yes,Yes,Full Protection
7408-OFWXJ,Yes,Yes,DSL,Yes,Yes,Yes,Yes,Yes,Yes,Full Protection
6007-TCTST,Yes,Yes,Fiber optic,Yes,Yes,Yes,Yes,Yes,Yes,Full Protection
2252-NKNSI,Yes,Yes,DSL,Yes,Yes,No,Yes,Yes,Yes,Partial Protection
8713-IGZSO,Yes,Yes,No,No internet service,No internet service,No internet service,No internet service,No internet service,No internet service,Partial Protection
7905-TVXTA,Yes,No,DSL,Yes,No,No,Yes,Yes,No,Partial Protection
7695-PKLCZ,Yes,No,No,No internet service,No internet service,No internet service,No internet service,No internet service,No internet service,Partial Protection
2382-BCKQJ,Yes,Yes,Fiber optic,No,No,Yes,No,Yes,Yes,Partial Protection
8374-UULRV,Yes,Yes,DSL,Yes,Yes,No,Yes,Yes,Yes,Partial Protection
2207-NHRJK,Yes,No,DSL,No,Yes,No,No,No,No,Partial Protection
3224-DFQNQ,Yes,Yes,Fiber optic,Yes,Yes,No,Yes,No,No,Partial Protection
5275-PMFUT,No,No phone service,DSL,Yes,Yes,Yes,Yes,Yes,Yes,Full Protection
4795-UXVCJ,Yes,No,No,No internet service,No internet service,No internet service,No internet service,No internet service,No internet service,Partial Protection
9777-IQHWP,Yes,Yes,Fiber optic,Yes,No,Yes,No,No,Yes,Partial Protection
0947-MUGVO,Yes,No,Fiber optic,No,Yes,No,No,No,No,Partial Protection
9944-HKVVB,Yes,No,Fiber optic,No,Yes,No,No,Yes,Yes,Partial Protection
4124-MMETB,Yes,Yes,Fiber optic,No,No,No,No,Yes,Yes,No Protection
3671-SHRSP,Yes,No,Fiber optic,No,No,Yes,Yes,No,No,Partial Protection
0979-MOZQI,No,No phone service,DSL,No,No,No,Yes,Yes,No,Partial Protection
2732-ISEZX,Yes,No,No,No internet service,No internet service,No internet service,No internet service,No internet service,No internet service,Partial Protection
3313-QKNKB,Yes,Yes,Fiber optic,No,No,No,No,No,Yes,No Protection
0323-XWWTN,Yes,Yes,No,No internet service,No internet service,No internet service,No internet service,No internet service,No internet service,Partial Protection
1937-OTUKY,Yes,Yes,Fiber optic,Yes,No,Yes,Yes,Yes,No,Partial Protection
1573-LGXBA,Yes,No,Fiber optic,No,Yes,Yes,No,Yes,Yes,Partial Protection
1764-VUUMT,Yes,No,No,No internet service,No internet service,No internet service,No internet service,No internet service,No internet service,Partial Protection
5073-WXOYN,No,No phone service,DSL,No,Yes,No,No,Yes,Yes,Partial Protection
4713-ZBURT,Yes,Yes,Fiber optic,No,No,Yes,No,Yes,Yes,Partial Protection
3050-GBUSH,No,No phone service,DSL,No,No,No,No,Yes,No,No Protection
0207-MDKNV,Yes,No,Fiber optic,Yes,No,Yes,Yes,Yes,Yes,Partial Protection
7876-AEHIG,No,No phone service,DSL,Yes,No,Yes,Yes,Yes,Yes,Partial Protection
7945-HLKEA,Yes,Yes,DSL,Yes,No,Yes,Yes,No,No,Partial Protection
9342-VNIMQ,Yes,Yes,DSL,No,Yes,No,No,No,No,Partial Protection
9851-KIELU,Yes,No,Fiber optic,Yes,Yes,Yes,Yes,Yes,Yes,Full Protection
3523-BRGUW,Yes,No,No,No internet service,No internet service,No internet service,No internet service,No internet service,No internet service,Partial Protection
3908-BLSYF,Yes,No,Fiber optic,No,No,Yes,No,No,Yes,Partial Protection
3199-NPKCN,Yes,Yes,Fiber optic,Yes,No,Yes,Yes,Yes,Yes,Partial Protection
5170-PTRKA,No,No phone service,DSL,Yes,No,No,Yes,No,No,Partial Protection
4661-NJEUX,Yes,No,No,No internet service,No internet service,No internet service,No internet service,No internet service,No internet service,Partial Protection
2123-AGEEN,Yes,No,Fiber optic,No,No,Yes,No,Yes,No,Partial Protection
1258-YMZNM,Yes,Yes,Fiber optic,Yes,Yes,Yes,No,Yes,Yes,Partial Protection
0048-LUMLS,Yes,No,Fiber optic,No,No,No,No,Yes,Yes,No Protection
7549-MYGPK,Yes,Yes,Fiber optic,Yes,Yes,Yes,No,Yes,No,Partial Protection
5898-IGSLP,Yes,Yes,Fiber optic,Yes,No,Yes,Yes,No,No,Partial Protection
3804-RVTGV,Yes,Yes,Fiber optic,No,Yes,Yes,No,Yes,Yes,Partial Protection
6259-WJQLC,Yes,Yes,Fiber optic,No,No,Yes,No,No,No,Partial Protection
9227-LUNBG,No,No phone service,DSL,No,No,No,No,No,No,No Protection
7997-EASSD,Yes,Yes,Fiber optic,No,No,No,Yes,No,No,Partial Protection
0730-KOAVE,Yes,Yes,Fiber optic,Yes,Yes,No,No,No,Yes,Partial Protection
8975-SKGRX,Yes,Yes,Fiber optic,Yes,Yes,Yes,Yes,Yes,Yes,Full Protection
0678-RLHVP,Yes,Yes,Fiber optic,No,Yes,Yes,No,Yes,Yes,Partial Protection
4315-MURBD,Yes,No,Fiber optic,Yes,No,No,Yes,Yes,Yes,Partial Protection
2267-FPIMA,Yes,Yes,Fiber optic,Yes,Yes,No,No,No,Yes,Partial Protection
1051-GEJLJ,Yes,No,No,No internet service,No internet service,No internet service,No internet service,No internet service,No internet service,Partial Protection
9734-YWGEX,Yes,Yes,Fiber optic,No,No,Yes,No,Yes,Yes,Partial Protection
2719-BDAQO,Yes,No,Fiber optic,Yes,No,No,No,Yes,Yes,Partial Protection
5285-MVEHD,Yes,No,Fiber optic,Yes,Yes,Yes,No,Yes,Yes,Partial Protection
0379-DJQHR,Yes,No,DSL,Yes,Yes,Yes,No,Yes,Yes,Partial Protection
0781-LKXBR,Yes,Yes,Fiber optic,No,No,Yes,No,Yes,Yes,Partial Protection
5543-QDCRY,Yes,No,DSL,No,No,No,No,Yes,No,No Protection
0297-RBCSG,Yes,No,DSL,No,Yes,No,Yes,No,Yes,Partial Protection
4694-PHWFW,Yes,No,No,No internet service,No internet service,No internet service,No internet service,No internet service,No internet service,Partial Protection
0835-JKADZ,Yes,Yes,Fiber optic,No,Yes,Yes,Yes,Yes,Yes,Partial Protection
1907-UBQFC,Yes,No,Fiber optic,No,Yes,No,No,No,No,Partial Protection
7508-SMHXL,Yes,Yes,Fiber optic,No,Yes,No,No,Yes,No,Partial Protection
3865-YIOTT,Yes,Yes,Fiber optic,Yes,No,Yes,No,Yes,Yes,Partial Protection
5993-BQHEA,Yes,No,No,No internet service,No internet service,No internet service,No internet service,No internet service,No internet service,Partial Protection
6024-RUGGH,Yes,Yes,No,No internet service,No internet service,No internet service,No internet service,No internet service,No internet service,Partial Protection
6513-EECDB,Yes,Yes,Fiber optic,No,No,No,No,No,No,No Protection
3956-CJUST,Yes,No,Fiber optic,Yes,No,No,No,No,No,Partial Protection
4079-WWQQQ,No,No phone service,DSL,Yes,Yes,Yes,Yes,Yes,Yes,Full Protection
6103-BOCOU,Yes,Yes,Fiber optic,No,No,Yes,No,No,No,Partial Protection
5149-TGWDZ,Yes,No,Fiber optic,No,Yes,Yes,Yes,Yes,Yes,Partial Protection
7471-WNSUF,Yes,Yes,No,No internet service,No internet service,No internet service,No internet service,No internet service,No internet service,Partial Protection
8942-DBMHZ,Yes,No,No,No internet service,No internet service,No internet service,No internet service,No internet service,No internet service,Partial Protection
4301-VVZKA,Yes,Yes,Fiber optic,No,No,No,No,No,No,No Protection
9199-PWQVC,Yes,Yes,DSL,Yes,Yes,No,No,Yes,Yes,Partial Protection
4824-GUCBY,Yes,No,Fiber optic,Yes,Yes,No,No,No,No,Partial Protection
5393-HJZSM,Yes,No,DSL,Yes,Yes,Yes,Yes,No,Yes,Full Protection
7074-IEVOJ,Yes,Yes,Fiber optic,No,Yes,No,No,No,No,Partial Protection
9625-QSTYE,Yes,No,Fiber optic,No,Yes,Yes,No,No,No,Partial Protection
0862-PRCBS,Yes,Yes,Fiber optic,No,Yes,No,Yes,Yes,Yes,Partial Protection
8812-ZRHFP,Yes,No,Fiber optic,No,No,Yes,No,No,Yes,Partial Protection
5146-CBVOE,Yes,No,Fiber optic,No,Yes,No,No,No,No,Partial Protection
0454-OKRCT,Yes,No,Fiber optic,No,Yes,No,Yes,No,No,Partial Protection
5787-KXGIY,Yes,No,No,No internet service,No internet service,No internet service,No internet service,No internet service,No internet service,Partial Protection
4750-ZRXIU,Yes,Yes,Fiber optic,No,No,No,No,No,Yes,No Protection
4198-VFOEA,No,No phone service,DSL,Yes,No,No,Yes,No,No,Partial Protection
6630-UJZMY,Yes,Yes,Fiber optic,No,No,No,No,Yes,No,No Protection
5709-LVOEQ,Yes,No,DSL,Yes,Yes,Yes,No,Yes,Yes,Partial Protection
6400-BWQKW,Yes,Yes,Fiber optic,Yes,No,No,No,No,No,Partial Protection
2692-AQCPF,Yes,Yes,Fiber optic,No,Yes,Yes,Yes,Yes,Yes,Partial Protection
0347-UBKUZ,Yes,No,No,No internet service,No internet service,No internet service,No internet service,No internet service,No internet service,Partial Protection
0835-DUUIQ,Yes,No,No,No internet service,No internet service,No internet service,No internet service,No internet service,No internet service,Partial Protection
0811-GSDTP,No,No phone service,DSL,No,Yes,No,No,No,No,Partial Protection
7567-ECMCM,Yes,No,Fiber optic,No,No,No,No,No,Yes,No Protection
6115-ZTBFQ,No,No phone service,DSL,Yes,Yes,Yes,Yes,Yes,Yes,Full Protection
6353-BRMMA,Yes,Yes,Fiber optic,Yes,Yes,No,No,Yes,Yes,Partial Protection
6680-WKXRZ,Yes,Yes,Fiber optic,No,No,No,No,No,No,No Protection
6231-WFGFH,Yes,No,No,No internet service,No internet service,No internet service,No internet service,No internet service,No internet service,Partial Protection
9904-EHEVJ,Yes,Yes,Fiber optic,No,No,Yes,No,Yes,No,Partial Protection
7028-DVOIQ,Yes,Yes,Fiber optic,No,No,Yes,No,Yes,Yes,Partial Protection
6169-PPETC,Yes,No,No,No internet service,No internet service,No internet service,No internet service,No internet service,No internet service,Partial Protection
4208-UFFGW,Yes,No,DSL,No,No,No,No,No,No,No Protection
8584-KMVXD,Yes,No,Fiber optic,No,Yes,No,No,No,No,Partial Protection
8467-WYNSR,Yes,No,DSL,Yes,No,No,Yes,No,No,Partial Protection
0851-DFJKB,Yes,No,DSL,Yes,No,Yes,Yes,No,No,Partial Protection
5382-SOYZL,Yes,Yes,Fiber optic,No,No,No,No,Yes,Yes,No Protection
9448-REEVD,Yes,No,DSL,No,No,No,No,No,No,No Protection
3261-CQXOL,Yes,Yes,No,No internet service,No internet service,No internet service,No internet service,No internet service,No internet service,Partial Protection
8388-FYNPZ,Yes,No,DSL,Yes,No,Yes,No,No,No,Partial Protection
4002-BQWPQ,Yes,Yes,DSL,Yes,Yes,Yes,Yes,No,Yes,Full Protection
5651-YLPRD,Yes,No,Fiber optic,No,Yes,No,No,Yes,No,Partial Protection
2826-DXLQO,No,No phone service,DSL,Yes,No,No,No,No,No,Partial Protection
4378-BZYFP,Yes,No,No,No internet service,No internet service,No internet service,No internet service,No internet service,No internet service,Partial Protection
9489-UTFKA,Yes,No,DSL,Yes,No,No,No,Yes,No,Partial Protection
4849-PYRLQ,Yes,Yes,DSL,Yes,No,Yes,Yes,No,Yes,Partial Protection
9117-SHLZX,Yes,No,DSL,No,No,No,No,No,No,No Protection
9889-TMAHG,Yes,No,Fiber optic,Yes,No,No,Yes,Yes,Yes,Partial Protection
4541-RMRLG,Yes,No,No,No internet service,No internet service,No internet service,No internet service,No internet service,No internet service,Partial Protection
7764-BDPEE,Yes,No,No,No internet service,No internet service,No internet service,No internet service,No internet service,No internet service,Partial Protection
3429-IFLEM,Yes,No,DSL,Yes,Yes,Yes,Yes,Yes,No,Full Protection
3158-MOERK,Yes,Yes,Fiber optic,No,No,No,No,Yes,Yes,No Protection
7294-TMAOP,Yes,No,Fiber optic,No,No,No,No,Yes,Yes,No Protection
5002-GCQFH,Yes,Yes,Fiber optic,Yes,Yes,No,No,Yes,No,Partial Protection
0556-FJEGU,Yes,No,DSL,No,Yes,Yes,Yes,Yes,No,Partial Protection
8919-FYFQZ,No,No phone service,DSL,No,Yes,No,No,No,No,Partial Protection
0604-THJFP,Yes,No,DSL,No,Yes,No,Yes,Yes,Yes,Partial Protection
2834-JRTUA,Yes,Yes,Fiber optic,Yes,No,Yes,Yes,Yes,Yes,Partial Protection
5875-YPQFJ,Yes,No,Fiber optic,No,No,No,No,No,No,No Protection
5879-SESNB,Yes,Yes,Fiber optic,No,No,No,No,No,No,No Protection
6646-QVXLR,Yes,Yes,Fiber optic,No,Yes,Yes,No,Yes,Yes,Partial Protection
6461-PPAXN,Yes,No,DSL,Yes,No,No,Yes,No,No,Partial Protection
3318-ISQFQ,Yes,No,No,No internet service,No internet service,No internet service,No internet service,No internet service,No internet service,Partial Protection
1106-HRLKZ,Yes,No,No,No internet service,No internet service,No internet service,No internet service,No internet service,No internet service,Partial Protection
2483-XSSMZ,Yes,No,DSL,Yes,No,No,No,No,No,Partial Protection
8603-IJWDN,Yes,Yes,Fiber optic,No,No,No,No,No,Yes,No Protection
8165-ZJRNM,Yes,Yes,No,No internet service,No internet service,No internet service,No internet service,No internet service,No internet service,Partial Protection
9369-XFEHK,Yes,Yes,Fiber optic,No,Yes,No,No,No,No,Partial Protection
2604-XVDAM,Yes,No,DSL,No,No,No,No,No,No,No Protection
3717-OFRTN,Yes,No,No,No internet service,No internet service,No internet service,No internet service,No internet service,No internet service,Partial Protection
9046-JBFWA,Yes,No,No,No internet service,No internet service,No internet service,No internet service,No internet service,No internet service,Partial Protection
3280-NMUVX,Yes,No,No,No internet service,No internet service,No internet service,No internet service,No internet service,No internet service,Partial Protection
1206-EHBDD,Yes,No,Fiber optic,Yes,No,Yes,No,No,No,Partial Protection
8361-LBRDI,Yes,Yes,No,No internet service,No internet service,No internet service,No internet service,No internet service,No internet service,Partial Protection
4883-KCPZJ,Yes,Yes,No,No internet service,No internet service,No internet service,No internet service,No internet service,No internet service,Partial Protection
9108-EQPNQ,Yes,Yes,No,No internet service,No internet service,No internet service,No internet service,No internet service,No internet service,Partial Protection
7277-KAMWT,Yes,No,No,No internet service,No internet service,No internet service,No internet service,No internet service,No internet service,Partial Protection
3842-IYKUE,Yes,Yes,Fiber optic,No,Yes,No,Yes,No,No,Partial Protection
6641-XRPSU,Yes,No,Fiber optic,No,No,No,No,No,No,No Protection
1374-DMZUI,Yes,Yes,Fiber optic,No,No,No,No,Yes,Yes,No Protection
2545-LXYVJ,Yes,No,No,No internet service,No internet service,No internet service,No internet service,No internet service,No internet service,Partial Protection
3234-VKACU,Yes,No,DSL,No,No,No,Yes,Yes,Yes,Partial Protection
8357-EQXFO,Yes,No,Fiber optic,No,No,Yes,No,Yes,Yes,Partial Protection
1989-PRJHP,Yes,Yes,Fiber optic,No,No,No,No,No,No,No Protection
8120-JDCAM,Yes,No,Fiber optic,No,No,No,No,No,No,No Protection
8917-FAEMR,Yes,No,No,No internet service,No internet service,No internet service,No internet service,No internet service,No internet service,Partial Protection
7047-YXDMZ,Yes,No,No,No internet service,No internet service,No internet service,No internet service,No internet service,No internet service,Partial Protection
2858-EIMXH,Yes,Yes,Fiber optic,No,No,No,No,Yes,Yes,No Protection
9524-EGPJC,Yes,Yes,Fiber optic,No,No,No,Yes,No,Yes,Partial Protection
6993-OHLXR,Yes,No,Fiber optic,No,No,No,No,No,No,No Protection
8818-XYFCQ,Yes,Yes,Fiber optic,Yes,No,No,No,Yes,Yes,Partial Protection
6419-ZTTLE,Yes,No,No,No internet service,No internet service,No internet service,No internet service,No internet service,No internet service,Partial Protection
0929-HYQEW,Yes,No,DSL,Yes,No,No,No,No,No,Partial Protection
6614-YOLAC,No,No phone service,DSL,Yes,Yes,No,Yes,Yes,Yes,Partial Protection
7426-RHZGU,Yes,No,Fiber optic,No,No,No,Yes,Yes,Yes,Partial Protection
4065-JJAVA,Yes,No,DSL,No,Yes,No,No,No,No,Partial Protection
4695-VADHF,Yes,No,DSL,No,No,Yes,No,No,Yes,Partial Protection
3863-IUBJR,Yes,No,DSL,No,No,No,No,No,Yes,No Protection
7649-SIJJF,Yes,Yes,DSL,Yes,Yes,Yes,Yes,No,Yes,Full Protection
9361-YNQWJ,Yes,Yes,No,No internet service,No internet service,No internet service,No internet service,No internet service,No internet service,Partial Protection
3748-FVMZZ,No,No phone service,DSL,No,No,No,Yes,No,Yes,Partial Protection
9391-TTOYH,Yes,No,No,No internet service,No internet service,No internet service,No internet service,No internet service,No internet service,Partial Protection
1452-XRSJV,Yes,No,DSL,Yes,No,No,No,No,No,Partial Protection
3422-WJOYD,Yes,No,DSL,Yes,No,No,Yes,No,No,Partial Protection
8242-SOQUO,Yes,No,Fiber optic,No,Yes,No,No,Yes,No,Partial Protection
7460-ITWWP,Yes,No,Fiber optic,No,No,Yes,No,No,Yes,Partial Protection
7147-AYBAA,Yes,No,Fiber optic,No,No,No,No,No,No,No Protection
7868-TMWMZ,Yes,No,Fiber optic,Yes,Yes,Yes,Yes,Yes,Yes,Full Protection
4822-RVYBB,Yes,Yes,Fiber optic,No,No,Yes,No,Yes,Yes,Partial Protection
6732-FZUGP,Yes,Yes,Fiber optic,Yes,No,Yes,No,Yes,No,Partial Protection
8436-BJUMM,Yes,Yes,Fiber optic,No,No,No,No,Yes,No,No Protection
4184-TJFAN,Yes,No,Fiber optic,Yes,No,No,Yes,Yes,No,Partial Protection
8329-GWVPJ,Yes,No,Fiber optic,No,No,No,No,No,No,No Protection
1352-VHKAJ,Yes,Yes,DSL,No,No,No,Yes,Yes,Yes,Partial Protection
4145-UQXUQ,Yes,No,Fiber optic,No,No,Yes,No,Yes,Yes,Partial Protection
2632-TACXW,Yes,Yes,No,No internet service,No internet service,No internet service,No internet service,No internet service,No internet service,Partial Protection
8146-QQKZH,Yes,No,DSL,Yes,No,Yes,Yes,Yes,Yes,Partial Protection
1767-CJKBA,Yes,Yes,No,No internet service,No internet service,No internet service,No internet service,No internet service,No internet service,Partial Protection
6445-TNRXS,Yes,Yes,Fiber optic,Yes,Yes,Yes,Yes,Yes,Yes,Full Protection
4581-LNWUM,No,No phone service,DSL,No,No,Yes,No,Yes,Yes,Partial Protection
4869-EPIUS,Yes,No,Fiber optic,No,No,No,No,No,Yes,No Protection
9948-YPTDG,Yes,No,Fiber optic,Yes,Yes,No,No,No,No,Partial Protection
1236-WFCDV,Yes,No,Fiber optic,No,No,No,No,Yes,Yes,No Protection
1915-OAKWD,Yes,No,No,No internet service,No internet service,No internet service,No internet service,No internet service,No internet service,Partial Protection
7296-PIXQY,Yes,No,Fiber optic,No,No,No,No,No,No,No Protection
4883-QICIH,Yes,No,Fiber optic,No,No,No,No,No,No,No Protection
3354-OADJP,Yes,No,DSL,Yes,No,No,Yes,No,No,Partial Protection
3524-WQDSG,Yes,Yes,Fiber optic,No,No,Yes,No,Yes,Yes,Partial Protection
0810-DHDBD,Yes,Yes,DSL,Yes,No,Yes,Yes,Yes,No,Partial Protection
4026-SKKHW,Yes,No,DSL,No,No,No,Yes,No,No,Partial Protection
2829-HYVZP,Yes,No,No,No internet service,No internet service,No internet service,No internet service,No internet service,No internet service,Partial Protection
8329-IBCTI,Yes,No,No,No internet service,No internet service,No internet service,No internet service,No internet service,No internet service,Partial Protection
1271-SJBGZ,No,No phone service,DSL,No,No,Yes,Yes,No,Yes,Partial Protection
3845-JHAMY,No,No phone service,DSL,No,No,No,No,No,Yes,No Protection
7013-PSXHK,Yes,Yes,DSL,No,No,Yes,Yes,Yes,Yes,Partial Protection
5669-SRAIP,No,No phone service,DSL,No,No,Yes,No,No,Yes,Partial Protection
5981-ITEMU,Yes,Yes,Fiber optic,No,No,No,No,Yes,Yes,No Protection
3486-NPGST,Yes,No,No,No internet service,No internet service,No internet service,No internet service,No internet service,No internet service,Partial Protection
6941-PMGEP,Yes,No,Fiber optic,No,No,No,No,No,Yes,No Protection
1624-WOIWJ,Yes,No,Fiber optic,Yes,No,No,No,Yes,No,Partial Protection
2074-GKOWZ,Yes,No,Fiber optic,No,No,No,No,Yes,Yes,No Protection
0376-YMCJC,Yes,Yes,Fiber optic,No,No,No,Yes,Yes,No,Partial Protection
6100-FJZDG,Yes,No,No,No internet service,No internet service,No internet service,No internet service,No internet service,No internet service,Partial Protection
4829-ZLJTK,Yes,Yes,Fiber optic,Yes,Yes,Yes,No,Yes,Yes,Partial Protection
1730-VFMWO,Yes,No,DSL,No,No,No,Yes,No,No,Partial Protection
7143-BQIBA,Yes,No,DSL,Yes,No,No,Yes,Yes,No,Partial Protection
3800-LYTRK,Yes,No,DSL,Yes,No,No,Yes,No,No,Partial Protection
0634-SZPQA,Yes,Yes,Fiber optic,Yes,No,No,No,Yes,No,Partial Protection
9646-NMHXE,Yes,No,No,No internet service,No internet service,No internet service,No internet service,No internet service,No internet service,Partial Protection
7030-NJVDP,Yes,No,Fiber optic,Yes,No,No,Yes,No,Yes,Partial Protection
5536-RTPWK,Yes,Yes,Fiber optic,No,Yes,No,No,Yes,Yes,Partial Protection
8883-GRDWQ,Yes,No,DSL,Yes,No,No,Yes,No,No,Partial Protection
6166-ILMNY,Yes,No,Fiber optic,No,No,No,No,No,No,No Protection
3097-NNSPB,Yes,No,DSL,No,Yes,No,No,No,No,Partial Protection
7771-ZONAT,No,No phone service,DSL,No,No,Yes,Yes,Yes,Yes,Partial Protection
0655-RBDUG,Yes,Yes,Fiber optic,No,No,Yes,No,Yes,Yes,Partial Protection
2111-DWYHN,Yes,No,No,No internet service,No internet service,No internet service,No internet service,No internet service,No internet service,Partial Protection
4194-WHFCB,Yes,Yes,Fiber optic,No,Yes,No,Yes,No,Yes,Partial Protection
4121-AGSIN,Yes,Yes,No,No internet service,No internet service,No internet service,No internet service,No internet service,No internet service,Partial Protection
4361-BKAXE,Yes,Yes,Fiber optic,Yes,Yes,Yes,Yes,Yes,Yes,Full Protection
9845-PEEKO,Yes,Yes,Fiber optic,No,Yes,No,No,No,No,Partial Protection
0455-XFASS,Yes,No,Fiber optic,No,No,No,No,No,No,No Protection
0301-KOBTQ,Yes,No,No,No internet service,No internet service,No internet service,No internet service,No internet service,No internet service,Partial Protection
1751-NCDLI,Yes,Yes,Fiber optic,No,No,Yes,No,Yes,Yes,Partial Protection
4367-NUYAO,Yes,Yes,No,No internet service,No internet service,No internet service,No internet service,No internet service,No internet service,Partial Protection
9878-TNQGW,Yes,No,Fiber optic,No,No,No,No,No,Yes,No Protection
9170-ARBTB,Yes,No,No,No internet service,No internet service,No internet service,No internet service,No internet service,No internet service,Partial Protection
4441-NIHPT,Yes,No,Fiber optic,No,No,Yes,No,No,No,Partial Protection
8999-BOHSE,Yes,No,Fiber optic,No,No,No,No,Yes,Yes,No Protection
7241-AJHFS,Yes,Yes,Fiber optic,Yes,No,No,Yes,No,No,Partial Protection
7029-RPUAV,Yes,Yes,Fiber optic,No,No,Yes,No,Yes,Yes,Partial Protection
4546-FOKWR,Yes,Yes,Fiber optic,No,No,No,No,No,No,No Protection
9036-CSKBW,Yes,Yes,Fiber optic,Yes,Yes,Yes,No,Yes,Yes,Partial Protection
5832-TRLPB,Yes,No,DSL,No,No,Yes,Yes,Yes,Yes,Partial Protection
8590-YFFQO,Yes,No,DSL,Yes,Yes,Yes,Yes,No,No,Full Protection
8659-IOOPU,Yes,Yes,Fiber optic,Yes,No,Yes,Yes,No,Yes,Partial Protection
1338-CECEE,Yes,Yes,DSL,No,Yes,Yes,No,Yes,No,Partial Protection
7439-DKZTW,Yes,No,Fiber optic,No,No,No,No,Yes,No,No Protection
4646-QZXTF,Yes,No,DSL,Yes,No,Yes,Yes,Yes,Yes,Partial Protection
4607-CHPCA,Yes,No,Fiber optic,No,No,No,No,Yes,Yes,No Protection
9742-XOKTS,Yes,Yes,Fiber optic,Yes,Yes,No,Yes,No,No,Partial Protection
6921-OZMFH,Yes,Yes,DSL,No,No,No,Yes,No,No,Partial Protection
9578-FOMUK,Yes,Yes,No,No internet service,No internet service,No internet service,No internet service,No internet service,No internet service,Partial Protection
4712-UYOOI,Yes,No,No,No internet service,No internet service,No internet service,No internet service,No internet service,No internet service,Partial Protection
8824-RWFXJ,Yes,No,DSL,No,Yes,Yes,No,No,No,Partial Protection
7722-CVFXN,Yes,Yes,Fiber optic,No,Yes,No,Yes,Yes,Yes,Partial Protection
8717-VCTXJ,Yes,No,No,No internet service,No internet service,No internet service,No internet service,No internet service,No internet service,Partial Protection
7363-QTBIW,Yes,No,Fiber optic,No,No,No,No,No,Yes,No Protection
4159-NAAIX,Yes,Yes,Fiber optic,No,Yes,No,No,Yes,Yes,Partial Protection
0971-QIFJK,Yes,Yes,No,No internet service,No internet service,No internet service,No internet service,No internet service,No internet service,Partial Protection
9397-TZSHA,Yes,Yes,No,No internet service,No internet service,No internet service,No internet service,No internet service,No internet service,Partial Protection
3391-JSQEW,Yes,No,DSL,No,Yes,No,No,No,No,Partial Protection
0343-QLUZP,No,No phone service,DSL,Yes,Yes,Yes,No,No,No,Partial Protection
9763-PDTKK,Yes,No,Fiber optic,Yes,No,Yes,Yes,No,Yes,Partial Protection
2176-LVPNX,Yes,Yes,DSL,Yes,Yes,Yes,Yes,Yes,Yes,Full Protection
7627-JKIAZ,Yes,Yes,Fiber optic,No,No,Yes,No,No,No,Partial Protection
3312-UUMZW,Yes,Yes,Fiber optic,No,Yes,No,No,Yes,Yes,Partial Protection
1271-UODNO,Yes,Yes,DSL,No,No,No,Yes,No,No,Partial Protection
8461-EFQYM,Yes,Yes,No,No internet service,No internet service,No internet service,No internet service,No internet service,No internet service,Partial Protection
6900-RBKER,Yes,Yes,Fiber optic,No,No,Yes,No,No,Yes,Partial Protection
6891-JPYFF,Yes,Yes,Fiber optic,Yes,Yes,No,No,Yes,Yes,Partial Protection
1459-QNFQT,No,No phone service,DSL,Yes,No,Yes,Yes,Yes,Yes,Partial Protection
1047-NNCBF,Yes,No,Fiber optic,No,No,No,No,No,No,No Protection
3696-XRIEN,Yes,Yes,DSL,Yes,No,Yes,Yes,Yes,Yes,Partial Protection
4081-DYXAV,No,No phone service,DSL,No,No,No,No,Yes,Yes,No Protection
0074-HDKDG,Yes,No,DSL,Yes,Yes,Yes,No,No,No,Partial Protection
8791-GFXLZ,Yes,No,DSL,No,Yes,No,No,No,No,Partial Protection
8111-SLLHI,Yes,Yes,Fiber optic,No,Yes,Yes,No,Yes,Yes,Partial Protection
0927-LCSMG,Yes,No,Fiber optic,No,No,Yes,No,No,No,Partial Protection
9330-DHBFL,Yes,No,DSL,Yes,Yes,Yes,Yes,No,No,Full Protection
0098-BOWSO,Yes,No,No,No internet service,No internet service,No internet service,No internet service,No internet service,No internet service,Partial Protection
3452-ABWRL,Yes,Yes,Fiber optic,No,No,No,No,Yes,No,No Protection
5859-HZYLF,Yes,No,No,No internet service,No internet service,No internet service,No internet service,No internet service,No internet service,Partial Protection
8257-RZAHR,Yes,Yes,DSL,Yes,No,No,No,Yes,No,Partial Protection
5293-WXJAK,Yes,Yes,Fiber optic,No,No,Yes,Yes,Yes,Yes,Partial Protection
3156-QLHBO,Yes,No,No,No internet service,No internet service,No internet service,No internet service,No internet service,No internet service,Partial Protection
2208-NQBCT,Yes,No,Fiber optic,Yes,Yes,No,No,No,No,Partial Protection
1779-PWPMG,Yes,Yes,Fiber optic,Yes,Yes,Yes,Yes,Yes,Yes,Full Protection
6621-NRZAK,Yes,No,No,No internet service,No internet service,No internet service,No internet service,No internet service,No internet service,Partial Protection
0831-JNISG,Yes,No,No,No internet service,No internet service,No internet service,No internet service,No internet service,No internet service,Partial Protection
0774-IFUVM,Yes,Yes,DSL,Yes,No,No,No,Yes,No,Partial Protection
3082-WQRVY,Yes,No,No,No internet service,No internet service,No internet service,No internet service,No internet service,No internet service,Partial Protection
9553-DLCLU,Yes,Yes,DSL,Yes,Yes,Yes,Yes,Yes,Yes,Full Protection
1641-BYBTK,Yes,No,No,No internet service,No internet service,No internet service,No internet service,No internet service,No internet service,Partial Protection
2460-NGXBJ,Yes,Yes,Fiber optic,No,No,No,No,No,No,No Protection
2446-ZKVAF,Yes,Yes,DSL,No,Yes,No,No,No,No,Partial Protection
0841-NULXI,No,No phone service,DSL,No,No,No,No,No,Yes,No Protection
3522-CDKHF,Yes,No,Fiber optic,Yes,No,No,No,No,No,Partial Protection
1430-SFQSA,No,No phone service,DSL,Yes,No,No,Yes,No,No,Partial Protection
0411-EZJZE,Yes,Yes,DSL,No,No,No,No,Yes,No,No Protection
7851-WZEKY,Yes,Yes,Fiber optic,No,No,No,No,Yes,Yes,No Protection
8844-TONUD,Yes,No,Fiber optic,No,No,Yes,No,Yes,Yes,Partial Protection
8807-ARQET,No,No phone service,DSL,No,Yes,No,No,No,Yes,Partial Protection
8992-CEUEN,Yes,No,No,No internet service,No internet service,No internet service,No internet service,No internet service,No internet service,Partial Protection
4320-QMLLA,Yes,No,DSL,No,No,No,No,Yes,No,No Protection
8777-PVYGU,Yes,No,DSL,Yes,No,Yes,No,Yes,No,Partial Protection
8292-ITGYJ,Yes,Yes,No,No internet service,No internet service,No internet service,No internet service,No internet service,No internet service,Partial Protection
6870-ZWMNX,Yes,Yes,DSL,No,Yes,Yes,Yes,Yes,No,Partial Protection
0621-CXBKL,Yes,No,No,No internet service,No internet service,No internet service,No internet service,No internet service,No internet service,Partial Protection
5268-DSMNQ,Yes,Yes,Fiber optic,No,Yes,Yes,No,Yes,No,Partial Protection
5334-JLAXU,Yes,Yes,Fiber optic,Yes,Yes,No,No,No,Yes,Partial Protection
4086-YQSNZ,Yes,No,Fiber optic,No,No,No,No,Yes,No,No Protection
6242-MBHPK,Yes,No,Fiber optic,Yes,No,No,No,Yes,Yes,Partial Protection
5868-CZJDR,No,No phone service,DSL,No,Yes,No,No,No,No,Partial Protection
9359-UGBTK,Yes,No,DSL,Yes,No,Yes,Yes,No,Yes,Partial Protection
0135-NMXAP,Yes,Yes,Fiber optic,No,Yes,No,No,Yes,No,Partial Protection
4782-OSFXZ,Yes,Yes,DSL,Yes,Yes,Yes,Yes,No,Yes,Full Protection
6479-OAUSD,Yes,No,No,No internet service,No internet service,No internet service,No internet service,No internet service,No internet service,Partial Protection
7129-ACFOG,Yes,Yes,DSL,Yes,No,No,No,No,No,Partial Protection
4189-NAKJS,Yes,Yes,DSL,No,No,No,No,No,No,No Protection
5562-BETPV,Yes,No,No,No internet service,No internet service,No internet service,No internet service,No internet service,No internet service,Partial Protection
1282-IHQAC,No,No phone service,DSL,No,Yes,Yes,No,Yes,No,Partial Protection
9127-FHJBZ,Yes,Yes,Fiber optic,Yes,Yes,Yes,Yes,Yes,Yes,Full Protection
6270-OMFIW,Yes,No,Fiber optic,No,Yes,No,No,Yes,Yes,Partial Protection
1641-RQDAY,Yes,Yes,Fiber optic,No,Yes,No,No,Yes,Yes,Partial Protection
0107-WESLM,Yes,No,No,No internet service,No internet service,No internet service,No internet service,No internet service,No internet service,Partial Protection
6994-ORCWG,Yes,Yes,DSL,No,Yes,No,No,No,No,Partial Protection
1346-UFHAX,Yes,Yes,Fiber optic,Yes,No,No,No,No,No,Partial Protection
3992-YWPKO,Yes,Yes,Fiber optic,No,Yes,Yes,Yes,Yes,Yes,Partial Protection
2933-XEUJM,Yes,Yes,DSL,Yes,No,Yes,No,Yes,Yes,Partial Protection
0125-LZQXK,Yes,No,Fiber optic,No,No,Yes,Yes,Yes,Yes,Partial Protection
5461-QKNTN,Yes,Yes,Fiber optic,No,Yes,No,Yes,Yes,No,Partial Protection
4835-YSJMR,Yes,No,DSL,No,No,No,Yes,No,No,Partial Protection
8399-YNDCH,Yes,No,DSL,No,No,Yes,No,Yes,No,Partial Protection
3164-YAXFY,No,No phone service,DSL,Yes,No,Yes,No,Yes,Yes,Partial Protection
0887-WBJVH,Yes,No,Fiber optic,No,No,No,Yes,Yes,Yes,Partial Protection
4660-IRIBM,Yes,No,Fiber optic,Yes,No,Yes,No,Yes,No,Partial Protection
5673-FSSMF,Yes,Yes,DSL,No,No,No,No,No,Yes,No Protection
7670-ZBPOQ,Yes,Yes,DSL,Yes,No,No,Yes,No,No,Partial Protection
8089-UZWLX,Yes,Yes,Fiber optic,No,No,Yes,No,Yes,Yes,Partial Protection
0080-OROZO,Yes,No,Fiber optic,No,No,Yes,Yes,Yes,Yes,Partial Protection
3916-NRPAP,Yes,No,Fiber optic,No,No,Yes,No,No,Yes,Partial Protection
6807-SIWJI,Yes,Yes,Fiber optic,Yes,Yes,No,No,Yes,Yes,Partial Protection
8221-HVAYI,Yes,Yes,DSL,Yes,Yes,Yes,Yes,No,No,Full Protection
1579-KLYDT,Yes,Yes,Fiber optic,No,No,Yes,No,Yes,No,Partial Protection
5232-NXPAY,Yes,No,DSL,No,No,Yes,Yes,Yes,Yes,Partial Protection
8967-SZQAS,Yes,No,DSL,No,Yes,No,No,No,No,Partial Protection
4468-KAZHE,Yes,No,DSL,No,Yes,No,No,No,Yes,Partial Protection
0455-ENTCR,Yes,Yes,DSL,Yes,Yes,No,Yes,Yes,Yes,Partial Protection
8944-AILEF,Yes,No,No,No internet service,No internet service,No internet service,No internet service,No internet service,No internet service,Partial Protection
5542-NKVRU,Yes,No,No,No internet service,No internet service,No internet service,No internet service,No internet service,No internet service,Partial Protection
7126-RBHSD,Yes,Yes,Fiber optic,Yes,No,No,No,No,No,Partial Protection
5370-IIVVL,Yes,Yes,Fiber optic,No,Yes,No,Yes,Yes,Yes,Partial Protection
6789-HJBWG,Yes,No,DSL,No,Yes,No,No,No,No,Partial Protection
3927-NLNRY,Yes,No,Fiber optic,No,Yes,No,No,Yes,Yes,Partial Protection
9087-EYCPR,Yes,Yes,No,No internet service,No internet service,No internet service,No internet service,No internet service,No internet service,Partial Protection
6791-YBNAK,No,No phone service,DSL,No,No,No,No,No,No,No Protection
6358-LYNGM,Yes,Yes,Fiber optic,No,No,No,No,No,No,No Protection
6077-BDPXA,Yes,No,Fiber optic,No,No,No,No,No,No,No Protection
0013-MHZWF,Yes,No,DSL,No,No,No,Yes,Yes,Yes,Partial Protection
5494-HECPR,Yes,No,Fiber optic,No,No,No,No,Yes,No,No Protection
8268-YDIXR,Yes,Yes,Fiber optic,Yes,Yes,Yes,No,No,No,Partial Protection
9824-BEMCV,Yes,No,Fiber optic,No,No,No,No,No,No,No Protection
1373-ORVIZ,Yes,Yes,DSL,No,No,No,Yes,No,Yes,Partial Protection
4291-SHSBH,Yes,No,Fiber optic,No,No,No,No,No,No,No Protection
6980-IMXXE,Yes,No,No,No internet service,No internet service,No internet service,No internet service,No internet service,No internet service,Partial Protection
9866-QEVEE,Yes,Yes,Fiber optic,No,No,No,No,No,Yes,No Protection
9897-KXHCM,Yes,No,Fiber optic,No,No,No,No,No,Yes,No Protection
0040-HALCW,Yes,No,No,No internet service,No internet service,No internet service,No internet service,No internet service,No internet service,Partial Protection
0784-GTUUK,Yes,Yes,No,No internet service,No internet service,No internet service,No internet service,No internet service,No internet service,Partial Protection
7979-CORPM,Yes,Yes,Fiber optic,No,Yes,No,No,Yes,No,Partial Protection
2294-DMMUS,Yes,Yes,DSL,No,No,No,No,Yes,Yes,No Protection
0872-JCPIB,Yes,Yes,DSL,Yes,No,No,No,No,Yes,Partial Protection
3055-MJDSB,No,No phone service,DSL,No,No,No,No,No,No,No Protection
9091-WTUUY,Yes,No,DSL,Yes,No,Yes,Yes,Yes,No,Partial Protection
1618-CFHME,Yes,Yes,Fiber optic,No,No,No,No,No,No,No Protection
3165-HDOEW,Yes,No,DSL,No,No,No,No,No,No,No Protection
6581-NQCBA,No,No phone service,DSL,No,No,No,Yes,Yes,Yes,Partial Protection
7115-IRDHS,Yes,Yes,No,No internet service,No internet service,No internet service,No internet service,No internet service,No internet service,Partial Protection
8496-DMZUK,Yes,Yes,Fiber optic,Yes,Yes,Yes,No,No,No,Partial Protection
2040-VZIKE,Yes,Yes,Fiber optic,Yes,No,No,No,Yes,Yes,Partial Protection
9068-VPWQQ,Yes,Yes,DSL,Yes,No,Yes,Yes,No,Yes,Partial Protection
0178-SZBHO,Yes,Yes,Fiber optic,No,Yes,No,No,Yes,No,Partial Protection
0384-RVBPI,Yes,No,DSL,Yes,No,Yes,No,No,Yes,Partial Protection
1689-MRZQR,Yes,No,Fiber optic,No,No,No,No,Yes,No,No Protection
1299-AURJA,Yes,Yes,No,No internet service,No internet service,No internet service,No internet service,No internet service,No internet service,Partial Protection
4525-VZCZG,Yes,No,Fiber optic,Yes,Yes,No,Yes,Yes,Yes,Partial Protection
1543-LLLFT,Yes,Yes,Fiber optic,No,Yes,Yes,Yes,Yes,No,Partial Protection
5835-BEQEU,Yes,Yes,Fiber optic,No,No,No,No,No,No,No Protection
2788-CJQAQ,Yes,No,No,No internet service,No internet service,No internet service,No internet service,No internet service,No internet service,Partial Protection
5565-FILXA,Yes,Yes,Fiber optic,No,No,No,No,Yes,Yes,No Protection
0319-QZTCO,Yes,No,DSL,No,Yes,No,No,Yes,No,Partial Protection
2120-SMPEX,Yes,No,No,No internet service,No internet service,No internet service,No internet service,No internet service,No internet service,Partial Protection
0096-FCPUF,Yes,Yes,DSL,Yes,No,No,No,No,Yes,Partial Protection
0668-OGMHD,No,No phone service,DSL,Yes,No,No,No,No,No,Partial Protection
5552-ZNFSJ,Yes,No,DSL,No,No,No,No,No,No,No Protection
2223-KAGMX,Yes,No,No,No internet service,No internet service,No internet service,No internet service,No internet service,No internet service,Partial Protection
6507-ZJSUR,Yes,No,Fiber optic,No,No,No,No,Yes,Yes,No Protection
9408-HRXRK,Yes,Yes,Fiber optic,Yes,Yes,No,No,Yes,Yes,Partial Protection
5593-SUAOO,Yes,Yes,Fiber optic,No,Yes,Yes,No,No,No,Partial Protection
7321-PKUYW,Yes,Yes,Fiber optic,No,No,No,Yes,Yes,No,Partial Protection
2833-SLKDQ,Yes,No,DSL,No,No,No,No,No,No,No Protection
6766-HFKLA,Yes,Yes,Fiber optic,No,No,Yes,Yes,Yes,Yes,Partial Protection
7595-EUIVN,Yes,No,Fiber optic,No,Yes,No,No,No,No,Partial Protection
7617-EYGLW,Yes,No,No,No internet service,No internet service,No internet service,No internet service,No internet service,No internet service,Partial Protection
2026-TGDHM,Yes,No,Fiber optic,No,No,No,No,No,Yes,No Protection
9220-ZNKJI,Yes,No,Fiber optic,No,No,Yes,Yes,Yes,No,Partial Protection
4030-VPZBD,No,No phone service,DSL,No,No,No,Yes,No,No,Partial Protection
2226-ICFDO,Yes,Yes,DSL,Yes,No,Yes,Yes,Yes,Yes,Partial Protection
0723-VSOBE,No,No phone service,DSL,No,No,No,No,No,Yes,No Protection
5529-GIBVH,Yes,No,No,No internet service,No internet service,No internet service,No internet service,No internet service,No internet service,Partial Protection
4187-CINZD,Yes,No,Fiber optic,No,Yes,No,No,Yes,Yes,Partial Protection
9992-UJOEL,Yes,No,DSL,No,Yes,No,No,No,No,Partial Protection
4741-WWJQZ,Yes,No,Fiber optic,Yes,No,No,Yes,No,No,Partial Protection
6625-UTXEW,Yes,No,DSL,No,Yes,No,No,No,No,Partial Protection
6818-WOBHJ,Yes,Yes,Fiber optic,No,Yes,No,No,No,Yes,Partial Protection
6244-BESBM,Yes,No,Fiber optic,No,No,No,Yes,Yes,Yes,Partial Protection
1004-NOZNR,Yes,No,Fiber optic,Yes,No,No,No,Yes,Yes,Partial Protection
1251-STYSZ,Yes,Yes,Fiber optic,Yes,No,No,No,No,No,Partial Protection
2612-PHGOX,Yes,Yes,DSL,No,Yes,Yes,Yes,Yes,No,Partial Protection
2408-TZMJL,Yes,Yes,Fiber optic,Yes,Yes,Yes,No,Yes,Yes,Partial Protection
8480-PPONV,Yes,Yes,Fiber optic,Yes,Yes,Yes,Yes,Yes,Yes,Full Protection
8780-IHCRN,Yes,Yes,No,No internet service,No internet service,No internet service,No internet service,No internet service,No internet service,Partial Protection
4598-ZADCK,No,No phone service,DSL,Yes,Yes,Yes,Yes,Yes,No,Full Protection
1257-SXUXQ,Yes,No,No,No internet service,No internet service,No internet service,No internet service,No internet service,No internet service,Partial Protection
9681-KYGYB,Yes,Yes,Fiber optic,Yes,Yes,Yes,No,No,No,Partial Protection
7182-OVLBJ,Yes,Yes,Fiber optic,Yes,No,No,No,Yes,Yes,Partial Protection
5095-ETBRJ,Yes,No,DSL,Yes,Yes,No,Yes,No,No,Partial Protection
7005-CYUIL,Yes,No,Fiber optic,Yes,Yes,Yes,Yes,Yes,No,Full Protection
4821-WQOYN,Yes,No,No,No internet service,No internet service,No internet service,No internet service,No internet service,No internet service,Partial Protection
4730-AWNAU,No,No phone service,DSL,Yes,No,Yes,Yes,Yes,Yes,Partial Protection
3452-FLHYD,Yes,No,No,No internet service,No internet service,No internet service,No internet service,No internet service,No internet service,Partial Protection
2388-LAESQ,Yes,Yes,Fiber optic,Yes,Yes,Yes,Yes,Yes,Yes,Full Protection
9531-NSBMR,Yes,No,No,No internet service,No internet service,No internet service,No internet service,No internet service,No internet service,Partial Protection
6260-ONULR,Yes,No,DSL,No,No,No,No,Yes,Yes,No Protection
4389-UEFCZ,Yes,Yes,Fiber optic,Yes,No,Yes,No,Yes,Yes,Partial Protection
8711-LOBKY,Yes,No,No,No internet service,No internet service,No internet service,No internet service,No internet service,No internet service,Partial Protection
9134-CEQMF,Yes,No,Fiber optic,No,No,No,No,Yes,Yes,No Protection
8985-OOPOS,Yes,No,DSL,No,No,Yes,Yes,Yes,Yes,Partial Protection
8800-ZKRFW,Yes,Yes,Fiber optic,No,Yes,Yes,Yes,Yes,Yes,Partial Protection
2616-FLVQC,Yes,No,No,No internet service,No internet service,No internet service,No internet service,No internet service,No internet service,Partial Protection
9968-FFVVH,Yes,Yes,DSL,Yes,Yes,Yes,Yes,No,No,Full Protection
3108-PCCGG,Yes,Yes,DSL,Yes,Yes,Yes,No,Yes,Yes,Partial Protection
7993-PYKOF,Yes,No,Fiber optic,Yes,No,No,No,No,No,Partial Protection
8390-FESFV,Yes,Yes,DSL,No,Yes,Yes,Yes,Yes,Yes,Partial Protection
3022-BEXHZ,Yes,Yes,Fiber optic,No,Yes,Yes,Yes,Yes,Yes,Partial Protection
5027-XWQHA,Yes,No,DSL,No,No,No,No,No,No,No Protection
6248-TKCQV,Yes,Yes,DSL,Yes,No,No,Yes,Yes,Yes,Partial Protection
6729-GDNGC,Yes,No,Fiber optic,No,No,No,No,Yes,No,No Protection
6198-ZFIOJ,Yes,Yes,Fiber optic,No,No,No,No,No,No,No Protection
5989-OMNJE,No,No phone service,DSL,Yes,Yes,Yes,No,Yes,Yes,Partial Protection
4566-QVRRW,Yes,No,DSL,No,No,No,No,No,No,No Protection
1291-CUOCY,Yes,Yes,Fiber optic,No,Yes,Yes,Yes,Yes,Yes,Partial Protection
9795-SHUHB,Yes,No,DSL,Yes,Yes,No,Yes,No,No,Partial Protection
3230-IUALN,Yes,No,DSL,Yes,No,Yes,Yes,Yes,Yes,Partial Protection
0042-RLHYP,Yes,No,No,No internet service,No internet service,No internet service,No internet service,No internet service,No internet service,Partial Protection
8519-IMDHU,Yes,Yes,Fiber optic,No,No,No,No,No,Yes,No Protection
4945-RVMTE,Yes,No,DSL,No,No,Yes,No,Yes,No,Partial Protection
0201-OAMXR,Yes,Yes,Fiber optic,Yes,Yes,Yes,Yes,Yes,Yes,Full Protection
1866-NXPSP,Yes,No,DSL,Yes,Yes,Yes,Yes,No,Yes,Full Protection
3372-KWFBM,Yes,Yes,Fiber optic,No,No,No,No,Yes,No,No Protection
7831-QGOXH,Yes,Yes,Fiber optic,No,No,No,No,Yes,No,No Protection
6393-WRYZE,Yes,Yes,Fiber optic,No,No,No,No,Yes,Yes,No Protection
3941-XTSKM,No,No phone service,DSL,No,Yes,Yes,No,No,Yes,Partial Protection
1661-CZBAU,Yes,Yes,DSL,Yes,No,No,Yes,No,Yes,Partial Protection
6599-RCLCJ,Yes,Yes,Fiber optic,No,Yes,Yes,Yes,Yes,Yes,Partial Protection
9831-BPFRI,Yes,Yes,Fiber optic,No,Yes,Yes,Yes,No,No,Partial Protection
5158-RIVOP,Yes,No,No,No internet service,No internet service,No internet service,No internet service,No internet service,No internet service,Partial Protection
9788-YTFGE,Yes,No,No,No internet service,No internet service,No internet service,No internet service,No internet service,No internet service,Partial Protection
9277-JOOMO,Yes,Yes,No,No internet service,No internet service,No internet service,No internet service,No internet service,No internet service,Partial Protection
1907-YLNYW,Yes,No,DSL,Yes,No,Yes,No,No,Yes,Partial Protection
1725-MIMXW,Yes,No,No,No internet service,No internet service,No internet service,No internet service,No internet service,No internet service,Partial Protection
8947-YRTDV,Yes,No,Fiber optic,Yes,Yes,Yes,No,No,Yes,Partial Protection
3161-ONRWK,Yes,No,DSL,Yes,Yes,Yes,Yes,No,No,Full Protection
0114-RSRRW,Yes,No,No,No internet service,No internet service,No internet service,No internet service,No internet service,No internet service,Partial Protection
4565-NLZBV,Yes,Yes,No,No internet service,No internet service,No internet service,No internet service,No internet service,No internet service,Partial Protection
0031-PVLZI,Yes,No,No,No internet service,No internet service,No internet service,No internet service,No internet service,No internet service,Partial Protection
7206-GZCDC,Yes,No,Fiber optic,No,No,No,No,No,No,No Protection
6682-VCIXC,No,No phone service,DSL,Yes,Yes,No,Yes,Yes,No,Partial Protection
4791-QRGMF,Yes,Yes,Fiber optic,No,No,Yes,No,Yes,Yes,Partial Protection
6475-VHUIZ,Yes,No,DSL,No,No,Yes,Yes,No,No,Partial Protection
3910-MRQOY,Yes,No,No,No internet service,No internet service,No internet service,No internet service,No internet service,No internet service,Partial Protection
0661-WCQNQ,Yes,No,DSL,Yes,No,No,Yes,No,No,Partial Protection
7537-RBWEA,No,No phone service,DSL,No,No,No,No,No,No,No Protection
4656-CAURT,Yes,Yes,No,No internet service,No internet service,No internet service,No internet service,No internet service,No internet service,Partial Protection
0121-SNYRK,No,No phone service,DSL,Yes,No,No,Yes,No,No,Partial Protection
1768-ZAIFU,No,No phone service,DSL,No,No,No,No,No,No,No Protection
4671-LXRDQ,Yes,No,DSL,No,No,No,No,No,No,No Protection
3733-LSYCE,Yes,No,Fiber optic,No,Yes,No,No,No,No,Partial Protection
6265-FRMTQ,Yes,No,No,No internet service,No internet service,No internet service,No internet service,No internet service,No internet service,Partial Protection
1934-SJVJK,Yes,No,No,No internet service,No internet service,No internet service,No internet service,No internet service,No internet service,Partial Protection
3838-OZURD,Yes,Yes,Fiber optic,No,Yes,Yes,No,Yes,Yes,Partial Protection
1371-DWPAZ,No,No phone service,DSL,Yes,Yes,Yes,Yes,Yes,No,Full Protection
9269-CQOOL,Yes,No,DSL,No,No,No,No,Yes,No,No Protection
2017-CCBLH,Yes,No,No,No internet service,No internet service,No internet service,No internet service,No internet service,No internet service,Partial Protection
7690-KPNCU,Yes,No,DSL,Yes,No,Yes,No,Yes,Yes,Partial Protection
0536-BGFMZ,Yes,No,No,No internet service,No internet service,No internet service,No internet service,No internet service,No internet service,Partial Protection
2293-IJWPS,Yes,Yes,Fiber optic,No,No,Yes,No,Yes,Yes,Partial Protection
2845-HSJCY,Yes,Yes,Fiber optic,No,No,Yes,No,No,Yes,Partial Protection
5469-NUJUR,Yes,No,No,No internet service,No internet service,No internet service,No internet service,No internet service,No internet service,Partial Protection
1184-PJVDB,Yes,No,Fiber optic,No,No,No,No,Yes,No,No Protection
2625-TRCZQ,No,No phone service,DSL,No,Yes,No,No,Yes,Yes,Partial Protection
4102-HLENU,Yes,Yes,DSL,Yes,Yes,Yes,No,No,No,Partial Protection
7266-GSSJX,Yes,No,No,No internet service,No internet service,No internet service,No internet service,No internet service,No internet service,Partial Protection
7722-VJRQD,No,No phone service,DSL,Yes,No,Yes,Yes,Yes,Yes,Partial Protection
7073-QETQY,Yes,No,No,No internet service,No internet service,No internet service,No internet service,No internet service,No internet service,Partial Protection
9415-DPEWS,Yes,Yes,Fiber optic,No,No,No,Yes,Yes,No,Partial Protection
5624-RYAMH,Yes,No,No,No internet service,No internet service,No internet service,No internet service,No internet service,No internet service,Partial Protection
0196-JTUQI,Yes,Yes,Fiber optic,No,No,No,No,No,No,No Protection
7130-YXBRO,Yes,Yes,Fiber optic,Yes,Yes,Yes,No,Yes,Yes,Partial Protection
9272-LSVYH,Yes,No,Fiber optic,No,No,No,No,No,No,No Protection
7943-RQCHR,Yes,Yes,Fiber optic,No,No,No,No,Yes,Yes,No Protection
3793-MMFUH,Yes,Yes,Fiber optic,No,No,No,No,Yes,Yes,No Protection
3249-ZPQRG,Yes,Yes,Fiber optic,No,Yes,No,No,No,No,Partial Protection
2568-BRGYX,Yes,No,Fiber optic,No,No,No,No,No,No,No Protection
3084-DOWLE,Yes,Yes,DSL,Yes,Yes,Yes,Yes,Yes,Yes,Full Protection
1084-MNSMJ,Yes,No,DSL,Yes,Yes,Yes,Yes,Yes,Yes,Full Protection
7721-JXEAW,No,No phone service,DSL,No,Yes,No,No,No,Yes,Partial Protection
7249-WBIYX,Yes,Yes,Fiber optic,No,No,No,No,Yes,No,No Protection
4238-HFHSN,Yes,Yes,Fiber optic,No,Yes,No,No,No,No,Partial Protection
6250-CGGUN,Yes,No,Fiber optic,Yes,No,Yes,Yes,No,No,Partial Protection
5478-JJVZK,Yes,Yes,DSL,Yes,Yes,No,No,No,No,Partial Protection
7596-IIWYC,Yes,No,No,No internet service,No internet service,No internet service,No internet service,No internet service,No internet service,Partial Protection
6567-HOOPW,Yes,No,Fiber optic,No,No,No,No,Yes,No,No Protection
9793-WECQC,Yes,No,Fiber optic,No,Yes,No,No,Yes,Yes,Partial Protection
4291-HPAXL,Yes,No,No,No internet service,No internet service,No internet service,No internet service,No internet service,No internet service,Partial Protection
8999-YPYBV,Yes,No,DSL,Yes,Yes,Yes,Yes,Yes,Yes,Full Protection
1839-FBNFR,Yes,No,No,No internet service,No internet service,No internet service,No internet service,No internet service,No internet service,Partial Protection
3164-AALRN,Yes,No,DSL,No,No,Yes,No,Yes,Yes,Partial Protection
3071-MVJCD,Yes,Yes,DSL,Yes,Yes,Yes,Yes,Yes,No,Full Protection
1697-BCSHV,Yes,Yes,DSL,No,Yes,No,No,Yes,No,Partial Protection
0562-KBDVM,No,No phone service,DSL,Yes,Yes,Yes,Yes,No,No,Full Protection
1131-SUEKT,Yes,No,Fiber optic,No,Yes,No,Yes,Yes,Yes,Partial Protection
3717-OEAUQ,Yes,No,Fiber optic,No,No,No,No,No,No,No Protection
4538-WNTMJ,Yes,Yes,No,No internet service,No internet service,No internet service,No internet service,No internet service,No internet service,Partial Protection
3334-CTHOL,Yes,Yes,DSL,No,No,No,No,No,No,No Protection
4704-ERYFC,Yes,No,Fiber optic,No,No,No,No,No,No,No Protection
9432-RUVSL,Yes,No,Fiber optic,Yes,No,Yes,Yes,Yes,Yes,Partial Protection
8060-HIWJJ,Yes,Yes,DSL,No,Yes,Yes,Yes,Yes,Yes,Partial Protection
7684-XSZIY,Yes,Yes,No,No internet service,No internet service,No internet service,No internet service,No internet service,No internet service,Partial Protection
9089-UOWJG,Yes,No,DSL,No,No,Yes,No,Yes,No,Partial Protection
8621-MNIHH,Yes,Yes,Fiber optic,No,Yes,Yes,No,No,Yes,Partial Protection
8039-ACLPL,Yes,No,DSL,Yes,Yes,Yes,No,No,Yes,Partial Protection
9885-AIBVB,Yes,Yes,Fiber optic,No,Yes,Yes,No,No,No,Partial Protection
1934-MKPXS,Yes,No,No,No internet service,No internet service,No internet service,No internet service,No internet service,No internet service,Partial Protection
2592-YKDIF,Yes,No,No,No internet service,No internet service,No internet service,No internet service,No internet service,No internet service,Partial Protection
2272-JKMSI,Yes,Yes,Fiber optic,No,Yes,Yes,Yes,Yes,Yes,Partial Protection
0471-LVHGK,Yes,Yes,DSL,No,No,Yes,No,Yes,Yes,Partial Protection
9518-RWHZL,Yes,Yes,Fiber optic,No,No,Yes,No,Yes,Yes,Partial Protection
8714-CTZJW,Yes,No,Fiber optic,No,No,Yes,No,No,Yes,Partial Protection
3569-EDBPQ,Yes,Yes,Fiber optic,Yes,No,No,Yes,No,No,Partial Protection
3131-NWVFJ,Yes,No,No,No internet service,No internet service,No internet service,No internet service,No internet service,No internet service,Partial Protection
7521-YXVZY,Yes,No,No,No internet service,No internet service,No internet service,No internet service,No internet service,No internet service,Partial Protection
5419-CONWX,Yes,No,Fiber optic,No,Yes,Yes,No,Yes,Yes,Partial Protection
6240-EURKS,No,No phone service,DSL,No,No,No,No,No,Yes,No Protection
2373-NTKOD,Yes,No,DSL,No,No,No,No,Yes,Yes,No Protection
1970-KKFWL,Yes,Yes,No,No internet service,No internet service,No internet service,No internet service,No internet service,No internet service,Partial Protection
6960-HVYXR,Yes,Yes,Fiber optic,No,No,No,No,No,No,No Protection
9337-SRRNI,Yes,Yes,No,No internet service,No internet service,No internet service,No internet service,No internet service,No internet service,Partial Protection
0895-UADGO,No,No phone service,DSL,Yes,No,No,Yes,No,Yes,Partial Protection
5678-VFNEQ,Yes,Yes,Fiber optic,Yes,No,Yes,No,Yes,Yes,Partial Protection
5977-CKHON,Yes,Yes,Fiber optic,No,No,Yes,No,No,Yes,Partial Protection
7024-OHCCK,Yes,Yes,Fiber optic,No,No,No,No,Yes,Yes,No Protection
2692-BUCFV,Yes,No,Fiber optic,No,Yes,Yes,No,Yes,Yes,Partial Protection
7861-UVUFT,Yes,No,Fiber optic,No,No,Yes,No,Yes,No,Partial Protection
1830-GGFNM,Yes,Yes,Fiber optic,Yes,Yes,Yes,Yes,No,No,Full Protection
5302-BDJNT,Yes,Yes,Fiber optic,No,No,Yes,Yes,Yes,No,Partial Protection
5223-UZAVK,Yes,No,Fiber optic,Yes,Yes,No,No,Yes,Yes,Partial Protection
4859-ZSRDZ,No,No phone service,DSL,No,No,Yes,Yes,Yes,Yes,Partial Protection
5651-WYIPH,Yes,No,DSL,No,Yes,No,No,No,No,Partial Protection
9350-VLHMB,Yes,Yes,Fiber optic,No,Yes,No,No,No,Yes,Partial Protection
3498-LZGQZ,Yes,No,No,No internet service,No internet service,No internet service,No internet service,No internet service,No internet service,Partial Protection
8785-CJSHH,Yes,Yes,Fiber optic,No,Yes,No,No,Yes,Yes,Partial Protection
5357-TZHPP,Yes,Yes,Fiber optic,No,No,No,No,No,Yes,No Protection
3870-SPZSI,Yes,Yes,Fiber optic,Yes,Yes,Yes,Yes,Yes,Yes,Full Protection
0680-DFNNY,Yes,Yes,Fiber optic,No,No,Yes,No,Yes,Yes,Partial Protection
7560-QRBXH,Yes,No,No,No internet service,No internet service,No internet service,No internet service,No internet service,No internet service,Partial Protection
7077-XJMET,Yes,No,DSL,No,No,Yes,Yes,Yes,Yes,Partial Protection
8752-GHJFU,Yes,Yes,Fiber optic,Yes,Yes,Yes,Yes,No,No,Full Protection
6896-SRVYQ,Yes,No,Fiber optic,No,No,Yes,No,No,No,Partial Protection
7767-UXAGJ,Yes,Yes,DSL,No,No,No,No,No,No,No Protection
4652-ODEVH,Yes,Yes,No,No internet service,No internet service,No internet service,No internet service,No internet service,No internet service,Partial Protection
6510-UPNKS,Yes,Yes,No,No internet service,No internet service,No internet service,No internet service,No internet service,No internet service,Partial Protection
6718-BDGHG,Yes,Yes,DSL,No,No,No,Yes,Yes,No,Partial Protection
9046-DQMTP,Yes,No,No,No internet service,No internet service,No internet service,No internet service,No internet service,No internet service,Partial Protection
6439-LAJXL,Yes,No,DSL,Yes,Yes,No,Yes,Yes,No,Partial Protection
1571-SAVHK,Yes,Yes,Fiber optic,No,No,No,Yes,Yes,Yes,Partial Protection
9052-VKDUW,Yes,Yes,Fiber optic,Yes,Yes,Yes,No,Yes,Yes,Partial Protection
9546-CQJSU,Yes,Yes,Fiber optic,No,No,Yes,No,Yes,No,Partial Protection
1666-JZPZT,Yes,Yes,DSL,No,No,No,No,No,No,No Protection
5777-KJIRB,Yes,No,DSL,No,No,Yes,No,No,No,Partial Protection
0506-LVNGN,Yes,No,Fiber optic,No,No,Yes,No,No,No,Partial Protection
7677-SJJJK,Yes,No,No,No internet service,No internet service,No internet service,No internet service,No internet service,No internet service,Partial Protection
2480-EJWYP,Yes,Yes,Fiber optic,No,Yes,No,No,Yes,Yes,Partial Protection
3253-HKOKL,Yes,No,Fiber optic,Yes,No,Yes,No,Yes,Yes,Partial Protection
7055-HNEOJ,Yes,No,DSL,No,No,Yes,Yes,No,No,Partial Protection
5514-YQENT,Yes,No,Fiber optic,Yes,Yes,Yes,Yes,Yes,Yes,Full Protection
3211-AAPKX,Yes,Yes,Fiber optic,No,No,No,Yes,Yes,Yes,Partial Protection
8445-DNBAE,Yes,Yes,DSL,No,No,No,No,No,No,No Protection
2951-QOQTK,Yes,Yes,Fiber optic,No,No,No,Yes,No,No,Partial Protection
2958-NHPPS,Yes,No,No,No internet service,No internet service,No internet service,No internet service,No internet service,No internet service,Partial Protection
6806-YDEUL,Yes,No,No,No internet service,No internet service,No internet service,No internet service,No internet service,No internet service,Partial Protection
1735-XMJVH,Yes,No,No,No internet service,No internet service,No internet service,No internet service,No internet service,No internet service,Partial Protection
6890-PFRQX,Yes,Yes,DSL,Yes,No,Yes,No,Yes,No,Partial Protection
0222-CNVPT,No,No phone service,DSL,Yes,No,No,No,Yes,Yes,Partial Protection
5899-OUVKV,Yes,No,Fiber optic,No,Yes,No,No,Yes,Yes,Partial Protection
8681-ICONS,Yes,No,No,No internet service,No internet service,No internet service,No internet service,No internet service,No internet service,Partial Protection
1621-YNCJH,Yes,Yes,Fiber optic,Yes,Yes,Yes,Yes,No,Yes,Full Protection
3473-XIIIT,Yes,Yes,Fiber optic,No,Yes,No,No,Yes,Yes,Partial Protection
6362-QHAFM,Yes,Yes,Fiber optic,No,No,Yes,Yes,Yes,Yes,Partial Protection
7893-IXHRQ,Yes,No,No,No internet service,No internet service,No internet service,No internet service,No internet service,No internet service,Partial Protection
3070-BDOQC,Yes,No,Fiber optic,No,Yes,Yes,No,Yes,Yes,Partial Protection
2952-QAYZF,Yes,Yes,Fiber optic,No,Yes,Yes,No,No,No,Partial Protection
6234-PFPXL,Yes,Yes,Fiber optic,Yes,No,No,Yes,Yes,No,Partial Protection
9824-QCJPK,Yes,No,No,No internet service,No internet service,No internet service,No internet service,No internet service,No internet service,Partial Protection
4763-PGDPO,Yes,No,Fiber optic,No,No,No,No,No,No,No Protection
4283-IVYCI,Yes,No,DSL,Yes,No,No,Yes,No,Yes,Partial Protection
1866-OBPNR,Yes,No,Fiber optic,No,Yes,No,No,No,No,Partial Protection
8205-MQUGY,Yes,No,DSL,Yes,No,No,No,No,No,Partial Protection
8970-ANWXO,Yes,Yes,DSL,No,No,No,Yes,Yes,Yes,Partial Protection
9480-BQJEI,Yes,Yes,Fiber optic,Yes,Yes,No,No,No,Yes,Partial Protection
5394-SVGJV,Yes,Yes,Fiber optic,No,No,No,Yes,Yes,Yes,Partial Protection
6979-TNDEU,Yes,No,No,No internet service,No internet service,No internet service,No internet service,No internet service,No internet service,Partial Protection
9777-WJJPR,Yes,Yes,Fiber optic,No,No,Yes,No,Yes,No,Partial Protection
9283-LZQOH,Yes,Yes,Fiber optic,No,No,No,No,No,No,No Protection
7079-QRCBC,Yes,Yes,Fiber optic,No,No,Yes,No,Yes,Yes,Partial Protection
9495-SKLKD,Yes,Yes,Fiber optic,No,Yes,Yes,No,No,Yes,Partial Protection
6048-UWKAL,Yes,Yes,Fiber optic,No,Yes,No,Yes,Yes,Yes,Partial Protection
5067-DGXLL,Yes,No,No,No internet service,No internet service,No internet service,No internet service,No internet service,No internet service,Partial Protection
5469-CTCWN,Yes,Yes,Fiber optic,Yes,Yes,No,No,Yes,Yes,Partial Protection
9851-QXEEQ,Yes,Yes,Fiber optic,No,Yes,Yes,No,Yes,Yes,Partial Protection
6281-FKEWS,No,No phone service,DSL,No,No,Yes,No,Yes,Yes,Partial Protection
8898-KASCD,No,No phone service,DSL,No,No,Yes,Yes,No,No,Partial Protection
9242-TKFSV,No,No phone service,DSL,Yes,Yes,Yes,Yes,Yes,Yes,Full Protection
9290-SHCMB,Yes,No,Fiber optic,No,No,Yes,No,Yes,Yes,Partial Protection
0743-HNPFG,Yes,No,DSL,Yes,Yes,No,Yes,No,Yes,Partial Protection
2277-BKJKN,Yes,No,Fiber optic,No,Yes,Yes,No,Yes,Yes,Partial Protection
9809-IMGCQ,Yes,Yes,Fiber optic,No,No,No,No,Yes,Yes,No Protection
5208-HFSBT,Yes,No,DSL,No,Yes,No,Yes,No,No,Partial Protection
5035-PGZXH,Yes,Yes,Fiber optic,No,Yes,Yes,No,Yes,Yes,Partial Protection
8695-WDYEA,Yes,No,DSL,Yes,No,No,No,No,No,Partial Protection
6543-JXSOO,Yes,No,DSL,Yes,Yes,No,Yes,No,No,Partial Protection
8016-ZMGMO,Yes,Yes,DSL,No,Yes,Yes,No,Yes,No,Partial Protection
8605-ITULD,Yes,No,No,No internet service,No internet service,No internet service,No internet service,No internet service,No internet service,Partial Protection
3254-YRILK,Yes,Yes,Fiber optic,No,Yes,No,No,Yes,No,Partial Protection
6416-YJTTB,Yes,No,Fiber optic,Yes,No,Yes,No,No,No,Partial Protection
2667-WYLWJ,Yes,No,No,No internet service,No internet service,No internet service,No internet service,No internet service,No internet service,Partial Protection
4472-VESGY,Yes,Yes,Fiber optic,Yes,Yes,Yes,No,No,Yes,Partial Protection
3195-TQDZX,Yes,No,No,No internet service,No internet service,No internet service,No internet service,No internet service,No internet service,Partial Protection
3128-YOVTD,Yes,No,Fiber optic,Yes,Yes,No,No,No,No,Partial Protection
0529-ONKER,Yes,Yes,Fiber optic,No,No,No,No,No,No,No Protection
1728-CXQBE,Yes,Yes,Fiber optic,No,Yes,Yes,No,No,Yes,Partial Protection
7041-TXQJH,No,No phone service,DSL,No,No,Yes,No,No,Yes,Partial Protection
5014-GSOUQ,Yes,No,No,No internet service,No internet service,No internet service,No internet service,No internet service,No internet service,Partial Protection
5724-BIDBU,Yes,Yes,DSL,Yes,No,No,No,No,No,Partial Protection
0481-SUMCB,Yes,Yes,Fiber optic,No,No,Yes,No,Yes,Yes,Partial Protection
1769-GRUIK,Yes,No,Fiber optic,No,No,No,No,No,No,No Protection
5240-IJOQT,Yes,Yes,Fiber optic,No,No,No,No,No,No,No Protection
8819-WFGGJ,No,No phone service,DSL,Yes,No,Yes,No,Yes,Yes,Partial Protection
7427-AUFPY,Yes,No,No,No internet service,No internet service,No internet service,No internet service,No internet service,No internet service,Partial Protection
2811-POVEX,Yes,No,Fiber optic,No,Yes,Yes,No,No,Yes,Partial Protection
1092-GANHU,Yes,No,Fiber optic,No,No,Yes,No,No,No,Partial Protection
7898-PDWQE,Yes,Yes,DSL,Yes,Yes,Yes,Yes,No,Yes,Full Protection
9972-EWRJS,Yes,No,No,No internet service,No internet service,No internet service,No internet service,No internet service,No internet service,Partial Protection
9314-IJWSQ,Yes,Yes,Fiber optic,No,No,No,No,Yes,No,No Protection
0661-XEYAN,No,No phone service,DSL,No,No,No,No,No,No,No Protection
5799-JRCZO,Yes,No,No,No internet service,No internet service,No internet service,No internet service,No internet service,No internet service,Partial Protection
1921-KYSAY,Yes,Yes,DSL,No,No,Yes,Yes,No,Yes,Partial Protection
6198-RTPMF,Yes,Yes,Fiber optic,No,No,No,No,Yes,Yes,No Protection
2924-KHUVI,Yes,Yes,Fiber optic,Yes,No,No,No,Yes,Yes,Partial Protection
1925-GMVBW,Yes,No,No,No internet service,No internet service,No internet service,No internet service,No internet service,No internet service,Partial Protection
7881-EVUAD,No,No phone service,DSL,Yes,Yes,No,No,No,Yes,Partial Protection
6184-DYUOB,Yes,No,No,No internet service,No internet service,No internet service,No internet service,No internet service,No internet service,Partial Protection
9207-ZPANB,Yes,Yes,DSL,Yes,Yes,Yes,Yes,No,No,Full Protection
5766-XQXMQ,Yes,No,DSL,Yes,Yes,Yes,No,No,Yes,Partial Protection
9327-QSDED,Yes,No,DSL,No,No,No,No,No,No,No Protection
1656-DRSMG,Yes,Yes,Fiber optic,No,Yes,Yes,Yes,Yes,Yes,Partial Protection
3012-VFFMN,Yes,No,No,No internet service,No internet service,No internet service,No internet service,No internet service,No internet service,Partial Protection
2984-AFWNC,Yes,No,Fiber optic,No,Yes,No,No,Yes,Yes,Partial Protection
0640-YJTPY,Yes,No,No,No internet service,No internet service,No internet service,No internet service,No internet service,No internet service,Partial Protection
8096-LOIST,Yes,No,DSL,No,No,No,No,No,Yes,No Protection
9764-REAFF,Yes,No,No,No internet service,No internet service,No internet service,No internet service,No internet service,No internet service,Partial Protection
3703-VAVCL,Yes,No,Fiber optic,No,No,Yes,Yes,No,Yes,Partial Protection
7107-UBYKY,Yes,Yes,No,No internet service,No internet service,No internet service,No internet service,No internet service,No internet service,Partial Protection
4881-GQJTW,Yes,No,No,No internet service,No internet service,No internet service,No internet service,No internet service,No internet service,Partial Protection
8519-QJGJD,Yes,No,Fiber optic,No,No,Yes,No,No,No,Partial Protection
7876-DNYAP,Yes,No,No,No internet service,No internet service,No internet service,No internet service,No internet service,No internet service,Partial Protection
7905-NJMXS,Yes,Yes,DSL,Yes,Yes,No,Yes,No,No,Partial Protection
2882-WDTBA,Yes,No,DSL,Yes,Yes,Yes,Yes,Yes,No,Full Protection
2091-GPPIQ,Yes,Yes,DSL,No,Yes,No,Yes,Yes,Yes,Partial Protection
6326-MTTXK,Yes,Yes,Fiber optic,No,Yes,No,No,Yes,Yes,Partial Protection
5071-FBJFS,Yes,No,DSL,Yes,No,No,No,No,No,Partial Protection
2796-UUZZO,Yes,No,Fiber optic,No,Yes,Yes,No,No,No,Partial Protection
2429-AYKKO,Yes,No,No,No internet service,No internet service,No internet service,No internet service,No internet service,No internet service,Partial Protection
9798-OPFEM,Yes,No,No,No internet service,No internet service,No internet service,No internet service,No internet service,No internet service,Partial Protection
0330-IVZHA,Yes,No,Fiber optic,No,No,No,No,No,No,No Protection
3794-NFNCH,Yes,No,DSL,No,No,Yes,No,No,No,Partial Protection
5193-QLVZB,Yes,Yes,Fiber optic,No,Yes,Yes,No,Yes,Yes,Partial Protection
7114-AEOZE,Yes,No,No,No internet service,No internet service,No internet service,No internet service,No internet service,No internet service,Partial Protection
2886-KEFUM,Yes,Yes,Fiber optic,No,Yes,Yes,No,Yes,Yes,Partial Protection
5522-NYKPB,Yes,No,Fiber optic,No,No,No,Yes,Yes,No,Partial Protection
4237-RLAQD,Yes,No,DSL,No,No,No,No,No,No,No Protection
9957-YODKZ,Yes,Yes,Fiber optic,No,No,Yes,No,No,No,Partial Protection
6518-KZXCB,Yes,Yes,No,No internet service,No internet service,No internet service,No internet service,No internet service,No internet service,Partial Protection
2245-ADZFJ,Yes,Yes,DSL,No,Yes,No,Yes,Yes,Yes,Partial Protection
7776-QGYJC,Yes,No,Fiber optic,No,No,Yes,Yes,No,No,Partial Protection
9313-QOLTZ,Yes,No,No,No internet service,No internet service,No internet service,No internet service,No internet service,No internet service,Partial Protection
9651-GTSAQ,Yes,No,Fiber optic,Yes,Yes,Yes,No,Yes,Yes,Partial Protection
3186-BAXNB,Yes,No,Fiber optic,No,Yes,No,Yes,Yes,No,Partial Protection
4672-FOTSD,Yes,Yes,DSL,Yes,Yes,No,Yes,No,No,Partial Protection
0637-YLETY,Yes,Yes,Fiber optic,No,Yes,Yes,No,No,Yes,Partial Protection
9818-XQCUV,Yes,No,No,No internet service,No internet service,No internet service,No internet service,No internet service,No internet service,Partial Protection
7338-ERIVA,No,No phone service,DSL,Yes,No,No,Yes,Yes,No,Partial Protection
1157-BQCUW,Yes,Yes,Fiber optic,No,No,No,No,No,No,No Protection
8259-NFJTV,No,No phone service,DSL,Yes,No,No,Yes,No,No,Partial Protection
3223-DWFIO,Yes,No,Fiber optic,No,No,No,No,No,No,No Protection
2660-EMUBI,Yes,Yes,Fiber optic,No,No,No,No,Yes,Yes,No Protection
6968-GMKPR,Yes,No,Fiber optic,No,Yes,Yes,No,No,No,Partial Protection
4751-ERMAN,Yes,No,DSL,No,Yes,Yes,No,Yes,Yes,Partial Protection
1436-ZMJAN,Yes,No,DSL,No,No,Yes,No,Yes,Yes,Partial Protection
3292-PBZEJ,Yes,Yes,Fiber optic,No,Yes,Yes,Yes,Yes,Yes,Partial Protection
0799-DDIHE,Yes,No,DSL,No,No,No,No,No,No,No Protection
3070-FNFZQ,Yes,No,No,No internet service,No internet service,No internet service,No internet service,No internet service,No internet service,Partial Protection
2812-SFXMJ,Yes,No,No,No internet service,No internet service,No internet service,No internet service,No internet service,No internet service,Partial Protection
7675-OZCZG,Yes,No,DSL,No,No,No,No,No,No,No Protection
5014-WUQMG,Yes,No,Fiber optic,Yes,Yes,Yes,No,No,Yes,Partial Protection
5312-TSZVC,Yes,No,No,No internet service,No internet service,No internet service,No internet service,No internet service,No internet service,Partial Protection
2003-CKLOR,Yes,No,Fiber optic,No,Yes,Yes,No,Yes,Yes,Partial Protection
0993-OSGPT,Yes,No,DSL,No,Yes,Yes,Yes,No,No,Partial Protection
9254-RBFON,Yes,No,Fiber optic,No,No,Yes,Yes,Yes,Yes,Partial Protection
1205-WNWPJ,Yes,No,DSL,No,No,No,Yes,Yes,No,Partial Protection
9391-EOYLI,Yes,No,Fiber optic,No,No,No,No,No,Yes,No Protection
7108-DGVUU,Yes,Yes,DSL,No,Yes,Yes,No,No,Yes,Partial Protection
2782-JEEBU,No,No phone service,DSL,No,Yes,No,Yes,No,No,Partial Protection
5127-BZENZ,Yes,Yes,DSL,Yes,No,No,No,Yes,No,Partial Protection
2720-FVBQP,Yes,Yes,DSL,No,No,No,No,No,No,No Protection
9906-NHHVC,No,No phone service,DSL,No,Yes,Yes,No,Yes,Yes,Partial Protection
4522-XRWWI,Yes,Yes,DSL,Yes,No,No,Yes,Yes,Yes,Partial Protection
3766-EJLFL,Yes,Yes,Fiber optic,Yes,No,Yes,Yes,Yes,Yes,Partial Protection
5939-SXWHM,Yes,Yes,No,No internet service,No internet service,No internet service,No internet service,No internet service,No internet service,Partial Protection
8152-UOBNY,Yes,Yes,Fiber optic,No,Yes,No,Yes,Yes,Yes,Partial Protection
7351-KYHQH,Yes,No,DSL,No,Yes,Yes,No,Yes,No,Partial Protection
7643-RCHXS,Yes,No,No,No internet service,No internet service,No internet service,No internet service,No internet service,No internet service,Partial Protection
8246-SHFGA,Yes,No,No,No internet service,No internet service,No internet service,No internet service,No internet service,No internet service,Partial Protection
8387-MOJJT,Yes,No,Fiber optic,No,No,No,No,Yes,No,No Protection
0620-XEFWH,Yes,No,No,No internet service,No internet service,No internet service,No internet service,No internet service,No internet service,Partial Protection
6485-QXWWE,Yes,Yes,No,No internet service,No internet service,No internet service,No internet service,No internet service,No internet service,Partial Protection
2761-OCIAX,Yes,No,Fiber optic,No,Yes,No,No,No,No,Partial Protection
7321-VGNKU,Yes,No,Fiber optic,No,No,No,No,No,No,No Protection
5327-CNLUQ,Yes,Yes,Fiber optic,Yes,Yes,Yes,No,Yes,No,Partial Protection
7552-KEYGT,Yes,No,No,No internet service,No internet service,No internet service,No internet service,No internet service,No internet service,Partial Protection
5816-JMLGY,Yes,No,DSL,No,Yes,Yes,Yes,Yes,Yes,Partial Protection
3068-OMWZA,Yes,Yes,Fiber optic,No,No,Yes,No,Yes,No,Partial Protection
2927-QRRQV,Yes,Yes,Fiber optic,No,Yes,Yes,No,Yes,No,Partial Protection
6032-KRXXO,Yes,No,Fiber optic,No,No,No,No,Yes,Yes,No Protection
7459-RRWQZ,Yes,Yes,DSL,Yes,No,No,No,No,Yes,Partial Protection
6265-SXWBU,Yes,Yes,Fiber optic,No,Yes,Yes,No,Yes,No,Partial Protection
7941-RCJOW,Yes,No,No,No internet service,No internet service,No internet service,No internet service,No internet service,No internet service,Partial Protection
6374-NTQLP,Yes,No,Fiber optic,Yes,No,Yes,Yes,Yes,Yes,Partial Protection
4154-AQUGT,Yes,No,Fiber optic,No,Yes,No,Yes,No,Yes,Partial Protection
2387-KDZQY,Yes,No,No,No internet service,No internet service,No internet service,No internet service,No internet service,No internet service,Partial Protection
3584-WKTTW,Yes,Yes,Fiber optic,Yes,No,Yes,Yes,Yes,Yes,Partial Protection
3399-BMLVW,Yes,No,DSL,Yes,Yes,No,Yes,No,No,Partial Protection
1971-DTCZB,Yes,Yes,DSL,Yes,Yes,Yes,Yes,Yes,Yes,Full Protection
3092-IGHWF,Yes,Yes,Fiber optic,No,Yes,Yes,No,No,No,Partial Protection
3374-PZLXD,Yes,No,No,No internet service,No internet service,No internet service,No internet service,No internet service,No internet service,Partial Protection
3813-DHBBB,No,No phone service,DSL,Yes,Yes,No,Yes,No,Yes,Partial Protection
2812-REYAT,Yes,No,No,No internet service,No internet service,No internet service,No internet service,No internet service,No internet service,Partial Protection
6518-PPLMZ,Yes,No,No,No internet service,No internet service,No internet service,No internet service,No internet service,No internet service,Partial Protection
4939-KYYPY,Yes,Yes,DSL,No,No,Yes,Yes,No,No,Partial Protection
8017-LXHFA,Yes,No,Fiber optic,No,Yes,No,No,Yes,Yes,Partial Protection
5930-GBIWP,Yes,Yes,DSL,Yes,Yes,Yes,Yes,No,Yes,Full Protection
6022-KOUQO,No,No phone service,DSL,No,No,No,Yes,No,No,Partial Protection
6352-TWCAU,Yes,Yes,Fiber optic,No,No,No,No,Yes,No,No Protection
2361-UPSND,Yes,No,DSL,Yes,Yes,No,Yes,No,Yes,Partial Protection
6035-RIIOM,Yes,Yes,Fiber optic,No,Yes,No,No,Yes,Yes,Partial Protection
2929-QNSRW,Yes,Yes,Fiber optic,No,Yes,No,No,Yes,Yes,Partial Protection
1262-OPMFY,Yes,No,Fiber optic,No,No,Yes,No,No,No,Partial Protection
9504-DSHWM,Yes,Yes,DSL,Yes,No,No,Yes,No,No,Partial Protection
5035-BVCXS,Yes,No,Fiber optic,No,Yes,No,No,No,No,Partial Protection
6267-DCFFZ,Yes,Yes,Fiber optic,No,Yes,No,No,Yes,No,Partial Protection
3533-UVMOM,Yes,No,DSL,Yes,Yes,Yes,No,No,Yes,Partial Protection
2439-LYPMQ,Yes,Yes,Fiber optic,No,Yes,Yes,No,Yes,Yes,Partial Protection
4248-QPAVC,Yes,Yes,Fiber optic,Yes,No,Yes,No,No,No,Partial Protection
1899-VXWXM,Yes,Yes,Fiber optic,No,Yes,Yes,No,Yes,Yes,Partial Protection
1478-VPOAD,Yes,No,DSL,No,No,No,No,No,No,No Protection
9995-HOTOH,No,No phone service,DSL,Yes,Yes,Yes,No,Yes,Yes,Partial Protection
2988-PLAHS,Yes,No,DSL,No,No,Yes,No,Yes,Yes,Partial Protection
1371-OJCEK,Yes,Yes,No,No internet service,No internet service,No internet service,No internet service,No internet service,No internet service,Partial Protection
4999-IEZLT,No,No phone service,DSL,No,No,No,Yes,No,No,Partial Protection
8883-ANODQ,Yes,Yes,Fiber optic,No,Yes,Yes,No,No,No,Partial Protection
4690-LLKUA,Yes,No,DSL,No,No,No,No,No,No,No Protection
2351-RRBUE,Yes,No,No,No internet service,No internet service,No internet service,No internet service,No internet service,No internet service,Partial Protection
5980-BDHPY,Yes,Yes,DSL,Yes,Yes,Yes,Yes,Yes,Yes,Full Protection
1498-DQNRX,Yes,No,No,No internet service,No internet service,No internet service,No internet service,No internet service,No internet service,Partial Protection
9469-WEJBT,Yes,No,Fiber optic,No,No,Yes,Yes,No,Yes,Partial Protection
3331-HQDTW,Yes,Yes,Fiber optic,Yes,Yes,Yes,No,Yes,Yes,Partial Protection
9490-DFPMD,Yes,Yes,Fiber optic,No,No,No,No,Yes,No,No Protection
2581-VKIRT,Yes,Yes,DSL,Yes,Yes,No,Yes,No,No,Partial Protection
5442-XSDCW,Yes,No,Fiber optic,No,No,No,No,Yes,No,No Protection
7426-WEIJX,Yes,Yes,Fiber optic,Yes,No,No,No,No,No,Partial Protection
2851-MMUTZ,Yes,No,DSL,No,Yes,No,Yes,No,No,Partial Protection
3049-NDXFL,Yes,Yes,Fiber optic,No,No,No,No,No,Yes,No Protection
8580-AECUZ,Yes,No,Fiber optic,No,No,No,No,Yes,No,No Protection
3307-TLCUD,No,No phone service,DSL,Yes,No,Yes,No,No,No,Partial Protection
6625-FLENO,Yes,No,No,No internet service,No internet service,No internet service,No internet service,No internet service,No internet service,Partial Protection
2967-MXRAV,Yes,No,No,No internet service,No internet service,No internet service,No internet service,No internet service,No internet service,Partial Protection
7963-GQRMY,Yes,No,DSL,No,No,No,No,No,No,No Protection
8189-HBVRW,Yes,Yes,Fiber optic,Yes,Yes,Yes,No,No,No,Partial Protection
4163-KIUHY,Yes,Yes,No,No internet service,No internet service,No internet service,No internet service,No internet service,No internet service,Partial Protection
1228-FZFRV,Yes,Yes,Fiber optic,Yes,No,Yes,No,Yes,Yes,Partial Protection
3500-NSDOA,Yes,Yes,DSL,No,Yes,No,Yes,No,Yes,Partial Protection
1171-TYKUR,Yes,Yes,No,No internet service,No internet service,No internet service,No internet service,No internet service,No internet service,Partial Protection
3761-FLYZI,Yes,Yes,Fiber optic,No,Yes,Yes,No,Yes,Yes,Partial Protection
2058-DCJBE,Yes,No,Fiber optic,No,No,No,No,No,No,No Protection
5364-XYIRR,Yes,Yes,Fiber optic,No,No,No,No,Yes,Yes,No Protection
4829-AUOAX,Yes,Yes,Fiber optic,No,No,No,No,Yes,Yes,No Protection
1219-NNDDO,Yes,Yes,Fiber optic,No,No,No,No,No,No,No Protection
8388-DMKAE,Yes,No,No,No internet service,No internet service,No internet service,No internet service,No internet service,No internet service,Partial Protection
4403-BWPAY,Yes,Yes,No,No internet service,No internet service,No internet service,No internet service,No internet service,No internet service,Partial Protection
9659-QEQSY,Yes,Yes,Fiber optic,Yes,Yes,Yes,Yes,Yes,Yes,Full Protection
5405-ZMYXQ,Yes,Yes,Fiber optic,No,No,No,No,No,No,No Protection
5047-LHVLY,Yes,No,DSL,No,No,Yes,No,No,No,Partial Protection
1442-OKRJE,Yes,No,Fiber optic,Yes,Yes,Yes,No,Yes,Yes,Partial Protection
4737-AQCPU,Yes,Yes,DSL,Yes,Yes,Yes,Yes,No,No,Full Protection
9158-VCTQB,Yes,Yes,Fiber optic,Yes,Yes,Yes,Yes,Yes,Yes,Full Protection
2808-CHTDM,Yes,Yes,No,No internet service,No internet service,No internet service,No internet service,No internet service,No internet service,Partial Protection
6311-UEUME,Yes,No,Fiber optic,No,No,No,No,Yes,No,No Protection
0793-TWELN,Yes,Yes,Fiber optic,Yes,No,No,No,No,No,Partial Protection
3283-WCWXT,Yes,Yes,No,No internet service,No internet service,No internet service,No internet service,No internet service,No internet service,Partial Protection
1060-ENTOF,Yes,Yes,Fiber optic,Yes,Yes,Yes,Yes,No,Yes,Full Protection
0999-QXNSA,Yes,No,DSL,No,No,No,No,No,No,No Protection
5451-MHQOF,Yes,Yes,No,No internet service,No internet service,No internet service,No internet service,No internet service,No internet service,Partial Protection
4836-WNFNO,Yes,Yes,No,No internet service,No internet service,No internet service,No internet service,No internet service,No internet service,Partial Protection
9225-BZLNZ,Yes,Yes,DSL,Yes,Yes,Yes,No,Yes,Yes,Partial Protection
0354-VXMJC,Yes,No,No,No internet service,No internet service,No internet service,No internet service,No internet service,No internet service,Partial Protection
4422-QVIJA,Yes,Yes,DSL,No,No,No,No,No,No,No Protection
9365-SRSZE,Yes,No,Fiber optic,No,No,No,No,No,No,No Protection
6839-ITVZJ,Yes,Yes,DSL,No,Yes,No,Yes,No,No,Partial Protection
8332-OSJDW,Yes,Yes,No,No internet service,No internet service,No internet service,No internet service,No internet service,No internet service,Partial Protection
4735-BJKOU,Yes,No,No,No internet service,No internet service,No internet service,No internet service,No internet service,No internet service,Partial Protection
0274-JKUJR,No,No phone service,DSL,Yes,Yes,Yes,No,Yes,Yes,Partial Protection
5740-YHGTW,Yes,Yes,Fiber optic,Yes,Yes,No,No,Yes,No,Partial Protection
8917-SZTTJ,Yes,No,No,No internet service,No internet service,No internet service,No internet service,No internet service,No internet service,Partial Protection
1696-MZVAU,No,No phone service,DSL,No,No,No,No,No,No,No Protection
7359-WWYJV,Yes,Yes,Fiber optic,Yes,Yes,Yes,Yes,Yes,Yes,Full Protection
0375-HVGXO,No,No phone service,DSL,No,No,No,No,Yes,No,No Protection
4906-ZHGPK,Yes,Yes,DSL,No,Yes,No,Yes,Yes,No,Partial Protection
8593-WHYHV,Yes,Yes,Fiber optic,No,No,No,No,No,Yes,No Protection
3795-GWTRD,Yes,No,DSL,Yes,Yes,Yes,Yes,Yes,No,Full Protection
1298-PHBTI,Yes,Yes,Fiber optic,No,Yes,No,Yes,No,No,Partial Protection
6223-DHJGV,Yes,No,No,No internet service,No internet service,No internet service,No internet service,No internet service,No internet service,Partial Protection
6961-MJKBO,Yes,No,No,No internet service,No internet service,No internet service,No internet service,No internet service,No internet service,Partial Protection
6097-EQISJ,Yes,Yes,Fiber optic,No,Yes,Yes,No,Yes,Yes,Partial Protection
4423-YLHDV,Yes,Yes,Fiber optic,Yes,No,Yes,No,Yes,Yes,Partial Protection
8158-WPEZG,No,No phone service,DSL,No,Yes,No,Yes,No,No,Partial Protection
0107-YHINA,Yes,Yes,Fiber optic,No,No,Yes,No,Yes,Yes,Partial Protection
4918-FYJNT,Yes,Yes,Fiber optic,No,Yes,Yes,Yes,No,No,Partial Protection
0727-BNRLG,Yes,Yes,Fiber optic,No,Yes,Yes,Yes,Yes,No,Partial Protection
4854-CIDCF,Yes,No,Fiber optic,No,No,Yes,No,No,No,Partial Protection
8640-SDGKB,Yes,No,DSL,No,No,Yes,Yes,Yes,Yes,Partial Protection
3280-MRDOF,Yes,Yes,DSL,No,No,Yes,Yes,Yes,No,Partial Protection
6435-SRWBJ,Yes,Yes,Fiber optic,No,No,Yes,Yes,No,No,Partial Protection
9964-WBQDJ,Yes,Yes,No,No internet service,No internet service,No internet service,No internet service,No internet service,No internet service,Partial Protection
6303-KFWSL,Yes,Yes,DSL,No,Yes,No,No,No,No,Partial Protection
1702-CCFNJ,Yes,Yes,DSL,No,Yes,No,Yes,No,No,Partial Protection
8932-CZHRQ,Yes,Yes,DSL,Yes,Yes,Yes,No,No,Yes,Partial Protection
0386-CWRGM,Yes,No,No,No internet service,No internet service,No internet service,No internet service,No internet service,No internet service,Partial Protection
5515-RUGKN,Yes,No,DSL,No,No,No,No,No,Yes,No Protection
0404-AHASP,Yes,No,No,No internet service,No internet service,No internet service,No internet service,No internet service,No internet service,Partial Protection
7279-NMVJC,Yes,No,No,No internet service,No internet service,No internet service,No internet service,No internet service,No internet service,Partial Protection
2081-VEYEH,Yes,No,Fiber optic,No,Yes,Yes,Yes,Yes,Yes,Partial Protection
6407-UTSLV,Yes,No,Fiber optic,No,Yes,No,No,Yes,No,Partial Protection
4116-TZAQJ,Yes,No,Fiber optic,Yes,No,No,No,No,No,Partial Protection
9060-HJJRW,No,No phone service,DSL,No,Yes,Yes,No,Yes,Yes,Partial Protection
2587-YNLES,Yes,No,No,No internet service,No internet service,No internet service,No internet service,No internet service,No internet service,Partial Protection
7398-SKNQZ,Yes,Yes,Fiber optic,No,No,No,No,Yes,Yes,No Protection
5935-FCCNB,Yes,Yes,Fiber optic,No,No,No,No,Yes,Yes,No Protection
1958-RNRKS,Yes,Yes,DSL,No,No,No,No,No,No,No Protection
5136-RGMZO,Yes,Yes,DSL,No,Yes,No,Yes,Yes,No,Partial Protection
8345-MVDYC,Yes,No,DSL,Yes,No,Yes,Yes,Yes,Yes,Partial Protection
8226-BXGES,Yes,Yes,Fiber optic,Yes,Yes,Yes,No,No,No,Partial Protection
3877-JRJIP,Yes,Yes,DSL,No,No,No,No,Yes,No,No Protection
8375-DKEBR,Yes,No,Fiber optic,No,No,No,No,No,No,No Protection
9705-IOVQQ,Yes,Yes,Fiber optic,No,Yes,No,No,Yes,Yes,Partial Protection
1015-OWJKI,Yes,No,No,No internet service,No internet service,No internet service,No internet service,No internet service,No internet service,Partial Protection
7511-YMXVQ,No,No phone service,DSL,No,No,No,No,Yes,Yes,No Protection
2040-XBAVJ,Yes,Yes,Fiber optic,Yes,Yes,Yes,Yes,Yes,Yes,Full Protection
7551-JOHTI,Yes,No,No,No internet service,No internet service,No internet service,No internet service,No internet service,No internet service,Partial Protection
8887-IPQNC,Yes,No,DSL,No,No,No,No,No,No,No Protection
8646-JCOMS,Yes,Yes,Fiber optic,No,Yes,Yes,Yes,No,No,Partial Protection
9804-ICWBG,Yes,No,Fiber optic,No,No,No,No,No,No,No Protection
1222-KJNZD,Yes,No,No,No internet service,No internet service,No internet service,No internet service,No internet service,No internet service,Partial Protection
0106-GHRQR,Yes,Yes,DSL,No,Yes,Yes,No,No,Yes,Partial Protection
5318-IXUZF,Yes,No,Fiber optic,No,Yes,No,No,Yes,No,Partial Protection
3768-VHXQO,Yes,Yes,No,No internet service,No internet service,No internet service,No internet service,No internet service,No internet service,Partial Protection
8952-WCVCD,Yes,No,Fiber optic,Yes,Yes,Yes,No,Yes,Yes,Partial Protection
2418-TPEUN,Yes,No,No,No internet service,No internet service,No internet service,No internet service,No internet service,No internet service,Partial Protection
3963-RYFNS,Yes,Yes,Fiber optic,Yes,Yes,Yes,Yes,Yes,Yes,Full Protection
3198-VELRD,Yes,Yes,Fiber optic,No,No,No,No,No,Yes,No Protection
8540-ZQGEA,Yes,No,No,No internet service,No internet service,No internet service,No internet service,No internet service,No internet service,Partial Protection
1320-REHCS,Yes,Yes,Fiber optic,No,Yes,Yes,Yes,Yes,Yes,Partial Protection
4137-JOPHL,Yes,No,Fiber optic,No,No,Yes,Yes,No,Yes,Partial Protection
9436-ZBZCT,Yes,Yes,Fiber optic,No,No,No,Yes,Yes,No,Partial Protection
7801-CEDNV,Yes,No,DSL,Yes,No,No,No,No,No,Partial Protection
2057-BOYKM,Yes,Yes,Fiber optic,Yes,Yes,Yes,Yes,No,No,Full Protection
3658-QQJYD,Yes,No,DSL,Yes,Yes,No,No,Yes,Yes,Partial Protection
1803-BGNBD,Yes,No,DSL,No,Yes,No,Yes,No,No,Partial Protection
0134-XWXCE,Yes,No,DSL,No,No,Yes,Yes,Yes,Yes,Partial Protection
6950-TWMYB,Yes,No,Fiber optic,No,Yes,No,Yes,No,No,Partial Protection
5848-FHRFC,Yes,No,No,No internet service,No internet service,No internet service,No internet service,No internet service,No internet service,Partial Protection
2243-FNMMI,Yes,No,No,No internet service,No internet service,No internet service,No internet service,No internet service,No internet service,Partial Protection
2511-MORQY,Yes,Yes,DSL,No,No,Yes,No,No,No,Partial Protection
5356-KZCKT,Yes,Yes,No,No internet service,No internet service,No internet service,No internet service,No internet service,No internet service,Partial Protection
9470-XCCEM,Yes,Yes,Fiber optic,No,Yes,No,No,Yes,No,Partial Protection
6519-CFDBX,Yes,No,DSL,No,No,No,No,No,No,No Protection
3902-MIVLE,Yes,Yes,DSL,Yes,No,Yes,Yes,No,Yes,Partial Protection
0409-WTMPL,Yes,Yes,Fiber optic,Yes,Yes,Yes,No,Yes,Yes,Partial Protection
8763-KIAFH,Yes,No,No,No internet service,No internet service,No internet service,No internet service,No internet service,No internet service,Partial Protection
3669-WHAFY,Yes,Yes,Fiber optic,Yes,Yes,Yes,Yes,Yes,Yes,Full Protection
3055-VTCGS,Yes,No,DSL,No,No,Yes,No,No,Yes,Partial Protection
3144-KMTWZ,Yes,Yes,Fiber optic,No,Yes,Yes,No,No,Yes,Partial Protection
7279-BUYWN,Yes,Yes,Fiber optic,Yes,Yes,Yes,No,Yes,Yes,Partial Protection
7156-MHUGY,Yes,No,Fiber optic,No,No,No,No,Yes,Yes,No Protection
7198-GLXTC,Yes,No,Fiber optic,No,No,No,No,Yes,No,No Protection
2007-QVGAW,Yes,No,No,No internet service,No internet service,No internet service,No internet service,No internet service,No internet service,Partial Protection
5207-PLSTK,Yes,No,DSL,Yes,No,No,No,No,No,Partial Protection
2307-FYNNL,Yes,Yes,Fiber optic,Yes,No,Yes,Yes,Yes,Yes,Partial Protection
5605-XNWEN,Yes,Yes,No,No internet service,No internet service,No internet service,No internet service,No internet service,No internet service,Partial Protection
2155-AMQRX,Yes,Yes,DSL,No,No,No,Yes,No,No,Partial Protection
6181-AXXYF,Yes,Yes,No,No internet service,No internet service,No internet service,No internet service,No internet service,No internet service,Partial Protection
5091-HFAZW,Yes,No,Fiber optic,Yes,Yes,No,No,Yes,No,Partial Protection
0516-VRYBW,Yes,No,No,No internet service,No internet service,No internet service,No internet service,No internet service,No internet service,Partial Protection
2519-LBNQL,Yes,Yes,Fiber optic,No,Yes,Yes,No,Yes,Yes,Partial Protection
8623-ULFNQ,Yes,Yes,DSL,No,No,No,Yes,No,Yes,Partial Protection
8380-PEFPE,Yes,No,Fiber optic,No,No,No,No,No,No,No Protection
5687-DKDTV,Yes,No,No,No internet service,No internet service,No internet service,No internet service,No internet service,No internet service,Partial Protection
1568-LJSZU,Yes,Yes,DSL,Yes,Yes,Yes,Yes,Yes,Yes,Full Protection
7530-HDYDS,Yes,No,Fiber optic,No,Yes,Yes,Yes,No,No,Partial Protection
7789-HKSBS,Yes,Yes,Fiber optic,Yes,No,Yes,No,Yes,Yes,Partial Protection
7416-CKTEP,Yes,No,No,No internet service,No internet service,No internet service,No internet service,No internet service,No internet service,Partial Protection
2586-CWXVV,No,No phone service,DSL,No,Yes,No,No,No,No,Partial Protection
3096-IZETN,Yes,No,Fiber optic,No,No,No,No,No,Yes,No Protection
2348-KCJLT,Yes,No,DSL,Yes,Yes,Yes,No,No,No,Partial Protection
8401-EMUWF,Yes,Yes,DSL,Yes,Yes,No,No,Yes,No,Partial Protection
4193-IBKSW,Yes,Yes,No,No internet service,No internet service,No internet service,No internet service,No internet service,No internet service,Partial Protection
5377-NDTOU,Yes,Yes,DSL,Yes,Yes,Yes,Yes,Yes,Yes,Full Protection
5922-ABDVO,Yes,Yes,Fiber optic,No,No,Yes,No,No,Yes,Partial Protection
2474-LCNUE,Yes,Yes,DSL,No,No,No,Yes,Yes,Yes,Partial Protection
0839-QNXME,Yes,No,No,No internet service,No internet service,No internet service,No internet service,No internet service,No internet service,Partial Protection
3506-OVLKD,Yes,Yes,No,No internet service,No internet service,No internet service,No internet service,No internet service,No internet service,Partial Protection
9172-ANCRX,Yes,Yes,Fiber optic,Yes,No,No,No,Yes,Yes,Partial Protection
6650-VJONK,Yes,No,DSL,No,No,No,No,No,No,No Protection
2178-PMGCJ,Yes,No,Fiber optic,No,No,No,No,No,No,No Protection
7492-TAFJD,No,No phone service,DSL,Yes,Yes,Yes,No,No,No,Partial Protection
2773-MADBQ,No,No phone service,DSL,Yes,Yes,Yes,Yes,No,Yes,Full Protection
6016-LVTJQ,Yes,No,No,No internet service,No internet service,No internet service,No internet service,No internet service,No internet service,Partial Protection
7860-KSUGX,Yes,Yes,DSL,Yes,Yes,Yes,No,No,No,Partial Protection
8966-KZXXA,Yes,Yes,No,No internet service,No internet service,No internet service,No internet service,No internet service,No internet service,Partial Protection
6910-HADCM,Yes,No,Fiber optic,No,No,Yes,No,No,No,Partial Protection
4816-LXZYW,Yes,Yes,Fiber optic,No,Yes,No,No,No,No,Partial Protection
9606-PBKBQ,Yes,Yes,Fiber optic,No,No,No,No,No,Yes,No Protection
5149-QYTTU,Yes,Yes,Fiber optic,Yes,Yes,Yes,Yes,No,No,Full Protection
2070-XYMFH,Yes,Yes,Fiber optic,No,No,Yes,No,No,No,Partial Protection
2085-BOJKI,Yes,No,Fiber optic,No,No,Yes,No,Yes,Yes,Partial Protection
0817-HSUSE,Yes,No,DSL,No,No,Yes,Yes,Yes,Yes,Partial Protection
5442-PPTJY,Yes,No,No,No internet service,No internet service,No internet service,No internet service,No internet service,No internet service,Partial Protection
1927-QEWMY,Yes,No,No,No internet service,No internet service,No internet service,No internet service,No internet service,No internet service,Partial Protection
1663-MHLHE,Yes,No,No,No internet service,No internet service,No internet service,No internet service,No internet service,No internet service,Partial Protection
5663-QBGIS,Yes,Yes,Fiber optic,No,Yes,No,No,Yes,Yes,Partial Protection
4450-MDZFX,Yes,Yes,Fiber optic,No,No,No,No,No,No,No Protection
6701-DHKWQ,No,No phone service,DSL,No,Yes,Yes,Yes,Yes,No,Partial Protection
7554-AKDQF,Yes,No,DSL,No,No,No,No,No,No,No Protection
3536-IQCTX,Yes,Yes,Fiber optic,No,No,No,No,No,Yes,No Protection
4911-BANWH,Yes,Yes,Fiber optic,No,No,No,No,Yes,No,No Protection
8496-EJAUI,Yes,No,Fiber optic,No,Yes,No,No,No,No,Partial Protection
0794-YVSGE,Yes,No,No,No internet service,No internet service,No internet service,No internet service,No internet service,No internet service,Partial Protection
5423-BHIXO,Yes,Yes,DSL,No,Yes,No,No,No,No,Partial Protection
6908-VVYHM,Yes,Yes,Fiber optic,No,Yes,No,No,No,Yes,Partial Protection
2959-EEXWB,No,No phone service,DSL,Yes,No,No,No,Yes,Yes,Partial Protection
1839-UMACK,Yes,Yes,No,No internet service,No internet service,No internet service,No internet service,No internet service,No internet service,Partial Protection
3030-YDNRM,Yes,Yes,Fiber optic,No,No,No,No,No,No,No Protection
7321-KKSDU,Yes,No,No,No internet service,No internet service,No internet service,No internet service,No internet service,No internet service,Partial Protection
3402-XRIUO,Yes,Yes,DSL,Yes,Yes,No,Yes,No,No,Partial Protection
3132-TVFDZ,No,No phone service,DSL,No,No,No,No,Yes,Yes,No Protection
8286-AFUYI,Yes,No,DSL,Yes,No,No,No,No,No,Partial Protection
8080-DDEMJ,Yes,No,DSL,No,No,No,No,No,No,No Protection
8356-WUAOJ,Yes,No,DSL,No,No,No,No,No,No,No Protection
6365-MTGZX,Yes,No,Fiber optic,No,No,No,Yes,Yes,Yes,Partial Protection
1349-WXNGG,Yes,No,No,No internet service,No internet service,No internet service,No internet service,No internet service,No internet service,Partial Protection
8058-DMYRU,Yes,Yes,Fiber optic,No,Yes,No,No,No,Yes,Partial Protection
9350-ZXYJC,Yes,Yes,No,No internet service,No internet service,No internet service,No internet service,No internet service,No internet service,Partial Protection
6990-YNRIO,Yes,Yes,Fiber optic,Yes,No,Yes,Yes,Yes,Yes,Partial Protection
8958-JPTRR,Yes,Yes,No,No internet service,No internet service,No internet service,No internet service,No internet service,No internet service,Partial Protection
6959-GQEGV,Yes,No,DSL,Yes,No,Yes,No,Yes,Yes,Partial Protection
3173-WSSUE,Yes,No,No,No internet service,No internet service,No internet service,No internet service,No internet service,No internet service,Partial Protection
1265-HVPZB,Yes,No,DSL,Yes,Yes,Yes,No,Yes,No,Partial Protection
4115-UMJFQ,No,No phone service,DSL,No,Yes,Yes,No,No,No,Partial Protection
7369-TRPFD,Yes,No,No,No internet service,No internet service,No internet service,No internet service,No internet service,No internet service,Partial Protection
1098-KFQEC,Yes,No,No,No internet service,No internet service,No internet service,No internet service,No internet service,No internet service,Partial Protection
7190-XHTWJ,Yes,No,No,No internet service,No internet service,No internet service,No internet service,No internet service,No internet service,Partial Protection
0621-TWIEM,Yes,No,DSL,No,No,No,No,No,No,No Protection
3537-RYBHH,Yes,Yes,DSL,Yes,Yes,Yes,No,No,No,Partial Protection
2485-ITVKB,No,No phone service,DSL,No,No,No,No,No,Yes,No Protection
3669-OYSJI,Yes,No,DSL,No,No,No,No,No,No,No Protection
1612-EOHDH,Yes,No,DSL,No,No,No,No,No,No,No Protection
6702-OHFWR,No,No phone service,DSL,No,Yes,Yes,No,No,Yes,Partial Protection
5296-BFCYD,Yes,No,No,No internet service,No internet service,No internet service,No internet service,No internet service,No internet service,Partial Protection
4510-PYUSH,Yes,No,DSL,Yes,Yes,No,No,No,No,Partial Protection
9359-JANWS,Yes,No,DSL,Yes,No,Yes,Yes,No,No,Partial Protection
7517-SAWMO,Yes,No,Fiber optic,Yes,No,No,No,No,No,Partial Protection
4143-HHPMK,Yes,No,Fiber optic,No,Yes,No,No,No,Yes,Partial Protection
3279-DYZQM,Yes,No,No,No internet service,No internet service,No internet service,No internet service,No internet service,No internet service,Partial Protection
7054-LGEQW,Yes,No,DSL,No,No,No,No,No,No,No Protection
0523-VNGTF,No,No phone service,DSL,No,Yes,Yes,Yes,Yes,No,Partial Protection
9575-IWCAZ,Yes,Yes,No,No internet service,No internet service,No internet service,No internet service,No internet service,No internet service,Partial Protection
7105-MXJLL,Yes,No,DSL,No,No,Yes,No,No,Yes,Partial Protection
7064-FRRSW,Yes,Yes,Fiber optic,No,Yes,No,No,Yes,Yes,Partial Protection
7940-UQQUG,Yes,Yes,Fiber optic,Yes,No,No,Yes,Yes,Yes,Partial Protection
0923-PNFUB,Yes,No,Fiber optic,No,Yes,No,No,Yes,No,Partial Protection
3961-SXAXY,Yes,No,DSL,No,No,No,No,No,No,No Protection
7010-BRBUU,Yes,Yes,No,No internet service,No internet service,No internet service,No internet service,No internet service,No internet service,Partial Protection
3566-HJGPK,Yes,No,DSL,No,No,No,No,No,No,No Protection
3062-ICYZQ,Yes,Yes,Fiber optic,Yes,Yes,No,No,No,Yes,Partial Protection
9938-PRCVK,Yes,No,No,No internet service,No internet service,No internet service,No internet service,No internet service,No internet service,Partial Protection
0973-KYVNF,Yes,No,DSL,Yes,Yes,Yes,No,Yes,No,Partial Protection
5129-HHMZC,Yes,Yes,DSL,Yes,Yes,No,Yes,Yes,Yes,Partial Protection
9637-CDTKZ,Yes,Yes,Fiber optic,Yes,Yes,Yes,Yes,Yes,Yes,Full Protection
3946-JEWRQ,Yes,Yes,Fiber optic,No,No,No,No,Yes,Yes,No Protection
7873-CVMAW,Yes,Yes,DSL,Yes,Yes,Yes,Yes,Yes,Yes,Full Protection
0463-WZZKO,Yes,No,No,No internet service,No internet service,No internet service,No internet service,No internet service,No internet service,Partial Protection
3494-JCHRQ,Yes,No,Fiber optic,No,No,No,No,No,No,No Protection
6474-FVJLC,Yes,Yes,Fiber optic,No,No,No,No,No,Yes,No Protection
4524-QCSSM,No,No phone service,DSL,Yes,Yes,No,No,No,Yes,Partial Protection
5832-EXGTT,Yes,No,DSL,Yes,No,No,No,No,Yes,Partial Protection
8840-DQLGN,Yes,Yes,Fiber optic,Yes,Yes,No,Yes,Yes,No,Partial Protection
2039-JONDJ,Yes,No,DSL,Yes,Yes,No,No,No,No,Partial Protection
7217-JYHOQ,Yes,No,DSL,Yes,Yes,No,Yes,No,Yes,Partial Protection
6695-FRVEC,Yes,No,DSL,Yes,No,Yes,Yes,No,No,Partial Protection
4547-LYTDD,Yes,Yes,Fiber optic,No,No,No,No,No,No,No Protection
9894-QMIMJ,Yes,No,DSL,No,Yes,Yes,No,No,No,Partial Protection
8069-YQQAJ,No,No phone service,DSL,No,Yes,No,No,No,No,Partial Protection
6770-XUAGN,Yes,No,No,No internet service,No internet service,No internet service,No internet service,No internet service,No internet service,Partial Protection
4193-ORFCL,Yes,No,DSL,No,No,No,No,No,No,No Protection
1636-NTNCO,No,No phone service,DSL,No,Yes,No,No,Yes,Yes,Partial Protection
3466-WAESX,Yes,Yes,DSL,Yes,Yes,No,No,No,Yes,Partial Protection
9281-PKKZE,No,No phone service,DSL,No,No,No,No,Yes,Yes,No Protection
3638-VBZTA,Yes,Yes,DSL,Yes,Yes,No,Yes,Yes,Yes,Partial Protection
7459-IMVYU,Yes,Yes,DSL,Yes,Yes,Yes,Yes,No,No,Full Protection
7776-QWNFX,Yes,No,DSL,No,Yes,No,No,No,No,Partial Protection
6689-TCZHQ,Yes,No,Fiber optic,No,No,No,No,No,Yes,No Protection
8563-OYMQY,Yes,No,Fiber optic,No,Yes,Yes,No,No,Yes,Partial Protection
0754-EEBDC,Yes,No,No,No internet service,No internet service,No internet service,No internet service,No internet service,No internet service,Partial Protection
5777-ZPQNC,Yes,No,No,No internet service,No internet service,No internet service,No internet service,No internet service,No internet service,Partial Protection
1951-IEYXM,Yes,Yes,DSL,Yes,Yes,Yes,Yes,Yes,Yes,Full Protection
3318-NMQXL,Yes,No,Fiber optic,No,No,No,No,Yes,Yes,No Protection
3143-ILDAL,Yes,Yes,Fiber optic,No,Yes,No,Yes,No,Yes,Partial Protection
1022-RKXDR,Yes,Yes,No,No internet service,No internet service,No internet service,No internet service,No internet service,No internet service,Partial Protection
2361-FJWNO,No,No phone service,DSL,No,Yes,No,Yes,No,No,Partial Protection
2272-UOINI,Yes,No,DSL,Yes,Yes,No,Yes,Yes,Yes,Partial Protection
8232-UTFOZ,Yes,No,No,No internet service,No internet service,No internet service,No internet service,No internet service,No internet service,Partial Protection
3750-YHRYO,Yes,No,No,No internet service,No internet service,No internet service,No internet service,No internet service,No internet service,Partial Protection
6637-KYRCV,No,No phone service,DSL,No,Yes,No,No,No,No,Partial Protection
5668-MEISB,Yes,Yes,Fiber optic,Yes,Yes,Yes,Yes,Yes,No,Full Protection
0129-QMPDR,Yes,No,No,No internet service,No internet service,No internet service,No internet service,No internet service,No internet service,Partial Protection
7188-CBBBA,Yes,Yes,Fiber optic,No,Yes,Yes,No,Yes,No,Partial Protection
5356-CSVSQ,Yes,Yes,DSL,No,No,No,Yes,Yes,No,Partial Protection
3221-CJMSG,Yes,No,DSL,No,No,No,Yes,No,No,Partial Protection
4720-VSTSI,Yes,Yes,Fiber optic,No,Yes,Yes,No,No,No,Partial Protection
3219-JQRSL,Yes,Yes,DSL,Yes,Yes,Yes,Yes,Yes,Yes,Full Protection
2801-NISEI,Yes,No,DSL,Yes,No,No,Yes,No,No,Partial Protection
3946-MHCZW,Yes,No,DSL,No,No,Yes,No,No,No,Partial Protection
4623-ZKHLY,Yes,No,No,No internet service,No internet service,No internet service,No internet service,No internet service,No internet service,Partial Protection
6732-VAILE,Yes,Yes,DSL,No,Yes,Yes,Yes,Yes,Yes,Partial Protection
8201-AAXCB,Yes,Yes,DSL,No,No,No,No,Yes,No,No Protection
7696-CFTAT,Yes,No,No,No internet service,No internet service,No internet service,No internet service,No internet service,No internet service,Partial Protection
1845-CSBRZ,Yes,Yes,Fiber optic,No,No,No,No,Yes,No,No Protection
2123-VSCOT,Yes,Yes,DSL,No,No,Yes,Yes,Yes,No,Partial Protection
6651-AZVTJ,Yes,Yes,Fiber optic,No,No,Yes,No,Yes,Yes,Partial Protection
4566-GOLUK,Yes,Yes,Fiber optic,No,No,Yes,Yes,Yes,Yes,Partial Protection
2484-DGXPZ,Yes,No,No,No internet service,No internet service,No internet service,No internet service,No internet service,No internet service,Partial Protection
2018-QKYGT,Yes,No,Fiber optic,No,No,No,No,No,Yes,No Protection
2792-VPPET,Yes,No,No,No internet service,No internet service,No internet service,No internet service,No internet service,No internet service,Partial Protection
7409-JURKQ,Yes,Yes,Fiber optic,No,Yes,Yes,Yes,Yes,Yes,Partial Protection
3247-MHJKM,Yes,No,No,No internet service,No internet service,No internet service,No internet service,No internet service,No internet service,Partial Protection
1964-SVLEA,Yes,No,No,No internet service,No internet service,No internet service,No internet service,No internet service,No internet service,Partial Protection
4587-NUKOX,Yes,No,Fiber optic,Yes,Yes,No,No,No,No,Partial Protection
7297-DVYGA,Yes,No,No,No internet service,No internet service,No internet service,No internet service,No internet service,No internet service,Partial Protection
2239-CGBUZ,Yes,No,DSL,Yes,Yes,No,Yes,No,No,Partial Protection
0854-UYHZD,Yes,No,No,No internet service,No internet service,No internet service,No internet service,No internet service,No internet service,Partial Protection
7243-LCGGZ,Yes,No,No,No internet service,No internet service,No internet service,No internet service,No internet service,No internet service,Partial Protection
8267-KFGYD,Yes,No,No,No internet service,No internet service,No internet service,No internet service,No internet service,No internet service,Partial Protection
4890-VMUAV,Yes,Yes,DSL,Yes,Yes,Yes,Yes,No,No,Full Protection
9261-WDCAF,Yes,No,DSL,No,No,No,No,No,Yes,No Protection
3764-MNMOI,Yes,No,No,No internet service,No internet service,No internet service,No internet service,No internet service,No internet service,Partial Protection
7442-YGZFK,Yes,Yes,DSL,No,No,No,No,No,No,No Protection
0420-BWTPW,No,No phone service,DSL,No,No,No,No,No,No,No Protection
8229-BUJHX,Yes,No,No,No internet service,No internet service,No internet service,No internet service,No internet service,No internet service,Partial Protection
7449-HVPIV,Yes,Yes,Fiber optic,No,No,Yes,No,Yes,No,Partial Protection
5504-WSIUR,Yes,Yes,Fiber optic,No,Yes,Yes,Yes,No,No,Partial Protection
8183-ONMXC,Yes,No,Fiber optic,No,No,No,No,No,Yes,No Protection
8466-PZBLH,Yes,Yes,Fiber optic,Yes,No,No,Yes,Yes,Yes,Partial Protection
9614-RMGHA,Yes,Yes,Fiber optic,No,Yes,No,No,Yes,No,Partial Protection
8735-IJJEG,Yes,No,DSL,No,No,Yes,No,No,No,Partial Protection
0564-MUUQK,Yes,Yes,Fiber optic,No,No,Yes,Yes,No,Yes,Partial Protection
5054-IEXZT,Yes,No,Fiber optic,No,Yes,No,No,No,No,Partial Protection
5834-ASPWA,Yes,Yes,Fiber optic,No,No,No,No,No,No,No Protection
0701-RFGFI,Yes,Yes,Fiber optic,No,No,No,No,Yes,Yes,No Protection
0019-EFAEP,Yes,Yes,Fiber optic,Yes,Yes,Yes,No,Yes,No,Partial Protection
5619-PTMIK,Yes,Yes,DSL,Yes,No,No,No,No,No,Partial Protection
3737-XBQDD,Yes,Yes,Fiber optic,No,Yes,Yes,No,No,No,Partial Protection
5882-CMAZQ,No,No phone service,DSL,No,Yes,No,Yes,No,No,Partial Protection
5846-QFDFI,Yes,Yes,Fiber optic,No,Yes,Yes,Yes,No,No,Partial Protection
4445-KWOKW,Yes,Yes,DSL,Yes,Yes,No,No,No,No,Partial Protection
3511-APPBJ,Yes,No,Fiber optic,Yes,No,Yes,No,Yes,Yes,Partial Protection
7967-HYCDE,Yes,No,Fiber optic,No,No,No,No,No,No,No Protection
2430-RRYUW,Yes,No,DSL,Yes,Yes,No,No,No,No,Partial Protection
3948-XHGNA,Yes,No,DSL,Yes,No,No,No,No,No,Partial Protection
3723-BFBGR,Yes,Yes,DSL,No,Yes,No,No,No,No,Partial Protection
0565-IYCGT,Yes,Yes,DSL,Yes,Yes,Yes,Yes,No,Yes,Full Protection
5447-WZAFP,Yes,No,Fiber optic,No,Yes,Yes,No,Yes,Yes,Partial Protection
5110-CHOPY,No,No phone service,DSL,Yes,No,Yes,No,Yes,Yes,Partial Protection
5445-UTODQ,Yes,No,Fiber optic,No,No,No,No,Yes,No,No Protection
4425-OWHWB,Yes,No,No,No internet service,No internet service,No internet service,No internet service,No internet service,No internet service,Partial Protection
7892-QVYKW,Yes,Yes,Fiber optic,No,No,No,No,No,Yes,No Protection
9675-ICXCT,Yes,No,DSL,Yes,No,Yes,Yes,Yes,Yes,Partial Protection
1024-VRZHF,Yes,Yes,Fiber optic,No,No,No,No,No,No,No Protection
4703-MQYKT,Yes,No,No,No internet service,No internet service,No internet service,No internet service,No internet service,No internet service,Partial Protection
9497-QCMMS,Yes,Yes,Fiber optic,No,No,No,No,Yes,Yes,No Protection
5692-ICXLW,Yes,Yes,Fiber optic,No,Yes,No,No,Yes,No,Partial Protection
0602-DDUML,Yes,No,DSL,No,Yes,Yes,Yes,Yes,No,Partial Protection
2208-MPXIO,Yes,No,No,No internet service,No internet service,No internet service,No internet service,No internet service,No internet service,Partial Protection
1960-UYCNN,Yes,Yes,Fiber optic,No,Yes,Yes,No,No,Yes,Partial Protection
0348-SDKOL,Yes,Yes,Fiber optic,No,No,Yes,Yes,Yes,Yes,Partial Protection
3190-FZATL,Yes,No,No,No internet service,No internet service,No internet service,No internet service,No internet service,No internet service,Partial Protection
7336-RLLRH,Yes,Yes,DSL,Yes,No,No,Yes,Yes,Yes,Partial Protection
4373-MAVJG,Yes,Yes,Fiber optic,No,Yes,No,No,No,Yes,Partial Protection
8901-HJXTF,No,No phone service,DSL,No,Yes,No,No,No,No,Partial Protection
7710-JSYOA,Yes,Yes,Fiber optic,No,Yes,No,Yes,No,Yes,Partial Protection
5419-KLXBN,Yes,No,Fiber optic,No,Yes,Yes,No,Yes,No,Partial Protection
3424-NMNBO,Yes,Yes,Fiber optic,Yes,Yes,Yes,No,Yes,Yes,Partial Protection
9885-MFVSU,No,No phone service,DSL,Yes,No,No,Yes,Yes,No,Partial Protection
4514-GFCFI,Yes,Yes,Fiber optic,No,No,No,No,Yes,No,No Protection
0607-MVMGC,Yes,Yes,DSL,No,Yes,Yes,No,Yes,Yes,Partial Protection
3365-SAIGS,Yes,No,Fiber optic,No,Yes,No,No,Yes,No,Partial Protection
9828-AOQLM,Yes,No,DSL,No,No,No,No,No,No,No Protection
8022-BECSI,Yes,No,No,No internet service,No internet service,No internet service,No internet service,No internet service,No internet service,Partial Protection
8000-REIQB,Yes,No,Fiber optic,No,No,No,No,No,No,No Protection
9993-LHIEB,Yes,No,DSL,Yes,No,Yes,Yes,No,Yes,Partial Protection
0266-CLZKZ,Yes,Yes,Fiber optic,No,No,Yes,Yes,Yes,Yes,Partial Protection
7615-ESMYF,No,No phone service,DSL,No,No,No,No,Yes,Yes,No Protection
3858-VOBET,Yes,Yes,Fiber optic,No,No,No,No,No,No,No Protection
7020-OZKXZ,Yes,No,Fiber optic,No,No,Yes,No,No,No,Partial Protection
3977-QCRSL,Yes,No,No,No internet service,No internet service,No internet service,No internet service,No internet service,No internet service,Partial Protection
0017-DINOC,No,No phone service,DSL,Yes,No,No,Yes,Yes,No,Partial Protection
1447-PJGGA,Yes,No,Fiber optic,No,No,Yes,No,Yes,Yes,Partial Protection
8565-CLBZW,Yes,Yes,Fiber optic,No,No,Yes,No,Yes,No,Partial Protection
9139-WQQDY,Yes,Yes,Fiber optic,No,Yes,No,No,Yes,Yes,Partial Protection
0224-HJAPT,Yes,Yes,DSL,No,No,No,No,No,No,No Protection
8086-OVPWV,Yes,No,Fiber optic,No,No,No,No,No,Yes,No Protection
9430-FRQOC,Yes,Yes,Fiber optic,No,No,Yes,Yes,No,No,Partial Protection
7639-OPLNG,Yes,Yes,DSL,Yes,Yes,Yes,Yes,Yes,No,Full Protection
3074-GQWYX,Yes,Yes,Fiber optic,No,No,No,No,No,No,No Protection
1492-QGCLU,Yes,Yes,DSL,Yes,No,Yes,Yes,Yes,Yes,Partial Protection
6845-RGTYS,Yes,Yes,Fiber optic,Yes,Yes,Yes,No,Yes,No,Partial Protection
7328-OWMOM,Yes,No,No,No internet service,No internet service,No internet service,No internet service,No internet service,No internet service,Partial Protection
4418-LZMSV,Yes,No,DSL,No,Yes,Yes,Yes,No,No,Partial Protection
5155-AZQPB,Yes,Yes,DSL,No,No,No,No,No,No,No Protection
8861-HGGKB,Yes,Yes,Fiber optic,No,No,No,No,No,Yes,No Protection
1087-GRUYI,Yes,No,No,No internet service,No internet service,No internet service,No internet service,No internet service,No internet service,Partial Protection
7065-YUNRY,Yes,No,DSL,No,No,No,No,No,No,No Protection
7694-VLBWQ,Yes,Yes,Fiber optic,No,Yes,Yes,No,Yes,Yes,Partial Protection
2546-KZAAT,Yes,No,DSL,Yes,Yes,No,No,Yes,Yes,Partial Protection
0181-RITDD,Yes,No,Fiber optic,Yes,Yes,Yes,Yes,Yes,Yes,Full Protection
5989-PGKJB,Yes,No,Fiber optic,No,Yes,No,No,No,Yes,Partial Protection
4795-KTRTH,Yes,Yes,Fiber optic,No,Yes,No,No,No,No,Partial Protection
8272-ONJLV,Yes,No,Fiber optic,No,No,Yes,No,Yes,Yes,Partial Protection
1488-PBLJN,Yes,Yes,Fiber optic,Yes,Yes,Yes,Yes,Yes,Yes,Full Protection
0308-GIQJT,Yes,Yes,Fiber optic,No,Yes,No,Yes,Yes,Yes,Partial Protection
3778-FOAQW,Yes,No,No,No internet service,No internet service,No internet service,No internet service,No internet service,No internet service,Partial Protection
4452-ROHMO,Yes,No,No,No internet service,No internet service,No internet service,No internet service,No internet service,No internet service,Partial Protection
6481-OGDOO,Yes,No,Fiber optic,Yes,Yes,No,No,No,Yes,Partial Protection
3090-LETTY,Yes,Yes,DSL,Yes,Yes,No,No,No,No,Partial Protection
5349-AZPEW,No,No phone service,DSL,No,No,No,No,No,No,No Protection
3753-TSEMP,Yes,No,Fiber optic,No,No,No,No,Yes,Yes,No Protection
8305-VHZBZ,Yes,No,No,No internet service,No internet service,No internet service,No internet service,No internet service,No internet service,Partial Protection
9720-JJJOR,Yes,No,DSL,Yes,Yes,Yes,No,No,No,Partial Protection
8100-HZZLJ,Yes,No,DSL,Yes,Yes,No,No,No,Yes,Partial Protection
8775-ERLNB,Yes,Yes,Fiber optic,No,No,No,No,No,No,No Protection
8309-IEYJD,Yes,No,Fiber optic,No,No,No,No,No,No,No Protection
9172-JITSM,Yes,No,Fiber optic,No,No,No,No,Yes,Yes,No Protection
6298-QDFNH,Yes,Yes,Fiber optic,No,Yes,No,No,No,No,Partial Protection
7398-HPYZQ,Yes,Yes,DSL,Yes,Yes,Yes,Yes,Yes,Yes,Full Protection
3546-GHEAE,Yes,No,No,No internet service,No internet service,No internet service,No internet service,No internet service,No internet service,Partial Protection
7361-YPXFS,Yes,Yes,DSL,No,Yes,Yes,Yes,No,No,Partial Protection
6557-BZXLQ,Yes,No,Fiber optic,No,No,No,No,No,No,No Protection
2550-QHZGP,Yes,No,No,No internet service,No internet service,No internet service,No internet service,No internet service,No internet service,Partial Protection
7519-JTWQH,Yes,Yes,Fiber optic,No,Yes,Yes,Yes,Yes,Yes,Partial Protection
2538-OIMXF,No,No phone service,DSL,No,No,No,No,No,No,No Protection
8543-MSDMF,Yes,No,DSL,Yes,No,Yes,No,Yes,Yes,Partial Protection
9961-JBNMK,Yes,No,Fiber optic,No,No,Yes,No,Yes,Yes,Partial Protection
1170-SASML,Yes,Yes,Fiber optic,No,Yes,Yes,No,No,No,Partial Protection
4872-JCVCA,No,No phone service,DSL,Yes,Yes,Yes,Yes,No,No,Full Protection
5346-BZCHP,Yes,No,No,No internet service,No internet service,No internet service,No internet service,No internet service,No internet service,Partial Protection
2038-LLMLM,Yes,Yes,Fiber optic,No,No,Yes,Yes,Yes,Yes,Partial Protection
6173-ITPWD,Yes,Yes,Fiber optic,No,Yes,Yes,No,No,No,Partial Protection
9734-UYXQI,Yes,Yes,DSL,No,No,No,No,No,No,No Protection
1216-BGTSP,Yes,Yes,Fiber optic,Yes,No,Yes,Yes,Yes,Yes,Partial Protection
4138-NAXED,Yes,Yes,Fiber optic,No,Yes,No,No,No,No,Partial Protection
2189-UXTKY,Yes,Yes,DSL,Yes,No,No,Yes,Yes,Yes,Partial Protection
0744-BIKKF,Yes,Yes,DSL,Yes,Yes,Yes,Yes,Yes,Yes,Full Protection
7483-IQWIB,Yes,Yes,Fiber optic,No,Yes,Yes,No,Yes,No,Partial Protection
5248-KWLAR,Yes,Yes,DSL,Yes,Yes,Yes,Yes,Yes,Yes,Full Protection
4958-GZWIY,Yes,No,DSL,No,No,Yes,No,No,No,Partial Protection
7996-MHXLW,Yes,Yes,No,No internet service,No internet service,No internet service,No internet service,No internet service,No internet service,Partial Protection
7833-PKIHD,Yes,No,DSL,Yes,No,No,Yes,Yes,Yes,Partial Protection
7061-OVMIM,Yes,No,No,No internet service,No internet service,No internet service,No internet service,No internet service,No internet service,Partial Protection
5153-RTHKF,Yes,Yes,Fiber optic,No,No,No,No,Yes,No,No Protection
1852-QSWCD,Yes,Yes,No,No internet service,No internet service,No internet service,No internet service,No internet service,No internet service,Partial Protection
4832-VRBMR,Yes,Yes,Fiber optic,No,Yes,Yes,No,Yes,Yes,Partial Protection
9079-LWTFD,Yes,Yes,Fiber optic,Yes,Yes,No,Yes,Yes,No,Partial Protection
6356-ELRKD,Yes,No,Fiber optic,Yes,No,No,No,Yes,Yes,Partial Protection
8624-GIOUT,Yes,Yes,DSL,Yes,Yes,No,No,No,No,Partial Protection
3392-EHMNK,Yes,Yes,Fiber optic,No,Yes,No,Yes,Yes,No,Partial Protection
5986-WWXDV,Yes,No,No,No internet service,No internet service,No internet service,No internet service,No internet service,No internet service,Partial Protection
3061-BCKYI,Yes,No,No,No internet service,No internet service,No internet service,No internet service,No internet service,No internet service,Partial Protection
6179-GJPSO,Yes,No,Fiber optic,Yes,Yes,No,Yes,Yes,Yes,Partial Protection
7901-TBKJX,Yes,Yes,Fiber optic,No,No,Yes,No,Yes,Yes,Partial Protection
7228-PAQPD,Yes,No,DSL,No,No,No,Yes,No,Yes,Partial Protection
3177-LASXD,Yes,No,Fiber optic,No,No,No,No,No,No,No Protection
7746-QYVCO,Yes,No,DSL,Yes,Yes,No,No,No,No,Partial Protection
5804-HYIEZ,Yes,Yes,Fiber optic,Yes,Yes,No,No,Yes,Yes,Partial Protection
9919-FZDED,Yes,Yes,DSL,Yes,Yes,Yes,No,Yes,Yes,Partial Protection
5934-TSSAU,Yes,No,Fiber optic,No,No,Yes,No,No,No,Partial Protection
3486-KHMLI,Yes,Yes,No,No internet service,No internet service,No internet service,No internet service,No internet service,No internet service,Partial Protection
4897-QSUYC,Yes,No,No,No internet service,No internet service,No internet service,No internet service,No internet service,No internet service,Partial Protection
1084-UQCHV,Yes,No,Fiber optic,No,No,No,No,No,No,No Protection
8290-YWKHZ,Yes,Yes,Fiber optic,No,No,No,No,Yes,Yes,No Protection
2955-BJZHG,Yes,No,Fiber optic,No,No,No,No,Yes,No,No Protection
3806-DXQOM,No,No phone service,DSL,Yes,Yes,No,No,No,No,Partial Protection
6784-XYJAE,Yes,Yes,DSL,No,No,Yes,No,No,No,Partial Protection
3933-DQPWX,No,No phone service,DSL,No,Yes,Yes,Yes,No,No,Partial Protection
6661-EIPZC,No,No phone service,DSL,No,No,No,Yes,No,No,Partial Protection
8957-THMOA,Yes,No,No,No internet service,No internet service,No internet service,No internet service,No internet service,No internet service,Partial Protection
2251-PYLPB,Yes,Yes,DSL,Yes,Yes,Yes,Yes,No,Yes,Full Protection
5555-RNPGT,Yes,Yes,No,No internet service,No internet service,No internet service,No internet service,No internet service,No internet service,Partial Protection
1057-FOGLZ,Yes,No,No,No internet service,No internet service,No internet service,No internet service,No internet service,No internet service,Partial Protection
9300-RENDD,Yes,No,Fiber optic,No,No,No,No,Yes,No,No Protection
0761-AETCS,Yes,No,No,No internet service,No internet service,No internet service,No internet service,No internet service,No internet service,Partial Protection
8087-LGYHQ,Yes,No,Fiber optic,No,No,Yes,No,Yes,Yes,Partial Protection
4137-BTIKL,Yes,Yes,Fiber optic,Yes,No,No,No,No,Yes,Partial Protection
2190-BCXEC,Yes,Yes,Fiber optic,No,No,No,Yes,No,No,Partial Protection
6227-FBDXH,Yes,Yes,Fiber optic,No,No,Yes,No,Yes,Yes,Partial Protection
2153-MREFK,Yes,Yes,Fiber optic,Yes,No,Yes,Yes,No,Yes,Partial Protection
2911-WDXMV,Yes,Yes,Fiber optic,No,No,Yes,No,No,No,Partial Protection
7206-PQBBZ,Yes,No,Fiber optic,No,No,No,No,No,No,No Protection
3106-ULWFW,Yes,Yes,Fiber optic,No,No,No,No,No,Yes,No Protection
0925-VYDLG,Yes,Yes,Fiber optic,No,No,No,No,No,No,No Protection
4547-FZJWE,Yes,No,DSL,Yes,No,No,No,No,Yes,Partial Protection
7422-WNBTY,Yes,Yes,Fiber optic,No,Yes,Yes,No,No,Yes,Partial Protection
0842-IWYCP,Yes,No,DSL,No,No,No,No,No,No,No Protection
3521-HTQTV,Yes,Yes,No,No internet service,No internet service,No internet service,No internet service,No internet service,No internet service,Partial Protection
3744-ZBHON,Yes,No,No,No internet service,No internet service,No internet service,No internet service,No internet service,No internet service,Partial Protection
3373-DIUUN,Yes,No,No,No internet service,No internet service,No internet service,No internet service,No internet service,No internet service,Partial Protection
8383-SGHJU,Yes,Yes,DSL,Yes,No,No,Yes,No,No,Partial Protection
7607-QKKTJ,Yes,Yes,Fiber optic,No,Yes,Yes,No,No,Yes,Partial Protection
7707-PYBBH,Yes,No,DSL,Yes,Yes,No,Yes,No,No,Partial Protection
8984-HPEMB,Yes,Yes,Fiber optic,Yes,Yes,Yes,Yes,Yes,Yes,Full Protection
4349-GFQHK,Yes,Yes,DSL,No,No,Yes,No,No,No,Partial Protection
4139-DETXS,No,No phone service,DSL,Yes,Yes,Yes,Yes,Yes,Yes,Full Protection
9779-DPNEJ,Yes,No,Fiber optic,No,No,No,No,No,Yes,No Protection
9805-FILKB,Yes,No,No,No internet service,No internet service,No internet service,No internet service,No internet service,No internet service,Partial Protection
5793-YOLJN,Yes,No,No,No internet service,No internet service,No internet service,No internet service,No internet service,No internet service,Partial Protection
0673-IGUQO,Yes,No,No,No internet service,No internet service,No internet service,No internet service,No internet service,No internet service,Partial Protection
4123-FCVCB,Yes,Yes,DSL,No,No,No,Yes,Yes,Yes,Partial Protection
8819-IMISP,Yes,Yes,Fiber optic,No,Yes,No,No,No,No,Partial Protection
7802-EFKNY,No,No phone service,DSL,No,No,No,No,No,No,No Protection
8311-UEUAB,Yes,Yes,DSL,Yes,No,No,No,Yes,Yes,Partial Protection
5858-EAFCZ,Yes,No,DSL,No,No,No,No,No,No,No Protection
8035-BUYVG,No,No phone service,DSL,Yes,Yes,Yes,No,No,No,Partial Protection
1163-ONYEY,Yes,Yes,DSL,Yes,Yes,Yes,No,Yes,No,Partial Protection
9787-XVQIU,Yes,Yes,Fiber optic,No,No,No,No,No,No,No Protection
8945-MUQUF,Yes,Yes,Fiber optic,Yes,Yes,No,No,Yes,No,Partial Protection
5656-MJEFC,No,No phone service,DSL,Yes,No,Yes,Yes,Yes,No,Partial Protection
6082-OQFBA,Yes,No,No,No internet service,No internet service,No internet service,No internet service,No internet service,No internet service,Partial Protection
8051-HJRLT,Yes,No,Fiber optic,No,No,No,No,No,No,No Protection
8974-OVACP,Yes,No,No,No internet service,No internet service,No internet service,No internet service,No internet service,No internet service,Partial Protection
4010-YLMVT,Yes,Yes,Fiber optic,Yes,Yes,No,No,Yes,Yes,Partial Protection
1379-FRVEB,Yes,Yes,Fiber optic,No,Yes,No,No,Yes,No,Partial Protection
8612-GXIDD,Yes,Yes,No,No internet service,No internet service,No internet service,No internet service,No internet service,No internet service,Partial Protection
6288-CHQJB,Yes,No,DSL,Yes,No,Yes,Yes,No,Yes,Partial Protection
8160-HOWOX,Yes,No,DSL,No,No,No,No,Yes,Yes,No Protection
3023-GFLBR,Yes,Yes,Fiber optic,No,No,No,No,No,Yes,No Protection
6648-INWPS,Yes,No,No,No internet service,No internet service,No internet service,No internet service,No internet service,No internet service,Partial Protection
4223-BKEOR,Yes,No,DSL,Yes,No,Yes,No,No,Yes,Partial Protection
4079-VTGLK,Yes,Yes,DSL,No,No,Yes,No,Yes,Yes,Partial Protection
1763-WQFUK,Yes,No,DSL,No,No,No,Yes,No,No,Partial Protection
1391-UBDAR,Yes,No,Fiber optic,No,No,Yes,No,No,No,Partial Protection
8894-JVDCV,Yes,Yes,Fiber optic,Yes,Yes,Yes,Yes,Yes,Yes,Full Protection
2023-VQFDL,Yes,No,No,No internet service,No internet service,No internet service,No internet service,No internet service,No internet service,Partial Protection
1345-GKDZZ,Yes,No,No,No internet service,No internet service,No internet service,No internet service,No internet service,No internet service,Partial Protection
2014-MKGMH,Yes,Yes,Fiber optic,No,No,Yes,No,Yes,Yes,Partial Protection
5628-FCGYG,Yes,Yes,Fiber optic,No,No,No,No,No,Yes,No Protection
2560-WBWXF,Yes,Yes,No,No internet service,No internet service,No internet service,No internet service,No internet service,No internet service,Partial Protection
0248-IPDFW,Yes,Yes,DSL,No,No,No,No,No,No,No Protection
7978-DKUQH,Yes,No,Fiber optic,No,No,Yes,No,No,No,Partial Protection
4335-UPJSI,Yes,No,No,No internet service,No internet service,No internet service,No internet service,No internet service,No internet service,Partial Protection
0524-IAVZO,Yes,Yes,Fiber optic,No,No,No,No,No,Yes,No Protection
2737-YNGYW,Yes,No,Fiber optic,No,No,No,No,No,Yes,No Protection
1784-EZDKJ,Yes,Yes,Fiber optic,No,Yes,Yes,No,Yes,Yes,Partial Protection
9297-FVVDH,Yes,Yes,DSL,Yes,No,Yes,Yes,Yes,Yes,Partial Protection
8007-YYPWD,Yes,Yes,No,No internet service,No internet service,No internet service,No internet service,No internet service,No internet service,Partial Protection
7101-HRBLJ,Yes,No,DSL,Yes,Yes,Yes,Yes,Yes,Yes,Full Protection
5159-YFPKQ,Yes,No,Fiber optic,No,No,Yes,No,No,No,Partial Protection
6635-CPNUN,Yes,Yes,Fiber optic,No,Yes,Yes,No,Yes,No,Partial Protection
4021-RQSNY,Yes,Yes,Fiber optic,No,No,Yes,No,Yes,Yes,Partial Protection
5453-YBTWV,Yes,No,Fiber optic,Yes,Yes,Yes,Yes,Yes,No,Full Protection
5039-LZRQT,Yes,No,No,No internet service,No internet service,No internet service,No internet service,No internet service,No internet service,Partial Protection
2931-VUVJN,Yes,Yes,Fiber optic,Yes,Yes,Yes,Yes,No,No,Full Protection
9061-TIHDA,Yes,Yes,Fiber optic,No,No,No,No,Yes,Yes,No Protection
8699-ASUFO,Yes,Yes,Fiber optic,No,No,No,No,No,No,No Protection
6418-PIQSP,Yes,No,DSL,Yes,No,Yes,Yes,Yes,Yes,Partial Protection
8220-OCUFY,Yes,No,DSL,Yes,No,Yes,Yes,No,No,Partial Protection
3995-WFCSM,Yes,No,DSL,No,No,Yes,No,No,Yes,Partial Protection
1895-QTKDO,Yes,No,DSL,No,No,No,No,No,No,No Protection
2038-OEQZH,Yes,No,Fiber optic,No,No,Yes,No,No,Yes,Partial Protection
1178-PZGAB,Yes,No,No,No internet service,No internet service,No internet service,No internet service,No internet service,No internet service,Partial Protection
7927-AUXBZ,Yes,No,Fiber optic,No,No,No,Yes,Yes,No,Partial Protection
2626-VEEWG,Yes,No,No,No internet service,No internet service,No internet service,No internet service,No internet service,No internet service,Partial Protection
2878-RMWXY,Yes,Yes,Fiber optic,Yes,Yes,Yes,No,No,Yes,Partial Protection
1657-DYMBM,Yes,No,No,No internet service,No internet service,No internet service,No internet service,No internet service,No internet service,Partial Protection
7311-MQJCH,Yes,No,No,No internet service,No internet service,No internet service,No internet service,No internet service,No internet service,Partial Protection
7375-WMVMT,Yes,No,Fiber optic,No,Yes,Yes,Yes,No,Yes,Partial Protection
1136-XGEQU,Yes,Yes,DSL,No,Yes,Yes,Yes,Yes,Yes,Partial Protection
2530-FMFXO,Yes,Yes,Fiber optic,No,No,Yes,Yes,Yes,Yes,Partial Protection
6844-DZKRF,Yes,No,DSL,No,No,No,Yes,No,No,Partial Protection
4695-WJZUE,Yes,Yes,Fiber optic,No,No,Yes,No,No,Yes,Partial Protection
7619-ODSGN,Yes,Yes,DSL,Yes,No,No,No,No,No,Partial Protection
5970-GHJAW,Yes,No,No,No internet service,No internet service,No internet service,No internet service,No internet service,No internet service,Partial Protection
8879-XUAHX,Yes,Yes,Fiber optic,Yes,Yes,Yes,Yes,Yes,Yes,Full Protection
3689-MOZGR,No,No phone service,DSL,No,No,No,Yes,No,No,Partial Protection
4195-PNGZS,Yes,Yes,No,No internet service,No internet service,No internet service,No internet service,No internet service,No internet service,Partial Protection
5003-XZWWO,Yes,Yes,DSL,No,Yes,Yes,Yes,Yes,Yes,Partial Protection
3988-RQIXO,Yes,No,Fiber optic,No,No,No,No,Yes,Yes,No Protection
7622-FWGEW,Yes,No,DSL,Yes,Yes,Yes,Yes,Yes,Yes,Full Protection
6922-NCEDI,Yes,No,No,No internet service,No internet service,No internet service,No internet service,No internet service,No internet service,Partial Protection
2514-GINMM,Yes,No,Fiber optic,No,No,No,No,Yes,No,No Protection
9891-NQDBD,Yes,Yes,No,No internet service,No internet service,No internet service,No internet service,No internet service,No internet service,Partial Protection
6131-IUNXN,Yes,No,No,No internet service,No internet service,No internet service,No internet service,No internet service,No internet service,Partial Protection
8548-AWOFC,Yes,Yes,DSL,No,No,No,Yes,No,Yes,Partial Protection
9798-DRYDS,Yes,Yes,DSL,No,No,Yes,Yes,No,No,Partial Protection
8532-UEFWH,Yes,Yes,No,No internet service,No internet service,No internet service,No internet service,No internet service,No internet service,Partial Protection
6296-DDOOR,Yes,No,DSL,No,Yes,No,No,Yes,No,Partial Protection
7951-VRDVK,Yes,No,DSL,Yes,Yes,Yes,Yes,Yes,Yes,Full Protection
5931-FLJJF,Yes,No,Fiber optic,No,No,No,No,No,No,No Protection
4815-YOSUK,Yes,Yes,Fiber optic,Yes,Yes,Yes,Yes,No,Yes,Full Protection
2659-VXMWZ,Yes,Yes,Fiber optic,Yes,Yes,Yes,No,Yes,Yes,Partial Protection
0380-NEAVX,Yes,No,Fiber optic,No,Yes,Yes,No,Yes,Yes,Partial Protection
3207-OYBWH,Yes,Yes,Fiber optic,No,Yes,Yes,No,No,Yes,Partial Protection
4285-GYRQC,Yes,No,Fiber optic,No,No,Yes,No,Yes,No,Partial Protection
7216-EWTRS,Yes,Yes,Fiber optic,No,No,Yes,No,Yes,Yes,Partial Protection
4365-MSDYN,Yes,No,No,No internet service,No internet service,No internet service,No internet service,No internet service,No internet service,Partial Protection
7036-TYDEC,Yes,Yes,Fiber optic,No,No,Yes,Yes,Yes,Yes,Partial Protection
5802-ADBRC,Yes,Yes,Fiber optic,Yes,No,Yes,No,Yes,Yes,Partial Protection
8076-FEZKJ,Yes,No,No,No internet service,No internet service,No internet service,No internet service,No internet service,No internet service,Partial Protection
5197-YPYBZ,Yes,Yes,No,No internet service,No internet service,No internet service,No internet service,No internet service,No internet service,Partial Protection
8337-MSSXB,Yes,No,Fiber optic,No,Yes,No,No,No,Yes,Partial Protection
4312-GVYNH,No,No phone service,DSL,Yes,No,Yes,Yes,No,Yes,Partial Protection
8495-LJDFO,Yes,Yes,Fiber optic,Yes,No,Yes,Yes,Yes,Yes,Partial Protection
0839-JTCUD,Yes,Yes,DSL,Yes,Yes,Yes,Yes,Yes,Yes,Full Protection
5494-WOZRZ,Yes,No,DSL,Yes,No,Yes,Yes,Yes,Yes,Partial Protection
1302-UHBDD,Yes,No,Fiber optic,No,No,No,No,Yes,Yes,No Protection
2234-EOFPT,Yes,No,DSL,Yes,Yes,No,Yes,Yes,Yes,Partial Protection
8619-IJNDK,Yes,No,DSL,Yes,Yes,Yes,Yes,No,No,Full Protection
8378-LKJAF,Yes,Yes,Fiber optic,No,No,Yes,No,Yes,Yes,Partial Protection
8182-BJDSI,Yes,Yes,Fiber optic,No,Yes,No,No,No,Yes,Partial Protection
2528-HFYZX,Yes,No,Fiber optic,No,Yes,No,No,No,No,Partial Protection
1153-GNOLC,No,No phone service,DSL,No,Yes,No,No,Yes,No,Partial Protection
3298-QEICA,No,No phone service,DSL,Yes,No,No,Yes,No,No,Partial Protection
0788-DXBFY,Yes,No,No,No internet service,No internet service,No internet service,No internet service,No internet service,No internet service,Partial Protection
3597-YASZG,Yes,Yes,Fiber optic,No,Yes,No,Yes,Yes,Yes,Partial Protection
3496-LFSZU,Yes,No,Fiber optic,No,No,No,No,No,No,No Protection
5242-UOWHD,Yes,No,No,No internet service,No internet service,No internet service,No internet service,No internet service,No internet service,Partial Protection
2482-CZGBB,Yes,No,Fiber optic,No,No,No,No,No,No,No Protection
6479-SZPLM,Yes,No,No,No internet service,No internet service,No internet service,No internet service,No internet service,No internet service,Partial Protection
8097-VBQTZ,Yes,No,DSL,Yes,Yes,No,Yes,Yes,No,Partial Protection
4500-HKANN,Yes,Yes,DSL,No,Yes,No,Yes,No,No,Partial Protection
9917-KWRBE,Yes,Yes,DSL,Yes,Yes,Yes,No,Yes,No,Partial Protection
3420-ZDBMA,Yes,No,Fiber optic,No,No,No,No,No,No,No Protection
2212-LYASK,No,No phone service,DSL,No,Yes,Yes,No,No,Yes,Partial Protection
1393-IMKZG,Yes,No,Fiber optic,No,No,No,Yes,Yes,Yes,Partial Protection
8069-RHUXK,No,No phone service,DSL,Yes,No,No,Yes,No,No,Partial Protection
3398-GCPMU,Yes,Yes,DSL,Yes,Yes,Yes,Yes,Yes,Yes,Full Protection
2908-WGAXL,Yes,Yes,No,No internet service,No internet service,No internet service,No internet service,No internet service,No internet service,Partial Protection
3378-AJRAO,Yes,Yes,No,No internet service,No internet service,No internet service,No internet service,No internet service,No internet service,Partial Protection
1013-QCWAM,Yes,Yes,Fiber optic,No,Yes,No,No,Yes,Yes,Partial Protection
0866-QLSIR,Yes,Yes,DSL,Yes,Yes,No,Yes,No,No,Partial Protection
6050-FFXES,Yes,Yes,Fiber optic,No,No,Yes,Yes,Yes,Yes,Partial Protection
7181-BQYBV,Yes,Yes,Fiber optic,Yes,No,Yes,No,Yes,Yes,Partial Protection
0362-RAOQO,Yes,No,No,No internet service,No internet service,No internet service,No internet service,No internet service,No internet service,Partial Protection
9554-DFKIC,Yes,Yes,DSL,Yes,No,No,No,No,No,Partial Protection
5527-ACHSO,Yes,No,DSL,No,No,No,Yes,Yes,Yes,Partial Protection
0829-DDVLK,Yes,No,No,No internet service,No internet service,No internet service,No internet service,No internet service,No internet service,Partial Protection
1399-UBQIU,Yes,No,DSL,No,No,Yes,No,Yes,Yes,Partial Protection
1813-JLKWR,Yes,No,No,No internet service,No internet service,No internet service,No internet service,No internet service,No internet service,Partial Protection
0336-PIKEI,Yes,No,DSL,Yes,Yes,Yes,Yes,Yes,No,Full Protection
7322-OCWHC,Yes,Yes,Fiber optic,Yes,Yes,Yes,Yes,No,No,Full Protection
9537-VHDTA,Yes,No,DSL,Yes,No,No,No,No,No,Partial Protection
4957-TIALW,Yes,No,DSL,Yes,Yes,Yes,Yes,No,No,Full Protection
2054-PJOCK,Yes,Yes,DSL,No,No,Yes,Yes,Yes,Yes,Partial Protection
9150-HEPMB,Yes,No,DSL,Yes,No,Yes,No,No,No,Partial Protection
9030-QGZNL,Yes,No,No,No internet service,No internet service,No internet service,No internet service,No internet service,No internet service,Partial Protection
6204-IEUXJ,Yes,No,Fiber optic,No,No,Yes,Yes,No,No,Partial Protection
3126-WQMGH,Yes,Yes,DSL,No,No,No,No,No,No,No Protection
4529-CKBCL,Yes,No,Fiber optic,No,No,No,No,Yes,No,No Protection
2506-CLAKW,Yes,No,Fiber optic,Yes,Yes,Yes,Yes,No,Yes,Full Protection
7176-WRTNX,Yes,Yes,Fiber optic,Yes,Yes,Yes,Yes,Yes,Yes,Full Protection
1583-IHQZE,Yes,Yes,Fiber optic,No,Yes,Yes,Yes,Yes,Yes,Partial Protection
5732-IKGQH,Yes,No,Fiber optic,Yes,No,Yes,Yes,Yes,Yes,Partial Protection
9239-GZHZE,Yes,Yes,Fiber optic,Yes,Yes,Yes,Yes,Yes,Yes,Full Protection
7205-BAIAD,Yes,No,No,No internet service,No internet service,No internet service,No internet service,No internet service,No internet service,Partial Protection
0151-ONTOV,Yes,No,Fiber optic,No,No,No,No,No,No,No Protection
4140-MUHUG,Yes,No,Fiber optic,No,No,Yes,No,Yes,No,Partial Protection
0093-EXYQL,Yes,No,Fiber optic,No,No,No,No,Yes,Yes,No Protection
8064-RAVOH,Yes,No,DSL,No,No,Yes,No,No,No,Partial Protection
0219-QAERP,Yes,No,No,No internet service,No internet service,No internet service,No internet service,No internet service,No internet service,Partial Protection
0320-JDNQG,Yes,No,Fiber optic,Yes,No,No,Yes,Yes,Yes,Partial Protection
7180-PISOG,Yes,Yes,Fiber optic,No,No,No,No,No,No,No Protection
9168-INPSZ,Yes,Yes,Fiber optic,No,No,Yes,Yes,Yes,Yes,Partial Protection
3571-RFHAR,Yes,Yes,Fiber optic,No,Yes,Yes,Yes,Yes,Yes,Partial Protection
0015-UOCOJ,Yes,No,DSL,Yes,No,No,No,No,No,Partial Protection
5334-AFQJB,Yes,Yes,No,No internet service,No internet service,No internet service,No internet service,No internet service,No internet service,Partial Protection
2754-SDJRD,Yes,Yes,Fiber optic,No,No,No,Yes,Yes,Yes,Partial Protection
9578-VRMNM,Yes,Yes,DSL,No,No,Yes,No,No,Yes,Partial Protection
1587-FKLZB,Yes,Yes,Fiber optic,No,No,Yes,No,Yes,Yes,Partial Protection
6140-QNRQQ,Yes,No,Fiber optic,No,No,No,No,No,No,No Protection
8963-JLGJT,Yes,No,DSL,Yes,No,Yes,No,No,No,Partial Protection
4307-KTUMW,Yes,Yes,Fiber optic,Yes,No,Yes,No,No,Yes,Partial Protection
1465-LNTLJ,Yes,No,DSL,No,No,Yes,Yes,No,Yes,Partial Protection
5440-FLBQG,Yes,Yes,Fiber optic,No,Yes,Yes,Yes,Yes,Yes,Partial Protection
2135-DQWAQ,Yes,No,Fiber optic,No,Yes,No,No,Yes,No,Partial Protection
4056-QHXHZ,Yes,Yes,Fiber optic,Yes,No,Yes,Yes,Yes,Yes,Partial Protection
7470-MCQTK,No,No phone service,DSL,No,No,Yes,No,Yes,Yes,Partial Protection
7488-MXJIV,Yes,Yes,Fiber optic,No,No,No,No,Yes,No,No Protection
7401-JIXNM,Yes,Yes,DSL,Yes,Yes,Yes,Yes,Yes,Yes,Full Protection
9339-FIIJL,Yes,Yes,DSL,No,Yes,Yes,Yes,Yes,Yes,Partial Protection
2027-FECZV,Yes,Yes,Fiber optic,No,Yes,Yes,No,Yes,Yes,Partial Protection
2672-DZUOY,No,No phone service,DSL,No,No,No,No,No,No,No Protection
4706-DGAHW,Yes,No,DSL,No,No,No,No,No,No,No Protection
3870-MQAMG,Yes,Yes,Fiber optic,No,Yes,Yes,Yes,Yes,Yes,Partial Protection
6670-MFRPK,Yes,Yes,Fiber optic,No,No,Yes,No,No,No,Partial Protection
6177-PEVRA,Yes,No,DSL,Yes,Yes,No,No,No,No,Partial Protection
4800-CZMPC,Yes,Yes,Fiber optic,Yes,Yes,No,No,Yes,Yes,Partial Protection
4813-HQMGZ,Yes,Yes,Fiber optic,No,No,No,Yes,No,Yes,Partial Protection
7579-KKLOE,Yes,Yes,DSL,Yes,Yes,Yes,Yes,Yes,Yes,Full Protection
7377-DMMRI,Yes,No,DSL,Yes,No,No,No,No,No,Partial Protection
8402-EIVQS,Yes,No,Fiber optic,Yes,Yes,No,No,Yes,Yes,Partial Protection
4947-DSMXK,Yes,Yes,Fiber optic,No,Yes,No,No,Yes,Yes,Partial Protection
7245-NIIWQ,Yes,No,Fiber optic,No,No,No,No,No,No,No Protection
0002-ORFBO,Yes,No,DSL,No,Yes,No,Yes,Yes,No,Partial Protection
3324-OIRTO,Yes,No,Fiber optic,Yes,Yes,Yes,No,Yes,Yes,Partial Protection
5414-OFQCB,Yes,Yes,Fiber optic,No,No,No,Yes,Yes,No,Partial Protection
4967-WPNCF,No,No phone service,DSL,Yes,Yes,Yes,Yes,Yes,Yes,Full Protection
8552-OBVRU,Yes,No,Fiber optic,Yes,No,Yes,Yes,Yes,Yes,Partial Protection
8499-BRXTD,Yes,No,No,No internet service,No internet service,No internet service,No internet service,No internet service,No internet service,Partial Protection
9154-QDGTH,Yes,Yes,Fiber optic,No,No,Yes,Yes,Yes,Yes,Partial Protection
8197-BFWVU,Yes,Yes,DSL,Yes,Yes,Yes,Yes,Yes,Yes,Full Protection
2577-GVSIL,Yes,Yes,DSL,No,No,No,Yes,Yes,Yes,Partial Protection
9367-OIUXP,Yes,No,No,No internet service,No internet service,No internet service,No internet service,No internet service,No internet service,Partial Protection
6770-UAYGJ,Yes,Yes,No,No internet service,No internet service,No internet service,No internet service,No internet service,No internet service,Partial Protection
6463-HHXJR,Yes,Yes,Fiber optic,Yes,Yes,Yes,No,Yes,No,Partial Protection
7928-VJYAB,Yes,No,Fiber optic,No,No,No,No,Yes,Yes,No Protection
1187-WILMM,Yes,Yes,DSL,Yes,Yes,Yes,Yes,Yes,Yes,Full Protection
9776-OJUZI,Yes,Yes,Fiber optic,No,Yes,Yes,No,Yes,No,Partial Protection
1306-RPWXZ,Yes,No,No,No internet service,No internet service,No internet service,No internet service,No internet service,No internet service,Partial Protection
8949-JTMAY,Yes,Yes,Fiber optic,No,No,Yes,No,Yes,Yes,Partial Protection
2774-LVQUS,Yes,Yes,Fiber optic,No,No,Yes,Yes,No,No,Partial Protection
3097-PYWXL,Yes,No,No,No internet service,No internet service,No internet service,No internet service,No internet service,No internet service,Partial Protection
2266-SJNAT,Yes,Yes,Fiber optic,No,Yes,Yes,Yes,Yes,Yes,Partial Protection
0869-PAPRP,Yes,No,Fiber optic,No,No,Yes,No,Yes,No,Partial Protection
4238-JSSWH,Yes,Yes,Fiber optic,No,No,Yes,No,Yes,Yes,Partial Protection
2972-YDYUW,Yes,Yes,Fiber optic,No,Yes,No,Yes,No,Yes,Partial Protection
1104-FEJAM,Yes,Yes,DSL,No,Yes,No,No,No,Yes,Partial Protection
2809-ILCYT,Yes,Yes,No,No internet service,No internet service,No internet service,No internet service,No internet service,No internet service,Partial Protection
5499-ECUTN,Yes,No,DSL,Yes,No,Yes,No,Yes,No,Partial Protection
4981-FLTMF,Yes,Yes,DSL,Yes,Yes,No,Yes,No,No,Partial Protection
9121-PHQSR,Yes,Yes,Fiber optic,No,No,No,No,Yes,No,No Protection
3113-IWHLC,Yes,No,DSL,Yes,No,Yes,No,No,No,Partial Protection
3211-ILJTT,Yes,No,Fiber optic,No,No,No,No,No,No,No Protection
4612-THJBS,Yes,Yes,Fiber optic,No,Yes,Yes,No,Yes,Yes,Partial Protection
4277-BWBML,Yes,No,No,No internet service,No internet service,No internet service,No internet service,No internet service,No internet service,Partial Protection
4094-NSEDU,Yes,Yes,Fiber optic,No,No,No,No,Yes,Yes,No Protection
0234-TEVTT,No,No phone service,DSL,Yes,No,Yes,No,No,Yes,Partial Protection
4304-TSPVK,Yes,Yes,Fiber optic,Yes,Yes,Yes,Yes,Yes,Yes,Full Protection
1552-AAGRX,Yes,Yes,Fiber optic,Yes,No,No,Yes,Yes,Yes,Partial Protection
2637-FKFSY,Yes,No,DSL,No,No,No,No,No,No,No Protection
9796-MVYXX,No,No phone service,DSL,Yes,No,Yes,Yes,No,No,Partial Protection
7874-ECPQJ,Yes,No,No,No internet service,No internet service,No internet service,No internet service,No internet service,No internet service,Partial Protection
0020-INWCK,Yes,Yes,Fiber optic,No,Yes,Yes,No,No,Yes,Partial Protection
7089-RKVSZ,Yes,Yes,No,No internet service,No internet service,No internet service,No internet service,No internet service,No internet service,Partial Protection
2683-JXWQQ,No,No phone service,DSL,Yes,No,Yes,No,No,No,Partial Protection
9548-ZMVTX,Yes,Yes,Fiber optic,No,Yes,Yes,Yes,No,No,Partial Protection
8739-XNIKG,Yes,Yes,Fiber optic,No,No,No,No,Yes,No,No Protection
9755-JHNMN,Yes,No,DSL,Yes,Yes,Yes,Yes,No,No,Full Protection
3981-QSVQI,Yes,No,No,No internet service,No internet service,No internet service,No internet service,No internet service,No internet service,Partial Protection
2789-HQBOU,Yes,No,Fiber optic,No,No,No,No,No,Yes,No Protection
9424-CMPOG,Yes,No,No,No internet service,No internet service,No internet service,No internet service,No internet service,No internet service,Partial Protection
5067-WJEUN,Yes,No,DSL,Yes,Yes,No,No,No,No,Partial Protection
3450-WXOAT,Yes,No,DSL,No,No,No,No,No,No,No Protection
9251-WNSOD,Yes,Yes,DSL,Yes,Yes,Yes,No,No,Yes,Partial Protection
6974-DAFLI,Yes,No,No,No internet service,No internet service,No internet service,No internet service,No internet service,No internet service,Partial Protection
2616-UUTFK,Yes,Yes,DSL,Yes,Yes,Yes,No,Yes,No,Partial Protection
7064-JHXCE,Yes,No,No,No internet service,No internet service,No internet service,No internet service,No internet service,No internet service,Partial Protection
5103-MHMHY,Yes,No,DSL,No,No,No,No,No,No,No Protection
7989-AWGEH,No,No phone service,DSL,Yes,No,No,No,No,Yes,Partial Protection
4373-VVHQL,Yes,No,DSL,No,No,No,No,No,No,No Protection
4559-UWIHT,Yes,Yes,Fiber optic,No,Yes,Yes,No,No,No,Partial Protection
7268-IGMFD,Yes,Yes,Fiber optic,No,No,Yes,Yes,Yes,No,Partial Protection
1846-XWOQN,Yes,No,Fiber optic,No,No,No,No,No,No,No Protection
0235-KGSLC,Yes,No,Fiber optic,No,No,Yes,No,Yes,No,Partial Protection
6650-BWFRT,Yes,Yes,Fiber optic,Yes,Yes,Yes,Yes,Yes,Yes,Full Protection
9570-KYEUA,Yes,Yes,Fiber optic,Yes,No,Yes,Yes,No,Yes,Partial Protection
6993-YGFJV,Yes,Yes,Fiber optic,Yes,Yes,Yes,Yes,Yes,Yes,Full Protection
2712-SYWAY,Yes,Yes,No,No internet service,No internet service,No internet service,No internet service,No internet service,No internet service,Partial Protection
0730-BGQGF,Yes,Yes,DSL,Yes,Yes,Yes,Yes,Yes,Yes,Full Protection
5498-IBWPI,Yes,No,DSL,No,No,No,Yes,No,No,Partial Protection
9101-NTIXF,Yes,No,No,No internet service,No internet service,No internet service,No internet service,No internet service,No internet service,Partial Protection
0013-SMEOE,Yes,No,Fiber optic,Yes,Yes,Yes,Yes,Yes,Yes,Full Protection
9314-QDMDW,Yes,No,DSL,No,Yes,No,No,Yes,No,Partial Protection
9308-ANMVE,Yes,No,DSL,Yes,Yes,No,No,No,No,Partial Protection
2884-GBPFB,Yes,No,Fiber optic,No,No,No,No,No,No,No Protection
3757-NJYBX,Yes,Yes,Fiber optic,No,Yes,Yes,No,Yes,Yes,Partial Protection
3413-DHLPB,Yes,Yes,Fiber optic,No,Yes,No,Yes,Yes,Yes,Partial Protection
7649-PHJVR,Yes,No,No,No internet service,No internet service,No internet service,No internet service,No internet service,No internet service,Partial Protection
6114-TCFID,No,No phone service,DSL,Yes,Yes,No,Yes,No,No,Partial Protection
3787-TRIAL,No,No phone service,DSL,No,No,No,No,No,No,No Protection
2573-GYRUU,Yes,Yes,Fiber optic,No,No,Yes,No,No,Yes,Partial Protection
5156-UMKOW,No,No phone service,DSL,No,Yes,No,No,No,No,Partial Protection
1247-QBVSH,Yes,No,DSL,No,Yes,No,No,No,No,Partial Protection
6734-GMPVK,Yes,Yes,Fiber optic,No,Yes,Yes,No,Yes,Yes,Partial Protection
9822-OAOVB,Yes,No,DSL,No,No,No,No,No,Yes,No Protection
6161-ERDGD,Yes,Yes,DSL,Yes,No,Yes,Yes,Yes,Yes,Partial Protection
1226-JZNKR,Yes,No,No,No internet service,No internet service,No internet service,No internet service,No internet service,No internet service,Partial Protection
7318-EIVKO,Yes,Yes,DSL,No,No,No,No,Yes,No,No Protection
3771-PZOBW,Yes,Yes,Fiber optic,No,No,Yes,No,Yes,No,Partial Protection
5136-KCKGI,Yes,Yes,Fiber optic,Yes,No,Yes,No,Yes,Yes,Partial Protection
8231-BSWXX,Yes,Yes,Fiber optic,No,Yes,No,No,No,No,Partial Protection
6486-LHTMA,Yes,Yes,Fiber optic,No,No,Yes,No,Yes,No,Partial Protection
4083-BFNYK,Yes,Yes,Fiber optic,Yes,Yes,No,No,No,Yes,Partial Protection
3722-WPXTK,Yes,No,Fiber optic,No,No,No,No,Yes,Yes,No Protection
7389-KBFIT,No,No phone service,DSL,No,Yes,No,No,No,No,Partial Protection
7176-WIONM,No,No phone service,DSL,No,No,Yes,No,Yes,Yes,Partial Protection
5141-ZUVBH,Yes,No,Fiber optic,Yes,No,Yes,Yes,No,Yes,Partial Protection
1089-HDMKP,Yes,No,DSL,No,Yes,No,Yes,No,No,Partial Protection
7623-HKYRK,Yes,No,No,No internet service,No internet service,No internet service,No internet service,No internet service,No internet service,Partial Protection
0310-SUCIN,Yes,No,DSL,Yes,Yes,Yes,Yes,Yes,Yes,Full Protection
5197-PYEPU,Yes,Yes,Fiber optic,Yes,Yes,No,No,Yes,No,Partial Protection
2929-ERCFZ,Yes,No,Fiber optic,No,No,Yes,No,Yes,Yes,Partial Protection
7548-SEPYI,Yes,No,Fiber optic,No,Yes,No,No,Yes,Yes,Partial Protection
8835-VSDSE,Yes,No,Fiber optic,No,No,No,No,No,No,No Protection
6619-RPLQZ,Yes,No,No,No internet service,No internet service,No internet service,No internet service,No internet service,No internet service,Partial Protection
3275-RHRNE,No,No phone service,DSL,No,Yes,Yes,Yes,Yes,Yes,Partial Protection
3503-TYDAY,Yes,Yes,Fiber optic,No,Yes,No,No,No,No,Partial Protection
6901-GOGZG,Yes,Yes,DSL,Yes,No,Yes,Yes,Yes,Yes,Partial Protection
1623-NLDOT,No,No phone service,DSL,No,Yes,No,Yes,No,No,Partial Protection
7021-XSNYE,No,No phone service,DSL,Yes,No,Yes,Yes,No,Yes,Partial Protection
9621-OUPYD,Yes,No,No,No internet service,No internet service,No internet service,No internet service,No internet service,No internet service,Partial Protection
9898-KZQDZ,Yes,Yes,Fiber optic,No,No,No,No,Yes,Yes,No Protection
8982-NHAVY,Yes,Yes,Fiber optic,No,No,Yes,No,Yes,Yes,Partial Protection
4307-KWMXE,No,No phone service,DSL,No,Yes,No,Yes,No,No,Partial Protection
0141-YEAYS,Yes,Yes,Fiber optic,No,Yes,Yes,No,No,No,Partial Protection
2450-ZKEED,Yes,No,DSL,No,No,Yes,Yes,No,No,Partial Protection
3694-DELSO,No,No phone service,DSL,Yes,No,No,No,Yes,No,Partial Protection
3893-JRNFS,No,No phone service,DSL,No,No,Yes,No,No,Yes,Partial Protection
9603-OAIHC,Yes,No,Fiber optic,No,No,No,No,No,No,No Protection
1133-KXCGE,Yes,No,No,No internet service,No internet service,No internet service,No internet service,No internet service,No internet service,Partial Protection
5236-PERKL,Yes,Yes,Fiber optic,Yes,Yes,Yes,No,Yes,Yes,Partial Protection
0142-GVYSN,Yes,No,No,No internet service,No internet service,No internet service,No internet service,No internet service,No internet service,Partial Protection
1049-FYSYG,No,No phone service,DSL,No,Yes,Yes,No,No,No,Partial Protection
7854-FOKSF,No,No phone service,DSL,No,No,No,No,No,Yes,No Protection
2519-FAKOD,Yes,Yes,Fiber optic,No,No,Yes,No,Yes,Yes,Partial Protection
8406-LNMHF,Yes,No,Fiber optic,Yes,Yes,Yes,No,No,No,Partial Protection
1821-BUCWY,Yes,No,DSL,Yes,No,Yes,No,No,No,Partial Protection
8263-JQAIK,No,No phone service,DSL,No,No,No,No,No,No,No Protection
0023-UYUPN,Yes,Yes,No,No internet service,No internet service,No internet service,No internet service,No internet service,No internet service,Partial Protection
8314-DPQHL,No,No phone service,DSL,Yes,No,Yes,Yes,No,Yes,Partial Protection
1465-WCZVT,Yes,No,No,No internet service,No internet service,No internet service,No internet service,No internet service,No internet service,Partial Protection
9481-SFCQY,Yes,No,DSL,No,No,Yes,No,Yes,No,Partial Protection
6360-SVNWV,Yes,No,Fiber optic,Yes,No,No,No,No,No,Partial Protection
0567-GGCAC,Yes,No,DSL,Yes,Yes,Yes,No,No,No,Partial Protection
7089-IVVAZ,Yes,Yes,Fiber optic,Yes,No,No,Yes,Yes,Yes,Partial Protection
8884-MRNSU,Yes,No,No,No internet service,No internet service,No internet service,No internet service,No internet service,No internet service,Partial Protection
2171-UDMFD,Yes,No,No,No internet service,No internet service,No internet service,No internet service,No internet service,No internet service,Partial Protection
9050-IKDZA,Yes,No,Fiber optic,No,No,No,No,Yes,No,No Protection
2205-YMZZJ,Yes,Yes,Fiber optic,No,No,No,No,Yes,No,No Protection
9802-CAQUT,Yes,Yes,Fiber optic,Yes,Yes,Yes,No,Yes,Yes,Partial Protection
1254-IZEYF,Yes,Yes,Fiber optic,No,Yes,No,No,Yes,Yes,Partial Protection
0187-WZNAB,Yes,No,Fiber optic,Yes,No,No,No,No,No,Partial Protection
9492-TOKRI,Yes,Yes,Fiber optic,No,Yes,No,No,Yes,No,Partial Protection
1475-VWVDO,Yes,No,Fiber optic,No,No,Yes,No,No,No,Partial Protection
9221-OTIVJ,Yes,Yes,Fiber optic,No,Yes,Yes,No,Yes,Yes,Partial Protection
1357-MVDOZ,Yes,No,DSL,No,No,Yes,No,Yes,No,Partial Protection
7602-MVRMB,Yes,Yes,Fiber optic,Yes,No,Yes,Yes,Yes,Yes,Partial Protection
3325-FUYCG,Yes,Yes,Fiber optic,Yes,Yes,No,No,Yes,Yes,Partial Protection
5908-QMGOE,Yes,Yes,Fiber optic,No,No,No,No,No,No,No Protection
1197-BVMVG,Yes,Yes,Fiber optic,No,No,No,No,No,No,No Protection
5406-KGRMX,Yes,Yes,No,No internet service,No internet service,No internet service,No internet service,No internet service,No internet service,Partial Protection
8481-YYXWG,Yes,No,Fiber optic,No,Yes,No,Yes,No,Yes,Partial Protection
5968-HYJRZ,Yes,Yes,No,No internet service,No internet service,No internet service,No internet service,No internet service,No internet service,Partial Protection
5198-EFNBM,Yes,No,Fiber optic,No,Yes,Yes,No,Yes,No,Partial Protection
7516-GMHUV,Yes,Yes,Fiber optic,Yes,No,Yes,No,Yes,Yes,Partial Protection
7140-ADSMJ,Yes,No,No,No internet service,No internet service,No internet service,No internet service,No internet service,No internet service,Partial Protection
2230-XTUWL,Yes,No,No,No internet service,No internet service,No internet service,No internet service,No internet service,No internet service,Partial Protection
7706-YLMQA,Yes,No,No,No internet service,No internet service,No internet service,No internet service,No internet service,No internet service,Partial Protection
2585-KTFRE,Yes,No,DSL,Yes,Yes,No,Yes,No,Yes,Partial Protection
7994-UYIVZ,Yes,Yes,Fiber optic,No,No,No,No,No,Yes,No Protection
2609-IAICY,Yes,Yes,Fiber optic,No,No,No,No,No,No,No Protection
1740-CSDJP,No,No phone service,DSL,No,No,No,No,No,Yes,No Protection
7717-BICXI,Yes,No,No,No internet service,No internet service,No internet service,No internet service,No internet service,No internet service,Partial Protection
6559-RAKOZ,Yes,Yes,Fiber optic,No,No,No,Yes,Yes,Yes,Partial Protection
2636-OHFMN,No,No phone service,DSL,No,Yes,No,No,Yes,Yes,Partial Protection
4716-MRVEN,Yes,No,No,No internet service,No internet service,No internet service,No internet service,No internet service,No internet service,Partial Protection
2143-LJULT,Yes,Yes,No,No internet service,No internet service,No internet service,No internet service,No internet service,No internet service,Partial Protection
1323-OOEPC,Yes,Yes,Fiber optic,No,Yes,No,No,Yes,Yes,Partial Protection
3200-MNQTF,Yes,Yes,DSL,Yes,Yes,Yes,Yes,No,No,Full Protection
6164-HXUGH,Yes,No,No,No internet service,No internet service,No internet service,No internet service,No internet service,No internet service,Partial Protection
5630-IXDXV,Yes,Yes,Fiber optic,No,Yes,Yes,No,Yes,Yes,Partial Protection
0320-DWVTU,Yes,No,Fiber optic,Yes,Yes,Yes,Yes,No,Yes,Full Protection
9135-MGVPY,Yes,No,DSL,Yes,Yes,Yes,Yes,Yes,Yes,Full Protection
1212-GLHMD,Yes,No,Fiber optic,Yes,No,No,No,No,Yes,Partial Protection
7878-JGDKK,Yes,No,DSL,No,No,No,No,No,No,No Protection
1088-AUUZZ,Yes,Yes,DSL,Yes,Yes,No,Yes,No,Yes,Partial Protection
0397-GZBBC,Yes,Yes,Fiber optic,No,No,No,No,Yes,Yes,No Protection
6614-YWYSC,Yes,Yes,No,No internet service,No internet service,No internet service,No internet service,No internet service,No internet service,Partial Protection
9588-OZDMQ,Yes,No,DSL,No,No,No,No,No,No,No Protection
7641-EUYET,Yes,Yes,Fiber optic,Yes,Yes,Yes,No,Yes,No,Partial Protection
6476-EPYZR,Yes,No,No,No internet service,No internet service,No internet service,No internet service,No internet service,No internet service,Partial Protection
9921-ZVRHG,Yes,Yes,Fiber optic,No,No,Yes,No,No,No,Partial Protection
1174-FGIFN,Yes,Yes,Fiber optic,No,No,No,Yes,No,Yes,Partial Protection
6620-HVDUJ,Yes,No,DSL,Yes,Yes,No,Yes,No,No,Partial Protection
4701-MLJPN,Yes,No,DSL,No,No,Yes,Yes,No,No,Partial Protection
1032-MAELW,Yes,Yes,DSL,Yes,Yes,Yes,Yes,No,Yes,Full Protection
7641-TQFHN,Yes,Yes,Fiber optic,No,No,No,Yes,Yes,Yes,Partial Protection
1552-TKMXS,Yes,No,No,No internet service,No internet service,No internet service,No internet service,No internet service,No internet service,Partial Protection
9206-GVPEQ,No,No phone service,DSL,Yes,No,No,Yes,Yes,Yes,Partial Protection
8622-ZLFKO,Yes,Yes,Fiber optic,No,Yes,No,No,No,Yes,Partial Protection
1596-BBVTG,Yes,Yes,Fiber optic,No,No,No,No,No,No,No Protection
6188-UXBBR,Yes,No,No,No internet service,No internet service,No internet service,No internet service,No internet service,No internet service,Partial Protection
2333-KWEWW,Yes,No,No,No internet service,No internet service,No internet service,No internet service,No internet service,No internet service,Partial Protection
5702-SKUOB,Yes,No,No,No internet service,No internet service,No internet service,No internet service,No internet service,No internet service,Partial Protection
1134-YWTYF,Yes,No,DSL,No,Yes,No,Yes,No,No,Partial Protection
6061-GWWAV,Yes,No,DSL,Yes,Yes,Yes,No,Yes,No,Partial Protection
0679-TDGAK,Yes,No,DSL,Yes,No,No,Yes,Yes,Yes,Partial Protection
6585-WCEWR,Yes,No,No,No internet service,No internet service,No internet service,No internet service,No internet service,No internet service,Partial Protection
9067-YGSCA,Yes,Yes,No,No internet service,No internet service,No internet service,No internet service,No internet service,No internet service,Partial Protection
9067-SQTNS,Yes,No,No,No internet service,No internet service,No internet service,No internet service,No internet service,No internet service,Partial Protection
8433-WXGNA,Yes,No,Fiber optic,Yes,No,No,No,No,No,Partial Protection
1776-SPBWV,Yes,No,No,No internet service,No internet service,No internet service,No internet service,No internet service,No internet service,Partial Protection
8735-SDUFN,Yes,Yes,No,No internet service,No internet service,No internet service,No internet service,No internet service,No internet service,Partial Protection
9668-PUGNU,Yes,Yes,No,No internet service,No internet service,No internet service,No internet service,No internet service,No internet service,Partial Protection
9405-GPBBG,Yes,Yes,Fiber optic,No,Yes,Yes,Yes,Yes,Yes,Partial Protection
1926-QUZNN,Yes,Yes,No,No internet service,No internet service,No internet service,No internet service,No internet service,No internet service,Partial Protection
3707-GNWHM,Yes,Yes,Fiber optic,No,No,No,No,No,No,No Protection
7016-NVRIC,Yes,No,Fiber optic,Yes,No,Yes,No,No,Yes,Partial Protection
5829-NVSQN,Yes,No,DSL,Yes,No,Yes,Yes,No,Yes,Partial Protection
9565-AXSMR,Yes,No,No,No internet service,No internet service,No internet service,No internet service,No internet service,No internet service,Partial Protection
8922-LIEGH,Yes,Yes,Fiber optic,No,Yes,No,No,No,Yes,Partial Protection
8869-LIHMK,Yes,Yes,Fiber optic,Yes,Yes,Yes,Yes,Yes,Yes,Full Protection
8245-UMPYT,Yes,Yes,Fiber optic,No,No,No,No,Yes,Yes,No Protection
5186-SAMNZ,Yes,No,Fiber optic,No,No,No,No,No,No,No Protection
0447-RXSGD,Yes,Yes,Fiber optic,No,Yes,No,No,Yes,Yes,Partial Protection
4927-WWOOZ,Yes,Yes,Fiber optic,No,No,Yes,No,Yes,No,Partial Protection
5788-YPOEG,Yes,No,DSL,Yes,Yes,Yes,Yes,Yes,Yes,Full Protection
5373-SFODM,Yes,Yes,Fiber optic,No,No,No,No,No,Yes,No Protection
0661-KBKPA,Yes,Yes,DSL,No,No,Yes,Yes,Yes,Yes,Partial Protection
9081-WWXKP,Yes,No,No,No internet service,No internet service,No internet service,No internet service,No internet service,No internet service,Partial Protection
0784-ZQJZX,Yes,No,No,No internet service,No internet service,No internet service,No internet service,No internet service,No internet service,Partial Protection
3133-PZNSR,Yes,Yes,Fiber optic,Yes,Yes,No,Yes,No,Yes,Partial Protection
5766-ZJYBB,Yes,No,No,No internet service,No internet service,No internet service,No internet service,No internet service,No internet service,Partial Protection
8931-GJJIQ,Yes,Yes,Fiber optic,No,No,No,No,No,Yes,No Protection
4277-PVRAN,Yes,No,Fiber optic,No,No,No,No,Yes,No,No Protection
0022-TCJCI,Yes,No,DSL,Yes,No,Yes,No,No,Yes,Partial Protection
0722-SVSFK,Yes,No,Fiber optic,No,No,Yes,Yes,Yes,Yes,Partial Protection
3612-YVGSJ,Yes,Yes,No,No internet service,No internet service,No internet service,No internet service,No internet service,No internet service,Partial Protection
9825-YCXWZ,Yes,No,Fiber optic,No,No,Yes,Yes,Yes,Yes,Partial Protection
5397-NSKQG,No,No phone service,DSL,Yes,No,No,No,Yes,Yes,Partial Protection
8565-HBFNN,Yes,Yes,Fiber optic,Yes,Yes,Yes,Yes,No,Yes,Full Protection
2000-DHJUY,Yes,Yes,DSL,Yes,Yes,Yes,Yes,Yes,Yes,Full Protection
0203-HHYIJ,Yes,Yes,No,No internet service,No internet service,No internet service,No internet service,No internet service,No internet service,Partial Protection
8670-ERCJH,Yes,Yes,Fiber optic,Yes,Yes,Yes,Yes,Yes,Yes,Full Protection
7758-UJWYS,No,No phone service,DSL,No,No,No,Yes,Yes,No,Partial Protection
2050-ONYDQ,Yes,Yes,No,No internet service,No internet service,No internet service,No internet service,No internet service,No internet service,Partial Protection
7055-JCGNI,Yes,Yes,Fiber optic,Yes,Yes,Yes,Yes,Yes,Yes,Full Protection
0739-UUAJR,No,No phone service,DSL,Yes,No,Yes,No,Yes,Yes,Partial Protection
4826-DXMUP,Yes,No,DSL,No,No,No,Yes,Yes,Yes,Partial Protection
0952-KMEEH,Yes,Yes,Fiber optic,Yes,No,No,No,Yes,Yes,Partial Protection
7285-KLOTR,Yes,Yes,DSL,Yes,No,Yes,No,Yes,Yes,Partial Protection
0654-PQKDW,Yes,No,DSL,Yes,No,Yes,Yes,Yes,No,Partial Protection
7175-NTIXE,Yes,No,DSL,Yes,No,No,Yes,Yes,Yes,Partial Protection
7963-SHNDT,No,No phone service,DSL,Yes,Yes,No,Yes,No,No,Partial Protection
9796-BPKIW,Yes,No,Fiber optic,No,No,No,No,No,No,No Protection
0188-GWFLE,Yes,No,No,No internet service,No internet service,No internet service,No internet service,No internet service,No internet service,Partial Protection
8129-GMVGI,Yes,No,No,No internet service,No internet service,No internet service,No internet service,No internet service,No internet service,Partial Protection
2882-DDZPG,Yes,No,No,No internet service,No internet service,No internet service,No internet service,No internet service,No internet service,Partial Protection
3547-LQRIK,Yes,Yes,No,No internet service,No internet service,No internet service,No internet service,No internet service,No internet service,Partial Protection
9137-NOQKA,Yes,No,No,No internet service,No internet service,No internet service,No internet service,No internet service,No internet service,Partial Protection
5843-TTHGI,Yes,No,DSL,No,No,Yes,No,No,No,Partial Protection
1849-RJYIG,Yes,No,DSL,Yes,No,No,No,Yes,No,Partial Protection
8868-GAGIO,Yes,Yes,Fiber optic,Yes,No,Yes,No,No,No,Partial Protection
4061-UKJWL,Yes,No,DSL,No,No,No,No,No,No,No Protection
5380-XPJNZ,Yes,No,No,No internet service,No internet service,No internet service,No internet service,No internet service,No internet service,Partial Protection
8263-QMNTJ,Yes,Yes,Fiber optic,Yes,Yes,Yes,Yes,Yes,Yes,Full Protection
8178-EYZUO,Yes,Yes,Fiber optic,Yes,Yes,No,No,No,Yes,Partial Protection
3230-JCNZS,Yes,Yes,Fiber optic,Yes,Yes,Yes,No,Yes,No,Partial Protection
0277-ORXQS,No,No phone service,DSL,No,No,No,Yes,Yes,Yes,Partial Protection
5130-IEKQT,Yes,Yes,Fiber optic,No,Yes,Yes,No,Yes,Yes,Partial Protection
3230-WYKIR,Yes,Yes,DSL,No,No,Yes,Yes,Yes,Yes,Partial Protection
7996-BPXHY,Yes,Yes,No,No internet service,No internet service,No internet service,No internet service,No internet service,No internet service,Partial Protection
3227-WLKLI,Yes,Yes,DSL,Yes,Yes,Yes,Yes,Yes,Yes,Full Protection
0407-BDJKB,Yes,Yes,Fiber optic,No,Yes,Yes,No,Yes,No,Partial Protection
2266-FUBDZ,Yes,No,No,No internet service,No internet service,No internet service,No internet service,No internet service,No internet service,Partial Protection
8237-ULIXL,Yes,Yes,No,No internet service,No internet service,No internet service,No internet service,No internet service,No internet service,Partial Protection
9600-UDOPK,Yes,Yes,Fiber optic,No,No,No,No,Yes,Yes,No Protection
8216-AZUUZ,Yes,No,Fiber optic,No,No,Yes,Yes,Yes,Yes,Partial Protection
9153-BTBVV,Yes,Yes,No,No internet service,No internet service,No internet service,No internet service,No internet service,No internet service,Partial Protection
4074-SJFFA,Yes,No,DSL,No,No,No,No,No,Yes,No Protection
3269-ATYWD,Yes,Yes,Fiber optic,No,No,No,No,Yes,Yes,No Protection
5186-PEIZU,Yes,No,No,No internet service,No internet service,No internet service,No internet service,No internet service,No internet service,Partial Protection
1074-AMIOH,Yes,No,Fiber optic,No,Yes,Yes,Yes,Yes,Yes,Partial Protection
4910-GMJOT,Yes,Yes,Fiber optic,No,No,No,No,Yes,Yes,No Protection
0354-WYROK,Yes,No,Fiber optic,No,No,Yes,Yes,Yes,Yes,Partial Protection
4361-FEBGN,Yes,No,No,No internet service,No internet service,No internet service,No internet service,No internet service,No internet service,Partial Protection
7748-UMTRK,Yes,Yes,Fiber optic,No,No,No,Yes,Yes,Yes,Partial Protection
0380-ZCSBI,Yes,No,No,No internet service,No internet service,No internet service,No internet service,No internet service,No internet service,Partial Protection
7145-FEJWU,Yes,Yes,Fiber optic,No,Yes,Yes,No,Yes,Yes,Partial Protection
6463-MVYRY,Yes,No,DSL,Yes,No,Yes,Yes,Yes,No,Partial Protection
3969-JQABI,Yes,No,DSL,Yes,Yes,No,No,Yes,No,Partial Protection
9624-EGDEQ,Yes,No,No,No internet service,No internet service,No internet service,No internet service,No internet service,No internet service,Partial Protection
1051-EQPZR,Yes,No,No,No internet service,No internet service,No internet service,No internet service,No internet service,No internet service,Partial Protection
5849-ASHZJ,Yes,No,No,No internet service,No internet service,No internet service,No internet service,No internet service,No internet service,Partial Protection
5780-INQIK,Yes,No,DSL,No,No,No,Yes,No,No,Partial Protection
7576-OYWBN,Yes,Yes,Fiber optic,No,No,No,No,No,No,No Protection
4526-ZJJTM,Yes,No,Fiber optic,No,Yes,Yes,No,No,Yes,Partial Protection
8384-FZBJK,Yes,Yes,Fiber optic,No,Yes,No,No,Yes,Yes,Partial Protection
3750-RNQKR,Yes,No,No,No internet service,No internet service,No internet service,No internet service,No internet service,No internet service,Partial Protection
0962-CQPWQ,Yes,No,No,No internet service,No internet service,No internet service,No internet service,No internet service,No internet service,Partial Protection
3096-YXENJ,Yes,Yes,Fiber optic,No,Yes,Yes,Yes,Yes,Yes,Partial Protection
1265-BCFEO,Yes,Yes,DSL,No,No,Yes,Yes,Yes,Yes,Partial Protection
5837-LXSDN,Yes,No,DSL,No,Yes,No,No,Yes,No,Partial Protection
5945-AZYHT,Yes,Yes,Fiber optic,Yes,Yes,Yes,No,Yes,Yes,Partial Protection
8325-QRPZR,Yes,No,Fiber optic,No,No,Yes,No,No,No,Partial Protection
6384-VMJHP,Yes,No,DSL,Yes,Yes,Yes,Yes,No,Yes,Full Protection
2262-SLNVK,Yes,No,Fiber optic,No,No,No,No,No,No,No Protection
7730-CLDSV,Yes,Yes,Fiber optic,No,Yes,Yes,Yes,No,Yes,Partial Protection
1135-HIORI,Yes,Yes,Fiber optic,No,Yes,Yes,Yes,Yes,Yes,Partial Protection
0164-APGRB,Yes,Yes,Fiber optic,Yes,Yes,Yes,Yes,Yes,Yes,Full Protection
6481-ESCNL,Yes,Yes,Fiber optic,No,No,Yes,No,Yes,Yes,Partial Protection
1790-NESIO,Yes,No,No,No internet service,No internet service,No internet service,No internet service,No internet service,No internet service,Partial Protection
1550-EENBN,Yes,Yes,Fiber optic,Yes,Yes,No,No,Yes,Yes,Partial Protection
5539-TMZLF,Yes,No,Fiber optic,No,No,No,No,No,No,No Protection
4323-SADQS,No,No phone service,DSL,Yes,No,No,Yes,No,No,Partial Protection
4446-BZKHU,Yes,Yes,Fiber optic,No,Yes,Yes,No,Yes,Yes,Partial Protection
5202-IVJNU,No,No phone service,DSL,No,No,Yes,No,No,No,Partial Protection
5976-JCJRH,Yes,No,Fiber optic,No,No,No,No,No,No,No Protection
8198-RKSZG,Yes,Yes,DSL,No,Yes,No,Yes,Yes,Yes,Partial Protection
0137-OCGAB,Yes,Yes,Fiber optic,No,Yes,No,No,No,No,Partial Protection
3351-NQLDI,Yes,Yes,Fiber optic,Yes,No,No,Yes,No,Yes,Partial Protection
9297-EONCV,Yes,Yes,DSL,Yes,Yes,Yes,Yes,Yes,Yes,Full Protection
7593-JNWRU,Yes,No,DSL,No,No,No,No,No,No,No Protection
4588-YBNIB,Yes,No,No,No internet service,No internet service,No internet service,No internet service,No internet service,No internet service,Partial Protection
1069-QJOEE,Yes,No,No,No internet service,No internet service,No internet service,No internet service,No internet service,No internet service,Partial Protection
3336-JORSO,Yes,Yes,Fiber optic,No,Yes,Yes,Yes,Yes,Yes,Partial Protection
7799-DSEWS,Yes,No,DSL,Yes,No,Yes,Yes,Yes,No,Partial Protection
8766-PAFNE,Yes,No,DSL,No,Yes,Yes,Yes,Yes,Yes,Partial Protection
5315-CKEQK,Yes,Yes,DSL,No,No,No,No,No,No,No Protection
3130-ICDUP,Yes,Yes,Fiber optic,Yes,No,No,No,No,No,Partial Protection
0820-FNRNX,Yes,Yes,DSL,No,Yes,Yes,Yes,No,No,Partial Protection
0880-FVFWF,Yes,Yes,Fiber optic,Yes,Yes,No,No,No,No,Partial Protection
4611-ANLQC,No,No phone service,DSL,Yes,Yes,Yes,No,No,Yes,Partial Protection
4213-HKBJO,Yes,Yes,No,No internet service,No internet service,No internet service,No internet service,No internet service,No internet service,Partial Protection
2792-LSHWX,Yes,No,Fiber optic,Yes,Yes,No,Yes,No,No,Partial Protection
5028-GZLDO,Yes,No,Fiber optic,No,No,No,No,No,No,No Protection
0014-BMAQU,Yes,Yes,Fiber optic,Yes,No,No,Yes,No,No,Partial Protection
6861-XWTWQ,Yes,Yes,Fiber optic,No,No,Yes,No,Yes,Yes,Partial Protection
9018-PCIOK,Yes,No,DSL,No,Yes,Yes,No,No,Yes,Partial Protection
4837-QUSFT,Yes,Yes,Fiber optic,Yes,Yes,No,Yes,Yes,No,Partial Protection
6877-TJMBR,Yes,No,Fiber optic,No,No,No,Yes,Yes,No,Partial Protection
9953-ZMKSM,Yes,Yes,No,No internet service,No internet service,No internet service,No internet service,No internet service,No internet service,Partial Protection
0907-HQNTS,Yes,Yes,Fiber optic,Yes,Yes,Yes,Yes,Yes,Yes,Full Protection
7665-NKLAV,No,No phone service,DSL,Yes,No,Yes,Yes,No,No,Partial Protection
6769-DCQLI,Yes,No,Fiber optic,No,Yes,Yes,Yes,Yes,Yes,Partial Protection
2433-KMEAS,Yes,Yes,DSL,Yes,No,No,No,No,No,Partial Protection
4391-LNRXK,Yes,No,Fiber optic,No,Yes,Yes,Yes,No,Yes,Partial Protection
8250-ZNGGW,Yes,No,DSL,Yes,Yes,No,Yes,No,No,Partial Protection
2195-ZRVAX,Yes,No,Fiber optic,No,No,Yes,No,No,Yes,Partial Protection
3550-SAHFP,Yes,Yes,Fiber optic,No,No,No,No,No,Yes,No Protection
2011-TRQYE,No,No phone service,DSL,No,Yes,Yes,No,No,No,Partial Protection
8562-GHPPI,Yes,No,No,No internet service,No internet service,No internet service,No internet service,No internet service,No internet service,Partial Protection
5893-PYOLZ,Yes,No,DSL,No,Yes,Yes,Yes,Yes,Yes,Partial Protection
4986-MXSFP,Yes,No,No,No internet service,No internet service,No internet service,No internet service,No internet service,No internet service,Partial Protection
6131-FOYAS,Yes,Yes,DSL,Yes,No,Yes,No,No,No,Partial Protection
3027-YNWZU,Yes,Yes,No,No internet service,No internet service,No internet service,No internet service,No internet service,No internet service,Partial Protection
5609-IMCGG,Yes,Yes,Fiber optic,Yes,No,Yes,No,No,No,Partial Protection
4873-ILOLJ,Yes,No,Fiber optic,No,No,No,No,Yes,Yes,No Protection
4727-MCYZG,Yes,No,DSL,No,No,No,No,No,Yes,No Protection
9481-WHGWY,Yes,No,DSL,Yes,No,No,Yes,Yes,Yes,Partial Protection
2725-KXXWT,Yes,No,Fiber optic,No,No,No,No,Yes,Yes,No Protection
9565-DJPIB,Yes,Yes,Fiber optic,No,Yes,No,No,Yes,No,Partial Protection
4328-VUFWD,Yes,No,DSL,No,No,No,Yes,No,Yes,Partial Protection
3301-LSLWQ,Yes,Yes,DSL,Yes,No,No,No,No,Yes,Partial Protection
7473-ZBDSN,Yes,No,No,No internet service,No internet service,No internet service,No internet service,No internet service,No internet service,Partial Protection
3166-PNEOF,Yes,Yes,DSL,Yes,No,Yes,Yes,Yes,Yes,Partial Protection
5639-NTUPK,Yes,No,DSL,Yes,No,No,No,No,No,Partial Protection
8780-YRMTT,No,No phone service,DSL,Yes,Yes,Yes,Yes,No,No,Full Protection
8348-HFYIV,No,No phone service,DSL,No,No,Yes,No,Yes,Yes,Partial Protection
5140-FOMCQ,Yes,Yes,Fiber optic,Yes,Yes,Yes,No,Yes,Yes,Partial Protection
6242-SGYTS,Yes,Yes,Fiber optic,Yes,Yes,No,No,Yes,No,Partial Protection
8166-ORCHU,Yes,No,Fiber optic,Yes,Yes,No,Yes,No,Yes,Partial Protection
8414-OOEEL,Yes,No,DSL,No,Yes,Yes,Yes,Yes,Yes,Partial Protection
8454-AATJP,Yes,Yes,Fiber optic,Yes,Yes,Yes,Yes,Yes,Yes,Full Protection
6849-WLEYG,Yes,No,No,No internet service,No internet service,No internet service,No internet service,No internet service,No internet service,Partial Protection
4659-NZRUF,Yes,Yes,Fiber optic,Yes,Yes,No,No,No,Yes,Partial Protection
4531-AUZNK,Yes,Yes,Fiber optic,Yes,No,No,Yes,Yes,No,Partial Protection
4191-XOVOM,Yes,Yes,Fiber optic,No,Yes,No,Yes,Yes,Yes,Partial Protection
2150-OEGBV,Yes,No,No,No internet service,No internet service,No internet service,No internet service,No internet service,No internet service,Partial Protection
8429-XIBUM,Yes,Yes,Fiber optic,Yes,No,No,No,Yes,Yes,Partial Protection
1855-CFULU,Yes,No,No,No internet service,No internet service,No internet service,No internet service,No internet service,No internet service,Partial Protection
4878-BUNFV,Yes,No,No,No internet service,No internet service,No internet service,No internet service,No internet service,No internet service,Partial Protection
1872-EBWSC,Yes,No,No,No internet service,No internet service,No internet service,No internet service,No internet service,No internet service,Partial Protection
2608-BHKFN,Yes,No,Fiber optic,No,No,No,No,No,No,No Protection
7026-YMSBE,Yes,No,No,No internet service,No internet service,No internet service,No internet service,No internet service,No internet service,Partial Protection
7341-LXCAF,Yes,Yes,Fiber optic,No,No,No,No,No,No,No Protection
6997-UVGOX,Yes,No,DSL,Yes,Yes,Yes,Yes,Yes,Yes,Full Protection
9674-EHPPG,No,No phone service,DSL,Yes,No,Yes,Yes,No,No,Partial Protection
9462-MJUAW,Yes,Yes,DSL,No,No,No,No,No,No,No Protection
8128-YVJRG,Yes,Yes,Fiber optic,Yes,No,No,No,No,No,Partial Protection
5440-VHLUL,Yes,Yes,Fiber optic,No,Yes,No,Yes,Yes,Yes,Partial Protection
5781-BKHOP,Yes,Yes,Fiber optic,Yes,Yes,Yes,No,Yes,No,Partial Protection
4283-FUTGF,Yes,Yes,Fiber optic,No,No,Yes,No,No,No,Partial Protection
5213-TWWJU,Yes,No,Fiber optic,No,No,Yes,Yes,No,Yes,Partial Protection
1569-TTNYJ,Yes,Yes,Fiber optic,No,Yes,No,No,No,No,Partial Protection
8628-MFKAX,Yes,Yes,Fiber optic,Yes,Yes,Yes,Yes,Yes,Yes,Full Protection
2397-BRLOM,Yes,No,Fiber optic,No,No,No,No,Yes,No,No Protection
7629-WIXZF,Yes,No,DSL,Yes,No,No,No,No,Yes,Partial Protection
5445-GLVOT,Yes,No,DSL,Yes,No,No,No,No,No,Partial Protection
3976-HXHCE,Yes,No,No,No internet service,No internet service,No internet service,No internet service,No internet service,No internet service,Partial Protection
2466-NEJOJ,Yes,No,No,No internet service,No internet service,No internet service,No internet service,No internet service,No internet service,Partial Protection
0254-KCJGT,Yes,Yes,DSL,Yes,Yes,Yes,Yes,No,Yes,Full Protection
5472-CVMDX,No,No phone service,DSL,Yes,No,Yes,Yes,No,No,Partial Protection
6461-SZMCV,Yes,Yes,DSL,Yes,Yes,Yes,Yes,Yes,Yes,Full Protection
8150-QUDFX,Yes,No,No,No internet service,No internet service,No internet service,No internet service,No internet service,No internet service,Partial Protection
9508-ILZDG,Yes,Yes,Fiber optic,No,Yes,No,Yes,Yes,No,Partial Protection
2346-DJQTB,No,No phone service,DSL,No,No,No,No,No,No,No Protection
1697-LYYYX,Yes,No,No,No internet service,No internet service,No internet service,No internet service,No internet service,No internet service,Partial Protection
1942-OQFRW,Yes,No,DSL,No,No,No,No,No,No,No Protection
4749-VFKVB,Yes,Yes,DSL,No,No,No,No,No,No,No Protection
9640-ZSLDC,Yes,No,DSL,No,No,Yes,No,No,Yes,Partial Protection
4231-LZUYM,Yes,Yes,No,No internet service,No internet service,No internet service,No internet service,No internet service,No internet service,Partial Protection
7598-UAASY,Yes,No,Fiber optic,No,No,Yes,No,No,No,Partial Protection
7938-OUHIO,Yes,No,Fiber optic,No,No,Yes,Yes,Yes,Yes,Partial Protection
8510-AWCXC,Yes,Yes,Fiber optic,Yes,No,No,No,Yes,Yes,Partial Protection
6128-AQBMT,No,No phone service,DSL,No,Yes,Yes,No,Yes,Yes,Partial Protection
3594-BDSOA,Yes,No,No,No internet service,No internet service,No internet service,No internet service,No internet service,No internet service,Partial Protection
0431-APWVY,Yes,No,Fiber optic,No,No,No,No,Yes,Yes,No Protection
5133-VRSAB,No,No phone service,DSL,Yes,No,No,No,No,No,Partial Protection
5996-DAOQL,Yes,No,No,No internet service,No internet service,No internet service,No internet service,No internet service,No internet service,Partial Protection
6838-YAUVY,Yes,Yes,Fiber optic,No,No,Yes,Yes,No,Yes,Partial Protection
0484-JPBRU,Yes,Yes,No,No internet service,No internet service,No internet service,No internet service,No internet service,No internet service,Partial Protection
7883-ROJOC,Yes,No,DSL,No,No,No,No,No,No,No Protection
0244-LGNFY,Yes,Yes,DSL,Yes,Yes,Yes,Yes,Yes,Yes,Full Protection
7274-CGTOD,No,No phone service,DSL,Yes,Yes,Yes,Yes,No,No,Full Protection
4295-YURET,Yes,No,DSL,Yes,No,No,Yes,Yes,Yes,Partial Protection
3426-NIYYL,Yes,Yes,DSL,No,No,No,No,No,No,No Protection
8225-BTJAU,Yes,No,Fiber optic,No,No,No,No,No,Yes,No Protection
4635-EJYPD,Yes,No,No,No internet service,No internet service,No internet service,No internet service,No internet service,No internet service,Partial Protection
1866-ZSLJM,Yes,No,No,No internet service,No internet service,No internet service,No internet service,No internet service,No internet service,Partial Protection
4636-TVXVG,Yes,No,No,No internet service,No internet service,No internet service,No internet service,No internet service,No internet service,Partial Protection
4236-UJPWO,No,No phone service,DSL,No,No,No,No,No,No,No Protection
9392-XBGTD,Yes,No,No,No internet service,No internet service,No internet service,No internet service,No internet service,No internet service,Partial Protection
3387-VATUS,Yes,Yes,Fiber optic,No,No,No,No,Yes,Yes,No Protection
6402-SSEJG,No,No phone service,DSL,Yes,Yes,Yes,No,Yes,Yes,Partial Protection
1143-NMNQJ,Yes,Yes,Fiber optic,No,No,No,No,No,Yes,No Protection
1169-SAOCL,Yes,Yes,Fiber optic,No,Yes,No,Yes,Yes,Yes,Partial Protection
1110-KYLGQ,Yes,Yes,Fiber optic,Yes,Yes,Yes,No,Yes,Yes,Partial Protection
9929-PLVPA,Yes,No,No,No internet service,No internet service,No internet service,No internet service,No internet service,No internet service,Partial Protection
3518-PZXZQ,Yes,No,DSL,No,No,No,No,Yes,No,No Protection
2371-JUNGC,Yes,No,No,No internet service,No internet service,No internet service,No internet service,No internet service,No internet service,Partial Protection
7693-QPEFS,Yes,Yes,Fiber optic,No,No,No,No,No,No,No Protection
0924-BJCRC,Yes,Yes,Fiber optic,No,Yes,No,No,No,Yes,Partial Protection
5074-FBGHB,Yes,Yes,Fiber optic,No,No,Yes,Yes,Yes,Yes,Partial Protection
2351-BKRZW,Yes,No,DSL,Yes,No,Yes,No,Yes,Yes,Partial Protection
4455-BFSPD,Yes,Yes,Fiber optic,No,No,No,Yes,Yes,Yes,Partial Protection
0415-MOSGF,Yes,No,DSL,No,No,No,No,No,No,No Protection
1724-BQUHA,Yes,No,Fiber optic,No,No,No,No,Yes,Yes,No Protection
3948-KXDUF,Yes,Yes,DSL,Yes,Yes,Yes,Yes,No,No,Full Protection
2323-ARSVR,Yes,No,Fiber optic,Yes,Yes,Yes,Yes,Yes,Yes,Full Protection
0815-MFZGM,Yes,No,Fiber optic,No,No,Yes,Yes,Yes,Yes,Partial Protection
4826-XTSOH,Yes,Yes,Fiber optic,No,No,No,No,Yes,No,No Protection
5480-XTFFL,Yes,No,No,No internet service,No internet service,No internet service,No internet service,No internet service,No internet service,Partial Protection
8295-FHIVV,Yes,No,No,No internet service,No internet service,No internet service,No internet service,No internet service,No internet service,Partial Protection
2495-INZWQ,No,No phone service,DSL,No,No,No,No,Yes,Yes,No Protection
9086-YJYXS,Yes,Yes,DSL,No,No,Yes,No,Yes,Yes,Partial Protection
1179-INLAT,Yes,No,No,No internet service,No internet service,No internet service,No internet service,No internet service,No internet service,Partial Protection
7909-FIOIY,No,No phone service,DSL,No,No,No,No,No,No,No Protection
4139-SUGLD,No,No phone service,DSL,Yes,No,No,Yes,No,No,Partial Protection
6857-VWJDT,Yes,Yes,Fiber optic,No,No,No,No,Yes,Yes,No Protection
6351-SCJKT,No,No phone service,DSL,Yes,No,Yes,Yes,No,No,Partial Protection
5468-BPMMO,Yes,No,No,No internet service,No internet service,No internet service,No internet service,No internet service,No internet service,Partial Protection
5624-BQSSA,Yes,No,No,No internet service,No internet service,No internet service,No internet service,No internet service,No internet service,Partial Protection
0197-PNKNK,Yes,Yes,Fiber optic,Yes,No,Yes,No,No,No,Partial Protection
2439-QKJUL,Yes,No,No,No internet service,No internet service,No internet service,No internet service,No internet service,No internet service,Partial Protection
1194-SPVSP,Yes,No,No,No internet service,No internet service,No internet service,No internet service,No internet service,No internet service,Partial Protection
9534-NSXEM,Yes,No,No,No internet service,No internet service,No internet service,No internet service,No internet service,No internet service,Partial Protection
2408-WITXK,No,No phone service,DSL,No,No,No,No,No,Yes,No Protection
8929-KSWIH,Yes,No,Fiber optic,No,No,Yes,Yes,Yes,Yes,Partial Protection
2250-IVBWA,Yes,No,Fiber optic,Yes,Yes,No,No,No,No,Partial Protection
1810-MVMAI,Yes,Yes,DSL,Yes,Yes,Yes,Yes,No,No,Full Protection
9506-UXUSK,Yes,No,Fiber optic,No,No,No,No,No,No,No Protection
1229-RCALF,Yes,Yes,Fiber optic,Yes,Yes,Yes,Yes,Yes,Yes,Full Protection
3572-UOLYZ,Yes,Yes,Fiber optic,No,No,Yes,Yes,No,No,Partial Protection
1429-UYJSV,Yes,No,No,No internet service,No internet service,No internet service,No internet service,No internet service,No internet service,Partial Protection
5577-OTWWW,Yes,No,No,No internet service,No internet service,No internet service,No internet service,No internet service,No internet service,Partial Protection
6100-QQHEB,Yes,Yes,Fiber optic,No,No,No,No,Yes,Yes,No Protection
6366-XIVKZ,Yes,No,DSL,Yes,No,Yes,No,No,Yes,Partial Protection
3470-OBUET,Yes,Yes,DSL,Yes,Yes,No,Yes,Yes,No,Partial Protection
2770-NSVDG,No,No phone service,DSL,No,No,Yes,No,No,No,Partial Protection
9375-MHRRS,Yes,No,DSL,No,No,No,Yes,No,No,Partial Protection
2634-HCZGT,Yes,Yes,DSL,Yes,No,No,Yes,No,No,Partial Protection
7503-QQRVF,Yes,No,Fiber optic,No,Yes,No,No,No,No,Partial Protection
4860-YZGZM,Yes,No,No,No internet service,No internet service,No internet service,No internet service,No internet service,No internet service,Partial Protection
6599-GZWCM,Yes,No,Fiber optic,No,Yes,No,No,No,No,Partial Protection
2691-NZETQ,Yes,Yes,Fiber optic,No,No,No,No,Yes,No,No Protection
4404-HIBDJ,Yes,No,DSL,Yes,Yes,Yes,Yes,Yes,No,Full Protection
5533-NHFRF,No,No phone service,DSL,No,Yes,No,Yes,No,Yes,Partial Protection
7037-MTYVW,Yes,Yes,DSL,Yes,No,Yes,Yes,Yes,Yes,Partial Protection
4760-THGOT,Yes,Yes,Fiber optic,Yes,Yes,No,No,No,Yes,Partial Protection
7295-JOMMD,Yes,No,Fiber optic,No,No,Yes,Yes,Yes,Yes,Partial Protection
4016-BJKTZ,Yes,Yes,Fiber optic,No,Yes,Yes,Yes,Yes,Yes,Partial Protection
6584-VQMYT,Yes,No,DSL,Yes,Yes,No,No,No,No,Partial Protection
9838-BFCQT,Yes,Yes,No,No internet service,No internet service,No internet service,No internet service,No internet service,No internet service,Partial Protection
2790-XUYMV,Yes,Yes,Fiber optic,Yes,Yes,No,No,No,No,Partial Protection
0581-MDMPW,Yes,Yes,Fiber optic,No,No,Yes,No,Yes,No,Partial Protection
5013-SBUIH,Yes,Yes,Fiber optic,Yes,Yes,No,Yes,Yes,Yes,Partial Protection
1023-BQXZE,Yes,No,DSL,Yes,No,Yes,No,Yes,Yes,Partial Protection
9163-GHAYE,Yes,No,DSL,No,Yes,No,No,No,No,Partial Protection
3904-UKFRE,Yes,Yes,Fiber optic,Yes,No,No,No,No,No,Partial Protection
5353-WILCI,Yes,No,DSL,Yes,Yes,No,No,No,No,Partial Protection
0709-TVGUR,Yes,Yes,Fiber optic,No,No,No,No,No,No,No Protection
0058-EVZWM,Yes,Yes,Fiber optic,Yes,No,No,No,Yes,No,Partial Protection
6023-YEBUP,Yes,Yes,Fiber optic,No,No,Yes,No,Yes,Yes,Partial Protection
7209-JCUDS,Yes,No,Fiber optic,No,No,Yes,No,Yes,Yes,Partial Protection
7009-PCARS,Yes,No,No,No internet service,No internet service,No internet service,No internet service,No internet service,No internet service,Partial Protection
0519-DRGTI,Yes,No,No,No internet service,No internet service,No internet service,No internet service,No internet service,No internet service,Partial Protection
1017-FBQMM,Yes,Yes,Fiber optic,No,Yes,No,Yes,Yes,Yes,Partial Protection
3001-CBHLQ,Yes,Yes,Fiber optic,No,No,Yes,Yes,Yes,Yes,Partial Protection
1985-MBRYP,Yes,No,No,No internet service,No internet service,No internet service,No internet service,No internet service,No internet service,Partial Protection
6158-DWPZT,No,No phone service,DSL,No,No,No,No,No,No,No Protection
9372-TXXPS,Yes,No,DSL,Yes,Yes,No,Yes,No,No,Partial Protection
3259-QMXUN,Yes,Yes,DSL,Yes,Yes,Yes,No,Yes,Yes,Partial Protection
1015-JPFYW,Yes,No,No,No internet service,No internet service,No internet service,No internet service,No internet service,No internet service,Partial Protection
6645-MXQJT,Yes,No,Fiber optic,Yes,No,No,No,Yes,Yes,Partial Protection
4360-QRAVE,No,No phone service,DSL,No,Yes,Yes,No,No,No,Partial Protection
8433-WPJTV,Yes,Yes,Fiber optic,No,No,Yes,Yes,Yes,Yes,Partial Protection
5804-JMYIO,Yes,No,No,No internet service,No internet service,No internet service,No internet service,No internet service,No internet service,Partial Protection
3763-GCZHZ,Yes,Yes,Fiber optic,No,Yes,No,Yes,Yes,Yes,Partial Protection
6484-LATFU,Yes,Yes,No,No internet service,No internet service,No internet service,No internet service,No internet service,No internet service,Partial Protection
7599-NTMDP,No,No phone service,DSL,Yes,Yes,No,Yes,Yes,No,Partial Protection
0772-GYEQQ,Yes,No,Fiber optic,No,No,Yes,Yes,Yes,No,Partial Protection
0536-ACXIP,Yes,Yes,Fiber optic,Yes,Yes,Yes,No,Yes,Yes,Partial Protection
0936-NQLJU,Yes,No,No,No internet service,No internet service,No internet service,No internet service,No internet service,No internet service,Partial Protection
4831-EOBFE,Yes,No,Fiber optic,Yes,No,No,No,Yes,Yes,Partial Protection
1575-KRZZE,Yes,No,DSL,Yes,Yes,No,No,No,No,Partial Protection
3251-YMVWZ,Yes,Yes,No,No internet service,No internet service,No internet service,No internet service,No internet service,No internet service,Partial Protection
4102-OQUPX,Yes,Yes,Fiber optic,No,No,No,No,No,No,No Protection
9170-GYZJC,Yes,Yes,DSL,Yes,Yes,Yes,Yes,No,Yes,Full Protection
4884-LEVMQ,Yes,No,No,No internet service,No internet service,No internet service,No internet service,No internet service,No internet service,Partial Protection
8857-CUPFQ,Yes,No,No,No internet service,No internet service,No internet service,No internet service,No internet service,No internet service,Partial Protection
7610-TVOPG,Yes,Yes,No,No internet service,No internet service,No internet service,No internet service,No internet service,No internet service,Partial Protection
3638-DIMPH,Yes,No,DSL,No,No,No,No,No,No,No Protection
1845-ZLLIG,Yes,No,DSL,No,Yes,No,No,No,No,Partial Protection
8559-WNQZS,Yes,No,No,No internet service,No internet service,No internet service,No internet service,No internet service,No internet service,Partial Protection
3999-QGRJH,Yes,No,Fiber optic,No,No,No,No,No,No,No Protection
1699-UOTXU,Yes,No,DSL,Yes,Yes,Yes,No,No,No,Partial Protection
2454-RPBRZ,Yes,Yes,Fiber optic,No,Yes,Yes,No,Yes,No,Partial Protection
0635-WKOLD,Yes,Yes,DSL,No,Yes,No,Yes,Yes,No,Partial Protection
5993-JSUWV,Yes,No,DSL,Yes,Yes,Yes,No,No,No,Partial Protection
4518-FZBSX,Yes,No,No,No internet service,No internet service,No internet service,No internet service,No internet service,No internet service,Partial Protection
5387-ASZNZ,Yes,Yes,DSL,Yes,Yes,No,Yes,No,No,Partial Protection
6988-CJEYV,Yes,Yes,Fiber optic,No,Yes,No,No,Yes,Yes,Partial Protection
2002-MZHWP,Yes,No,No,No internet service,No internet service,No internet service,No internet service,No internet service,No internet service,Partial Protection
3097-FQTVJ,Yes,No,No,No internet service,No internet service,No internet service,No internet service,No internet service,No internet service,Partial Protection
5465-BUBFA,Yes,No,No,No internet service,No internet service,No internet service,No internet service,No internet service,No internet service,Partial Protection
7299-GNVPL,Yes,No,Fiber optic,Yes,Yes,No,Yes,No,No,Partial Protection
9743-DQKQW,No,No phone service,DSL,No,No,No,No,No,No,No Protection
1215-VFYVK,No,No phone service,DSL,Yes,No,Yes,Yes,No,Yes,Partial Protection
9371-BITHB,Yes,No,No,No internet service,No internet service,No internet service,No internet service,No internet service,No internet service,Partial Protection
2265-CYWIV,Yes,Yes,Fiber optic,Yes,No,No,No,Yes,Yes,Partial Protection
9093-FPDLG,Yes,No,Fiber optic,No,Yes,Yes,Yes,No,Yes,Partial Protection
0541-FITGH,Yes,No,DSL,Yes,No,No,No,No,Yes,Partial Protection
6985-HAYWX,Yes,Yes,Fiber optic,No,Yes,No,No,No,No,Partial Protection
7508-KBIMB,Yes,No,DSL,Yes,No,Yes,No,No,No,Partial Protection
6838-HVLXG,Yes,No,No,No internet service,No internet service,No internet service,No internet service,No internet service,No internet service,Partial Protection
2277-DJJDL,Yes,Yes,Fiber optic,No,No,No,Yes,Yes,Yes,Partial Protection
1897-OKVMW,Yes,Yes,DSL,Yes,Yes,Yes,Yes,Yes,Yes,Full Protection
5485-ITNPC,Yes,No,DSL,Yes,Yes,Yes,Yes,Yes,Yes,Full Protection
0233-FTHAV,Yes,Yes,Fiber optic,No,No,Yes,No,No,No,Partial Protection
4644-PIZRT,Yes,Yes,DSL,Yes,No,Yes,No,Yes,No,Partial Protection
8922-NPKBJ,Yes,No,No,No internet service,No internet service,No internet service,No internet service,No internet service,No internet service,Partial Protection
2740-TVLFN,Yes,Yes,DSL,No,No,No,No,No,No,No Protection
7771-CFQRQ,Yes,No,DSL,No,Yes,No,Yes,No,Yes,Partial Protection
9512-PHSMG,Yes,No,No,No internet service,No internet service,No internet service,No internet service,No internet service,No internet service,Partial Protection
6963-EZQEE,Yes,Yes,DSL,Yes,Yes,Yes,Yes,Yes,Yes,Full Protection
2452-KDRRH,Yes,Yes,Fiber optic,No,No,Yes,No,Yes,Yes,Partial Protection
2004-OCQXK,Yes,No,Fiber optic,No,No,No,No,No,Yes,No Protection
5027-QPKTE,Yes,No,Fiber optic,No,No,No,No,No,No,No Protection
4146-SVFUD,Yes,No,DSL,No,No,No,No,No,No,No Protection
1564-HJUVY,Yes,No,DSL,No,Yes,No,Yes,Yes,No,Partial Protection
3617-XLSGQ,Yes,Yes,Fiber optic,Yes,Yes,Yes,No,Yes,Yes,Partial Protection
7517-LDMPS,Yes,No,Fiber optic,No,Yes,No,No,No,Yes,Partial Protection
7244-KXYZN,Yes,No,No,No internet service,No internet service,No internet service,No internet service,No internet service,No internet service,Partial Protection
5226-NOZFC,Yes,No,Fiber optic,No,Yes,No,No,Yes,No,Partial Protection
2672-HUYVI,Yes,No,Fiber optic,No,No,No,No,Yes,Yes,No Protection
1400-WIVLL,Yes,Yes,Fiber optic,No,No,Yes,Yes,Yes,Yes,Partial Protection
7508-MYBOG,Yes,Yes,Fiber optic,No,No,No,No,Yes,No,No Protection
8148-NLEGT,Yes,Yes,No,No internet service,No internet service,No internet service,No internet service,No internet service,No internet service,Partial Protection
0148-DCDOS,Yes,Yes,Fiber optic,No,No,No,No,Yes,Yes,No Protection
8347-GDTMP,Yes,No,No,No internet service,No internet service,No internet service,No internet service,No internet service,No internet service,Partial Protection
9992-RRAMN,Yes,Yes,Fiber optic,No,No,No,No,No,Yes,No Protection
6746-WAUWT,Yes,No,No,No internet service,No internet service,No internet service,No internet service,No internet service,No internet service,Partial Protection
0310-MVLET,Yes,Yes,Fiber optic,No,Yes,No,No,Yes,Yes,Partial Protection
0428-IKYCP,Yes,No,Fiber optic,No,No,Yes,No,Yes,No,Partial Protection
4550-VBOFE,Yes,Yes,Fiber optic,No,Yes,Yes,No,Yes,Yes,Partial Protection
2187-PKZAY,Yes,No,Fiber optic,No,No,No,No,No,Yes,No Protection
4003-OCTMP,Yes,No,DSL,Yes,No,No,Yes,No,Yes,Partial Protection
6652-YFFJO,Yes,No,DSL,No,No,No,No,Yes,Yes,No Protection
7225-IILWY,Yes,Yes,No,No internet service,No internet service,No internet service,No internet service,No internet service,No internet service,Partial Protection
5248-RPYWW,Yes,Yes,DSL,Yes,Yes,Yes,Yes,Yes,Yes,Full Protection
7923-IYJWY,Yes,Yes,Fiber optic,Yes,Yes,Yes,Yes,Yes,Yes,Full Protection
3170-GWYKC,Yes,No,Fiber optic,Yes,No,Yes,Yes,Yes,Yes,Partial Protection
5696-QURRL,Yes,No,DSL,No,No,No,No,No,No,No Protection
7409-KIUTL,Yes,No,Fiber optic,No,No,No,No,No,No,No Protection
9830-ECLEN,No,No phone service,DSL,Yes,Yes,Yes,No,Yes,No,Partial Protection
1732-VHUBQ,Yes,No,Fiber optic,No,No,No,No,No,No,No Protection
0495-RVCBF,Yes,No,Fiber optic,No,No,No,No,No,Yes,No Protection
2668-TZSPS,Yes,No,No,No internet service,No internet service,No internet service,No internet service,No internet service,No internet service,Partial Protection
7854-EDSSA,Yes,Yes,DSL,Yes,Yes,No,No,No,No,Partial Protection
8869-TORSS,Yes,No,DSL,Yes,No,Yes,Yes,No,No,Partial Protection
7446-SFAOA,Yes,No,No,No internet service,No internet service,No internet service,No internet service,No internet service,No internet service,Partial Protection
9522-ZSINC,Yes,No,No,No internet service,No internet service,No internet service,No internet service,No internet service,No internet service,Partial Protection
8234-GSZYK,Yes,Yes,No,No internet service,No internet service,No internet service,No internet service,No internet service,No internet service,Partial Protection
6505-OZNPG,No,No phone service,DSL,Yes,Yes,Yes,Yes,Yes,Yes,Full Protection
6164-HAQTX,No,No phone service,DSL,Yes,Yes,Yes,Yes,Yes,No,Full Protection
0679-IDSTG,Yes,No,Fiber optic,No,No,No,No,No,No,No Protection
7765-LWVVH,Yes,Yes,Fiber optic,Yes,Yes,No,No,Yes,No,Partial Protection
1658-TJVOA,Yes,No,Fiber optic,Yes,No,No,No,No,No,Partial Protection
0953-LGOVU,No,No phone service,DSL,No,Yes,No,Yes,No,No,Partial Protection
2115-BFTIW,Yes,No,Fiber optic,No,No,No,No,No,No,No Protection
4692-NNQRU,Yes,No,Fiber optic,No,No,Yes,Yes,No,No,Partial Protection
7742-MYPGI,Yes,No,DSL,No,No,No,Yes,No,No,Partial Protection
0611-DFXKO,Yes,No,Fiber optic,No,No,No,No,Yes,Yes,No Protection
7780-OTDSO,Yes,Yes,Fiber optic,Yes,No,No,No,Yes,Yes,Partial Protection
9619-GSATL,Yes,No,DSL,No,Yes,No,Yes,No,No,Partial Protection
5622-UEJFI,Yes,Yes,No,No internet service,No internet service,No internet service,No internet service,No internet service,No internet service,Partial Protection
9747-DDZOS,Yes,No,Fiber optic,No,No,Yes,No,No,No,Partial Protection
0674-DGMAQ,Yes,Yes,Fiber optic,No,Yes,Yes,No,No,Yes,Partial Protection
6203-HBZPA,No,No phone service,DSL,Yes,Yes,Yes,Yes,Yes,Yes,Full Protection
0484-FFVBJ,Yes,No,DSL,No,No,No,No,Yes,Yes,No Protection
0301-FIDRB,No,No phone service,DSL,Yes,Yes,Yes,Yes,Yes,Yes,Full Protection
4139-JPIAM,No,No phone service,DSL,Yes,No,No,Yes,No,Yes,Partial Protection
2181-TIDSV,Yes,No,No,No internet service,No internet service,No internet service,No internet service,No internet service,No internet service,Partial Protection
2761-XECQW,No,No phone service,DSL,No,Yes,Yes,No,No,Yes,Partial Protection
1936-CZAKF,No,No phone service,DSL,No,Yes,No,No,Yes,Yes,Partial Protection
9453-PATOS,Yes,No,DSL,Yes,Yes,Yes,Yes,Yes,Yes,Full Protection
0564-JJHGS,Yes,Yes,Fiber optic,No,No,No,No,Yes,Yes,No Protection
3348-CFRNX,Yes,No,Fiber optic,Yes,No,No,No,Yes,Yes,Partial Protection
4402-FTBXC,Yes,No,Fiber optic,Yes,No,Yes,No,Yes,No,Partial Protection
1428-GTBJJ,Yes,No,Fiber optic,No,Yes,No,No,No,No,Partial Protection
2931-XIQBR,Yes,No,Fiber optic,No,No,Yes,Yes,Yes,Yes,Partial Protection
0106-UGRDO,Yes,Yes,Fiber optic,Yes,Yes,Yes,Yes,Yes,Yes,Full Protection
5542-TBBWB,Yes,No,Fiber optic,No,No,No,No,No,No,No Protection
1930-QPBVZ,Yes,No,Fiber optic,Yes,Yes,No,Yes,No,Yes,Partial Protection
2606-PKWJB,No,No phone service,DSL,Yes,Yes,No,Yes,No,No,Partial Protection
5322-ZSMZY,Yes,Yes,No,No internet service,No internet service,No internet service,No internet service,No internet service,No internet service,Partial Protection
8059-UDZFY,Yes,Yes,Fiber optic,No,Yes,Yes,No,Yes,Yes,Partial Protection
7740-BTPUX,Yes,Yes,Fiber optic,No,Yes,Yes,Yes,Yes,Yes,Partial Protection
5220-AGAAX,Yes,Yes,No,No internet service,No internet service,No internet service,No internet service,No internet service,No internet service,Partial Protection
0208-BPQEJ,Yes,No,No,No internet service,No internet service,No internet service,No internet service,No internet service,No internet service,Partial Protection
9435-JMLSX,Yes,No,DSL,Yes,Yes,Yes,Yes,Yes,Yes,Full Protection
3352-ALMCK,Yes,Yes,Fiber optic,No,Yes,Yes,No,Yes,Yes,Partial Protection
5312-IRCFR,Yes,Yes,Fiber optic,No,Yes,Yes,No,No,Yes,Partial Protection
5294-IMHHT,Yes,Yes,Fiber optic,No,Yes,No,Yes,No,Yes,Partial Protection
8802-UNOJF,Yes,No,Fiber optic,No,Yes,Yes,Yes,No,No,Partial Protection
6313-GIDIT,No,No phone service,DSL,No,Yes,Yes,No,Yes,Yes,Partial Protection
6176-YJWAS,Yes,Yes,Fiber optic,Yes,Yes,Yes,No,Yes,No,Partial Protection
5310-NOOVA,Yes,No,No,No internet service,No internet service,No internet service,No internet service,No internet service,No internet service,Partial Protection
4526-EXKKN,Yes,Yes,No,No internet service,No internet service,No internet service,No internet service,No internet service,No internet service,Partial Protection
5311-IHLEI,No,No phone service,DSL,Yes,Yes,No,Yes,Yes,No,Partial Protection
3987-KQDDU,Yes,No,Fiber optic,Yes,No,No,No,No,No,Partial Protection
3404-JNXAX,Yes,Yes,Fiber optic,No,No,No,Yes,No,No,Partial Protection
5131-PONJI,Yes,No,Fiber optic,No,Yes,Yes,No,Yes,No,Partial Protection
2845-AFFTX,Yes,Yes,Fiber optic,No,No,Yes,No,Yes,Yes,Partial Protection
3489-VSFRD,Yes,No,DSL,Yes,No,Yes,Yes,No,No,Partial Protection
3345-JHUEO,Yes,No,No,No internet service,No internet service,No internet service,No internet service,No internet service,No internet service,Partial Protection
5815-HGGHV,Yes,No,DSL,Yes,No,No,Yes,No,Yes,Partial Protection
5260-UMPWX,Yes,No,No,No internet service,No internet service,No internet service,No internet service,No internet service,No internet service,Partial Protection
2249-YPRNG,Yes,Yes,Fiber optic,No,Yes,Yes,No,Yes,Yes,Partial Protection
7410-YTJIK,Yes,Yes,Fiber optic,No,No,No,No,No,No,No Protection
4626-GYCZP,Yes,Yes,Fiber optic,No,No,No,No,Yes,Yes,No Protection
5649-RXQTV,Yes,No,Fiber optic,No,Yes,Yes,No,Yes,Yes,Partial Protection
2674-MIAHT,Yes,Yes,Fiber optic,No,Yes,No,No,No,No,Partial Protection
2576-HXMPA,Yes,No,No,No internet service,No internet service,No internet service,No internet service,No internet service,No internet service,Partial Protection
7587-AOVVU,Yes,Yes,Fiber optic,Yes,Yes,No,Yes,Yes,No,Partial Protection
5590-BYNII,Yes,Yes,Fiber optic,Yes,No,No,No,Yes,Yes,Partial Protection
6898-MDLZW,Yes,No,DSL,No,Yes,No,Yes,No,No,Partial Protection
3237-AJGEH,No,No phone service,DSL,No,No,No,Yes,No,No,Partial Protection
4707-YNOQA,Yes,Yes,No,No internet service,No internet service,No internet service,No internet service,No internet service,No internet service,Partial Protection
9357-UJRUN,Yes,Yes,DSL,Yes,No,No,Yes,No,No,Partial Protection
1591-NFNLQ,Yes,Yes,Fiber optic,No,No,Yes,No,No,No,Partial Protection
8648-PFRMP,No,No phone service,DSL,No,No,No,No,Yes,Yes,No Protection
7663-CUXZB,Yes,Yes,Fiber optic,Yes,Yes,Yes,Yes,Yes,Yes,Full Protection
0258-NOKBL,Yes,No,Fiber optic,No,Yes,Yes,No,No,Yes,Partial Protection
1163-VIPRI,Yes,Yes,Fiber optic,Yes,No,Yes,Yes,Yes,Yes,Partial Protection
2815-CPTUL,Yes,No,Fiber optic,No,No,No,No,No,No,No Protection
9348-ROUAI,Yes,Yes,DSL,Yes,Yes,Yes,Yes,Yes,Yes,Full Protection
9443-JUBUO,No,No phone service,DSL,Yes,Yes,Yes,Yes,Yes,Yes,Full Protection
0596-BQCEQ,Yes,No,Fiber optic,No,Yes,Yes,No,Yes,Yes,Partial Protection
1481-ZUWZA,Yes,Yes,Fiber optic,Yes,Yes,No,No,No,Yes,Partial Protection
3043-TYBNO,Yes,No,DSL,No,No,No,Yes,No,Yes,Partial Protection
4830-FAXFM,Yes,Yes,No,No internet service,No internet service,No internet service,No internet service,No internet service,No internet service,Partial Protection
5906-BFOZT,Yes,No,No,No internet service,No internet service,No internet service,No internet service,No internet service,No internet service,Partial Protection
2960-NKRSO,Yes,No,Fiber optic,No,Yes,Yes,Yes,No,No,Partial Protection
8996-ZROXE,Yes,No,DSL,No,No,Yes,Yes,No,No,Partial Protection
5598-IKHQQ,Yes,Yes,No,No internet service,No internet service,No internet service,No internet service,No internet service,No internet service,Partial Protection
0397-ZXWQF,Yes,No,No,No internet service,No internet service,No internet service,No internet service,No internet service,No internet service,Partial Protection
5266-PFRQK,Yes,No,No,No internet service,No internet service,No internet service,No internet service,No internet service,No internet service,Partial Protection
4674-HGNUA,Yes,Yes,DSL,Yes,Yes,Yes,Yes,Yes,Yes,Full Protection
6765-MBQNU,Yes,Yes,No,No internet service,No internet service,No internet service,No internet service,No internet service,No internet service,Partial Protection
9786-IJYDL,Yes,Yes,Fiber optic,Yes,Yes,Yes,Yes,Yes,Yes,Full Protection
1303-SRDOK,Yes,No,Fiber optic,No,No,No,No,No,No,No Protection
3769-MHZNV,Yes,No,No,No internet service,No internet service,No internet service,No internet service,No internet service,No internet service,Partial Protection
6295-OSINB,Yes,Yes,Fiber optic,Yes,Yes,Yes,No,Yes,Yes,Partial Protection
3308-MHOOC,Yes,No,No,No internet service,No internet service,No internet service,No internet service,No internet service,No internet service,Partial Protection
2309-OSFEU,No,No phone service,DSL,No,No,No,No,No,Yes,No Protection
2207-QPJED,Yes,No,Fiber optic,No,No,Yes,Yes,Yes,No,Partial Protection
4177-JPDFU,No,No phone service,DSL,No,Yes,No,Yes,No,No,Partial Protection
2239-CFOUJ,Yes,No,No,No internet service,No internet service,No internet service,No internet service,No internet service,No internet service,Partial Protection
8046-DNVTL,No,No phone service,DSL,Yes,Yes,No,Yes,No,No,Partial Protection
2209-XADXF,No,No phone service,DSL,No,No,No,No,No,No,No Protection
6620-JDYNW,Yes,Yes,DSL,Yes,No,Yes,No,No,No,Partial Protection
1891-FZYSA,Yes,Yes,Fiber optic,No,Yes,No,No,Yes,No,Partial Protection
4770-UEZOX,Yes,No,Fiber optic,No,Yes,No,No,No,No,Partial Protection
1038-RQOST,Yes,No,No,No internet service,No internet service,No internet service,No internet service,No internet service,No internet service,Partial Protection
7613-LLQFO,Yes,Yes,Fiber optic,No,No,No,No,Yes,No,No Protection
4568-TTZRT,Yes,No,No,No internet service,No internet service,No internet service,No internet service,No internet service,No internet service,Partial Protection
9513-DXHDA,Yes,No,DSL,Yes,No,Yes,Yes,Yes,Yes,Partial Protection
2640-PMGFL,Yes,Yes,Fiber optic,No,No,No,Yes,No,No,Partial Protection
3801-HMYNL,Yes,No,Fiber optic,No,No,No,No,Yes,Yes,No Protection
0516-QREYC,Yes,No,No,No internet service,No internet service,No internet service,No internet service,No internet service,No internet service,Partial Protection
9685-WKZGT,Yes,Yes,Fiber optic,No,No,No,No,No,No,No Protection
6022-UGGSO,Yes,No,Fiber optic,No,Yes,No,No,No,No,Partial Protection
8084-OIVBS,Yes,No,No,No internet service,No internet service,No internet service,No internet service,No internet service,No internet service,Partial Protection
8896-BQTTI,Yes,Yes,No,No internet service,No internet service,No internet service,No internet service,No internet service,No internet service,Partial Protection
3865-QBWSJ,Yes,Yes,Fiber optic,Yes,No,No,No,No,No,Partial Protection
3352-RICWQ,Yes,No,No,No internet service,No internet service,No internet service,No internet service,No internet service,No internet service,Partial Protection
2160-GPFXD,Yes,Yes,DSL,Yes,Yes,No,Yes,No,No,Partial Protection
2065-MMKGR,Yes,Yes,DSL,No,No,No,No,Yes,Yes,No Protection
5857-TYBCJ,Yes,Yes,Fiber optic,No,No,Yes,No,Yes,No,Partial Protection
1498-NHTLT,Yes,No,DSL,Yes,Yes,Yes,Yes,Yes,Yes,Full Protection
4484-CGXFK,Yes,No,DSL,No,No,No,No,No,Yes,No Protection
1402-PTHGN,Yes,No,DSL,Yes,Yes,No,Yes,No,No,Partial Protection
4176-RELJR,Yes,Yes,No,No internet service,No internet service,No internet service,No internet service,No internet service,No internet service,Partial Protection
6214-EDAKZ,Yes,No,DSL,No,Yes,No,Yes,No,No,Partial Protection
5199-FPUSP,No,No phone service,DSL,Yes,No,No,Yes,No,No,Partial Protection
6377-KSLXC,Yes,No,No,No internet service,No internet service,No internet service,No internet service,No internet service,No internet service,Partial Protection
1796-JANOW,Yes,No,No,No internet service,No internet service,No internet service,No internet service,No internet service,No internet service,Partial Protection
0238-WHBIQ,Yes,Yes,DSL,Yes,Yes,Yes,Yes,Yes,Yes,Full Protection
8735-NBLWT,Yes,No,No,No internet service,No internet service,No internet service,No internet service,No internet service,No internet service,Partial Protection
6651-RLGGM,Yes,Yes,No,No internet service,No internet service,No internet service,No internet service,No internet service,No internet service,Partial Protection
6127-ISGTU,Yes,Yes,Fiber optic,No,No,No,No,Yes,No,No Protection
1614-JBEBI,Yes,No,No,No internet service,No internet service,No internet service,No internet service,No internet service,No internet service,Partial Protection
8740-XLHDR,No,No phone service,DSL,Yes,Yes,Yes,Yes,No,No,Full Protection
1208-DNHLN,Yes,Yes,DSL,No,No,No,No,No,No,No Protection
1761-AEZZR,Yes,No,Fiber optic,No,No,No,No,Yes,No,No Protection
3923-CSIHK,Yes,No,Fiber optic,No,No,No,No,No,No,No Protection
5696-EXCYS,Yes,No,No,No internet service,No internet service,No internet service,No internet service,No internet service,No internet service,Partial Protection
5795-KTGUD,Yes,Yes,Fiber optic,Yes,Yes,Yes,No,Yes,Yes,Partial Protection
7120-RFMVS,Yes,Yes,Fiber optic,No,No,No,No,Yes,No,No Protection
7924-GJZFI,Yes,No,Fiber optic,No,No,No,No,No,No,No Protection
4702-HDRKD,No,No phone service,DSL,Yes,No,Yes,Yes,Yes,No,Partial Protection
8512-WIWYV,Yes,No,No,No internet service,No internet service,No internet service,No internet service,No internet service,No internet service,Partial Protection
5897-ZYEKH,Yes,Yes,Fiber optic,Yes,Yes,No,No,Yes,Yes,Partial Protection
5456-ITGIC,No,No phone service,DSL,Yes,Yes,Yes,Yes,Yes,Yes,Full Protection
7317-GGVPB,Yes,Yes,Fiber optic,No,Yes,Yes,Yes,Yes,Yes,Partial Protection
1406-PUQVY,Yes,No,DSL,No,Yes,No,No,No,No,Partial Protection
1322-AGOQM,No,No phone service,DSL,No,Yes,No,No,No,No,Partial Protection
3677-IYRBF,No,No phone service,DSL,No,No,Yes,No,No,No,Partial Protection
5692-FPTAH,Yes,No,DSL,No,No,No,No,No,No,No Protection
9114-AAFQH,Yes,No,DSL,No,Yes,Yes,No,No,Yes,Partial Protection
8715-KKTFG,Yes,Yes,Fiber optic,No,No,Yes,Yes,Yes,Yes,Partial Protection
1550-LOAHA,Yes,No,Fiber optic,No,Yes,No,No,No,Yes,Partial Protection
1728-BQDMA,Yes,No,DSL,No,No,No,No,No,No,No Protection
0268-QKIWO,Yes,No,No,No internet service,No internet service,No internet service,No internet service,No internet service,No internet service,Partial Protection
0876-WDUUZ,Yes,No,Fiber optic,No,No,No,Yes,No,Yes,Partial Protection
5117-ZSMHQ,Yes,Yes,DSL,Yes,Yes,Yes,Yes,Yes,Yes,Full Protection
5151-HQRDG,Yes,Yes,DSL,Yes,No,No,No,No,No,Partial Protection
0960-HUWBM,Yes,Yes,Fiber optic,No,No,Yes,Yes,Yes,Yes,Partial Protection
6465-GSRCL,Yes,Yes,Fiber optic,No,Yes,No,Yes,Yes,Yes,Partial Protection
0617-FHSGK,Yes,Yes,Fiber optic,No,No,No,No,No,No,No Protection
0263-FJTQO,Yes,Yes,DSL,Yes,No,No,Yes,Yes,No,Partial Protection
7319-ZNRTR,Yes,No,No,No internet service,No internet service,No internet service,No internet service,No internet service,No internet service,Partial Protection
2858-MOFSQ,Yes,Yes,DSL,No,No,Yes,No,No,No,Partial Protection
7503-EPSZW,Yes,Yes,No,No internet service,No internet service,No internet service,No internet service,No internet service,No internet service,Partial Protection
7089-XXAYG,No,No phone service,DSL,No,No,Yes,No,Yes,No,Partial Protection
8118-LSUEL,Yes,Yes,Fiber optic,No,Yes,Yes,No,Yes,Yes,Partial Protection
8070-AAWZP,No,No phone service,DSL,No,No,Yes,Yes,No,No,Partial Protection
1666-JXLKU,Yes,Yes,Fiber optic,No,No,Yes,No,Yes,Yes,Partial Protection
7855-DIWPO,Yes,No,Fiber optic,No,No,No,No,No,No,No Protection
5133-POWUA,Yes,No,DSL,No,No,No,No,No,No,No Protection
5652-MSDEY,Yes,Yes,Fiber optic,No,No,No,No,No,No,No Protection
7005-CCBKV,Yes,No,Fiber optic,No,Yes,No,No,No,Yes,Partial Protection
1810-BOHSY,Yes,Yes,Fiber optic,Yes,Yes,No,No,No,Yes,Partial Protection
1784-BXEFA,Yes,No,No,No internet service,No internet service,No internet service,No internet service,No internet service,No internet service,Partial Protection
7351-MHQVU,No,No phone service,DSL,Yes,Yes,No,Yes,No,Yes,Partial Protection
9224-VTYID,Yes,Yes,DSL,Yes,Yes,Yes,Yes,Yes,Yes,Full Protection
9500-IWPXQ,Yes,Yes,DSL,Yes,Yes,Yes,Yes,No,Yes,Full Protection
5762-TJXGK,No,No phone service,DSL,Yes,Yes,Yes,No,Yes,Yes,Partial Protection
4504-YOULA,Yes,Yes,DSL,Yes,Yes,No,No,No,No,Partial Protection
5569-IDSEY,Yes,Yes,Fiber optic,No,Yes,Yes,No,Yes,Yes,Partial Protection
4250-FDVOU,Yes,No,DSL,Yes,Yes,No,No,No,No,Partial Protection
7284-ZZLOH,Yes,No,DSL,Yes,No,Yes,No,No,No,Partial Protection
5277-ZLOOR,Yes,Yes,Fiber optic,No,No,No,No,Yes,No,No Protection
2141-RRYGO,Yes,No,DSL,No,Yes,No,No,Yes,Yes,Partial Protection
1777-JYQPJ,No,No phone service,DSL,No,No,No,No,No,No,No Protection
6376-GAHQE,Yes,No,Fiber optic,No,No,No,No,Yes,No,No Protection
3401-URHDA,Yes,Yes,DSL,Yes,No,No,Yes,No,No,Partial Protection
1599-EAHXY,Yes,Yes,No,No internet service,No internet service,No internet service,No internet service,No internet service,No internet service,Partial Protection
8631-XVRZL,Yes,No,No,No internet service,No internet service,No internet service,No internet service,No internet service,No internet service,Partial Protection
5052-PNLOS,Yes,Yes,Fiber optic,No,Yes,Yes,No,Yes,Yes,Partial Protection
3853-LYGAM,Yes,Yes,Fiber optic,No,No,Yes,Yes,No,Yes,Partial Protection
6979-ZNSFF,Yes,Yes,Fiber optic,No,No,No,No,Yes,No,No Protection
5751-USDBL,Yes,No,DSL,Yes,No,Yes,Yes,Yes,Yes,Partial Protection
5680-LQOGP,Yes,No,DSL,Yes,Yes,Yes,Yes,Yes,Yes,Full Protection
2386-LAHRK,Yes,No,DSL,No,No,No,No,Yes,No,No Protection
8189-DUKMV,Yes,No,No,No internet service,No internet service,No internet service,No internet service,No internet service,No internet service,Partial Protection
6032-IGALN,No,No phone service,DSL,No,No,No,No,No,No,No Protection
9931-DCEZH,Yes,No,DSL,No,Yes,No,Yes,No,No,Partial Protection
1898-JSNDC,Yes,No,DSL,No,Yes,No,No,Yes,No,Partial Protection
0315-LVCRK,Yes,No,Fiber optic,No,No,Yes,No,No,Yes,Partial Protection
3911-RSNHI,No,No phone service,DSL,No,Yes,Yes,Yes,Yes,Yes,Partial Protection
2410-CIYFZ,Yes,No,No,No internet service,No internet service,No internet service,No internet service,No internet service,No internet service,Partial Protection
4248-HCETZ,Yes,No,Fiber optic,No,Yes,Yes,No,No,No,Partial Protection
5505-OVWQW,Yes,No,No,No internet service,No internet service,No internet service,No internet service,No internet service,No internet service,Partial Protection
7271-AJDTL,Yes,Yes,Fiber optic,No,Yes,Yes,No,Yes,No,Partial Protection
1867-TJHTS,Yes,Yes,Fiber optic,Yes,No,No,No,No,No,Partial Protection
0516-WJVXC,Yes,No,DSL,Yes,No,No,Yes,No,No,Partial Protection
9174-FKWZE,Yes,No,No,No internet service,No internet service,No internet service,No internet service,No internet service,No internet service,Partial Protection
6860-YRJZP,Yes,Yes,Fiber optic,No,No,No,No,No,No,No Protection
4429-WYGFR,Yes,No,DSL,No,No,No,Yes,No,No,Partial Protection
2817-LVCPP,Yes,No,No,No internet service,No internet service,No internet service,No internet service,No internet service,No internet service,Partial Protection
5038-ETMLM,Yes,Yes,Fiber optic,Yes,Yes,Yes,Yes,Yes,Yes,Full Protection
5056-FIMPT,Yes,No,Fiber optic,Yes,Yes,No,Yes,Yes,Yes,Partial Protection
4521-WFJAI,Yes,Yes,No,No internet service,No internet service,No internet service,No internet service,No internet service,No internet service,Partial Protection
6569-KTMDU,Yes,No,No,No internet service,No internet service,No internet service,No internet service,No internet service,No internet service,Partial Protection
8809-RIHDD,Yes,Yes,Fiber optic,No,Yes,Yes,No,Yes,Yes,Partial Protection
8809-XKHMD,Yes,Yes,Fiber optic,Yes,Yes,No,Yes,No,Yes,Partial Protection
0396-YCHWO,Yes,Yes,Fiber optic,No,No,No,No,Yes,Yes,No Protection
0867-LDTTC,Yes,No,DSL,No,No,Yes,Yes,Yes,Yes,Partial Protection
4822-NGOCH,Yes,Yes,Fiber optic,No,Yes,Yes,No,No,No,Partial Protection
9391-DXGGG,Yes,No,Fiber optic,No,Yes,Yes,No,No,Yes,Partial Protection
9844-FELAJ,Yes,Yes,Fiber optic,No,Yes,Yes,Yes,Yes,Yes,Partial Protection
2122-SZZZD,Yes,No,No,No internet service,No internet service,No internet service,No internet service,No internet service,No internet service,Partial Protection
5307-DZCVC,Yes,Yes,Fiber optic,No,No,No,No,Yes,No,No Protection
3148-AOIQT,Yes,Yes,No,No internet service,No internet service,No internet service,No internet service,No internet service,No internet service,Partial Protection
8679-JOEVF,Yes,No,DSL,No,No,No,Yes,Yes,No,Partial Protection
8395-ETZKQ,Yes,No,No,No internet service,No internet service,No internet service,No internet service,No internet service,No internet service,Partial Protection
6692-YQHXC,Yes,No,Fiber optic,No,No,No,No,No,No,No Protection
3889-VWBID,Yes,No,DSL,Yes,Yes,No,Yes,Yes,Yes,Partial Protection
5222-JCXZT,Yes,No,No,No internet service,No internet service,No internet service,No internet service,No internet service,No internet service,Partial Protection
9754-CLVZW,No,No phone service,DSL,Yes,Yes,No,Yes,No,No,Partial Protection
1432-FPAXX,No,No phone service,DSL,No,Yes,No,No,No,No,Partial Protection
2739-CCZMB,Yes,No,No,No internet service,No internet service,No internet service,No internet service,No internet service,No internet service,Partial Protection
7080-TNUWP,Yes,Yes,Fiber optic,No,Yes,Yes,No,Yes,No,Partial Protection
0496-AHOOK,Yes,No,DSL,Yes,No,No,Yes,Yes,Yes,Partial Protection
8336-TAVKX,Yes,Yes,DSL,Yes,Yes,Yes,Yes,No,Yes,Full Protection
2468-SJFLM,Yes,No,Fiber optic,No,No,No,Yes,No,No,Partial Protection
3181-VTHOE,No,No phone service,DSL,No,Yes,Yes,Yes,No,Yes,Partial Protection
7168-HDQHG,Yes,No,No,No internet service,No internet service,No internet service,No internet service,No internet service,No internet service,Partial Protection
4803-AXVYP,Yes,Yes,Fiber optic,No,No,No,Yes,Yes,Yes,Partial Protection
3884-HCSWG,Yes,No,Fiber optic,No,No,No,No,No,No,No Protection
4567-AKPIA,Yes,Yes,Fiber optic,No,Yes,Yes,Yes,Yes,Yes,Partial Protection
5077-DXTCG,Yes,No,DSL,No,No,No,No,No,No,No Protection
1142-WACZW,No,No phone service,DSL,No,No,No,Yes,No,No,Partial Protection
7901-HXJVA,Yes,No,Fiber optic,No,No,Yes,No,No,No,Partial Protection
5649-ANRML,Yes,No,Fiber optic,No,Yes,Yes,Yes,No,Yes,Partial Protection
4892-VLANZ,Yes,No,No,No internet service,No internet service,No internet service,No internet service,No internet service,No internet service,Partial Protection
5924-IFQTT,Yes,Yes,DSL,No,Yes,Yes,Yes,Yes,No,Partial Protection
7968-QUXNS,Yes,No,No,No internet service,No internet service,No internet service,No internet service,No internet service,No internet service,Partial Protection
2919-HBCJO,Yes,No,Fiber optic,No,Yes,No,No,No,No,Partial Protection
4236-XPXAV,Yes,No,Fiber optic,No,Yes,No,Yes,Yes,Yes,Partial Protection
8903-WMRNW,Yes,No,Fiber optic,Yes,No,Yes,No,Yes,Yes,Partial Protection
2452-SNHFZ,Yes,No,Fiber optic,Yes,No,No,No,No,No,Partial Protection
3629-WEAAM,Yes,No,DSL,No,No,Yes,Yes,No,Yes,Partial Protection
6029-CSMJE,No,No phone service,DSL,No,No,No,No,No,No,No Protection
7993-NQLJE,Yes,No,Fiber optic,Yes,No,No,No,No,No,Partial Protection
9909-DFRJA,Yes,No,Fiber optic,Yes,No,Yes,Yes,No,Yes,Partial Protection
9099-FTUHS,Yes,Yes,DSL,Yes,No,No,No,No,No,Partial Protection
0581-BXBUB,Yes,No,Fiber optic,No,Yes,No,No,No,No,Partial Protection
4962-CHQPW,Yes,No,No,No internet service,No internet service,No internet service,No internet service,No internet service,No internet service,Partial Protection
9467-ROOLM,Yes,No,No,No internet service,No internet service,No internet service,No internet service,No internet service,No internet service,Partial Protection
3030-YZADT,Yes,No,DSL,No,No,No,No,No,No,No Protection
7410-KTVFV,Yes,No,DSL,No,No,Yes,No,No,No,Partial Protection
5150-ITWWB,Yes,Yes,Fiber optic,No,No,No,No,Yes,Yes,No Protection
2253-KPMNB,No,No phone service,DSL,Yes,Yes,Yes,Yes,No,No,Full Protection
1345-ZUKID,Yes,No,No,No internet service,No internet service,No internet service,No internet service,No internet service,No internet service,Partial Protection
6429-SHBCB,Yes,Yes,DSL,No,No,No,No,Yes,Yes,No Protection
9281-OFDMF,Yes,Yes,Fiber optic,No,Yes,No,No,No,Yes,Partial Protection
2603-HVKCG,Yes,No,Fiber optic,No,Yes,Yes,No,Yes,Yes,Partial Protection
1834-WULEG,Yes,No,No,No internet service,No internet service,No internet service,No internet service,No internet service,No internet service,Partial Protection
9097-ZUBYC,Yes,No,DSL,No,No,No,Yes,No,No,Partial Protection
5148-ORICT,Yes,No,DSL,Yes,Yes,Yes,Yes,No,Yes,Full Protection
4893-GYUJU,Yes,No,No,No internet service,No internet service,No internet service,No internet service,No internet service,No internet service,Partial Protection
4578-PHJYZ,Yes,No,DSL,No,Yes,Yes,Yes,Yes,No,Partial Protection
7272-QDCKA,Yes,Yes,Fiber optic,No,Yes,No,No,Yes,Yes,Partial Protection
8908-SLFCJ,Yes,No,No,No internet service,No internet service,No internet service,No internet service,No internet service,No internet service,Partial Protection
8393-DLHGA,Yes,No,Fiber optic,No,Yes,No,No,Yes,Yes,Partial Protection
9766-HGEDE,Yes,No,No,No internet service,No internet service,No internet service,No internet service,No internet service,No internet service,Partial Protection
6968-MHOMU,No,No phone service,DSL,No,No,No,No,Yes,Yes,No Protection
7395-IGJOS,Yes,No,Fiber optic,No,No,No,No,No,Yes,No Protection
5044-XDPYX,Yes,Yes,No,No internet service,No internet service,No internet service,No internet service,No internet service,No internet service,Partial Protection
1814-WFGVS,No,No phone service,DSL,Yes,No,Yes,Yes,Yes,No,Partial Protection
2834-SPCJV,Yes,No,Fiber optic,Yes,No,No,No,Yes,No,Partial Protection
3721-WKIIL,Yes,No,No,No internet service,No internet service,No internet service,No internet service,No internet service,No internet service,Partial Protection
6734-CKRSM,Yes,No,No,No internet service,No internet service,No internet service,No internet service,No internet service,No internet service,Partial Protection
1265-ZFOSD,Yes,Yes,DSL,Yes,Yes,Yes,Yes,No,Yes,Full Protection
6568-POCUI,Yes,No,Fiber optic,No,No,No,Yes,Yes,Yes,Partial Protection
7890-VYYWG,No,No phone service,DSL,No,No,No,No,Yes,No,No Protection
5197-LQXXH,Yes,Yes,DSL,No,Yes,Yes,Yes,Yes,Yes,Partial Protection
9907-SWKKF,No,No phone service,DSL,No,No,No,No,No,No,No Protection
3457-PQBYH,Yes,No,No,No internet service,No internet service,No internet service,No internet service,No internet service,No internet service,Partial Protection
7682-AZNDK,Yes,No,Fiber optic,No,Yes,Yes,No,Yes,No,Partial Protection
0587-DMGBH,Yes,No,DSL,Yes,No,No,No,No,No,Partial Protection
5384-ZTTWP,Yes,No,No,No internet service,No internet service,No internet service,No internet service,No internet service,No internet service,Partial Protection
3745-HRPHI,No,No phone service,DSL,No,No,Yes,Yes,Yes,Yes,Partial Protection
7636-OWBPG,No,No phone service,DSL,No,Yes,No,No,No,No,Partial Protection
1231-YNDEK,Yes,No,No,No internet service,No internet service,No internet service,No internet service,No internet service,No internet service,Partial Protection
1407-DIGZV,Yes,No,No,No internet service,No internet service,No internet service,No internet service,No internet service,No internet service,Partial Protection
6397-JNZZG,No,No phone service,DSL,No,Yes,Yes,No,Yes,Yes,Partial Protection
0570-BFQHT,Yes,No,Fiber optic,No,Yes,Yes,No,No,No,Partial Protection
4393-OBCRR,Yes,No,No,No internet service,No internet service,No internet service,No internet service,No internet service,No internet service,Partial Protection
3523-QRQLL,Yes,No,DSL,No,Yes,No,No,Yes,Yes,Partial Protection
8564-LDKFL,Yes,Yes,Fiber optic,No,Yes,Yes,No,Yes,Yes,Partial Protection
3696-DFHHB,Yes,Yes,No,No internet service,No internet service,No internet service,No internet service,No internet service,No internet service,Partial Protection
0895-DQHEW,Yes,Yes,Fiber optic,No,Yes,Yes,No,Yes,Yes,Partial Protection
4717-GHADL,Yes,Yes,DSL,No,Yes,No,Yes,Yes,Yes,Partial Protection
5501-TVMGM,Yes,No,DSL,No,No,No,No,No,Yes,No Protection
5879-HMFFH,Yes,Yes,DSL,Yes,Yes,Yes,Yes,Yes,Yes,Full Protection
6772-WFQRD,Yes,No,No,No internet service,No internet service,No internet service,No internet service,No internet service,No internet service,Partial Protection
3810-DVDQQ,Yes,Yes,Fiber optic,Yes,Yes,Yes,Yes,Yes,Yes,Full Protection
6972-SNKKW,Yes,No,No,No internet service,No internet service,No internet service,No internet service,No internet service,No internet service,Partial Protection
3694-GLTJM,Yes,No,No,No internet service,No internet service,No internet service,No internet service,No internet service,No internet service,Partial Protection
8550-XSXUQ,Yes,Yes,DSL,No,Yes,Yes,No,No,Yes,Partial Protection
8149-RSOUN,Yes,Yes,Fiber optic,No,No,No,No,Yes,Yes,No Protection
9055-MOJJJ,Yes,No,DSL,Yes,No,No,Yes,Yes,No,Partial Protection
4359-INNWN,Yes,No,No,No internet service,No internet service,No internet service,No internet service,No internet service,No internet service,Partial Protection
0585-EGDDA,Yes,No,Fiber optic,No,Yes,Yes,No,No,No,Partial Protection
4032-RMHCI,No,No phone service,DSL,Yes,No,Yes,No,No,No,Partial Protection
0549-CYCQN,Yes,Yes,Fiber optic,No,Yes,No,No,No,No,Partial Protection
3481-JHUZH,Yes,Yes,Fiber optic,No,Yes,No,No,No,No,Partial Protection
7250-EQKIY,Yes,No,DSL,No,No,Yes,No,No,No,Partial Protection
3594-IVHJZ,Yes,No,No,No internet service,No internet service,No internet service,No internet service,No internet service,No internet service,Partial Protection
6869-FGJJC,Yes,No,Fiber optic,No,Yes,Yes,No,No,No,Partial Protection
3896-ZVNET,Yes,Yes,No,No internet service,No internet service,No internet service,No internet service,No internet service,No internet service,Partial Protection
8205-VSLRB,Yes,Yes,DSL,Yes,No,Yes,Yes,No,Yes,Partial Protection
5960-MVTUK,No,No phone service,DSL,No,No,No,Yes,No,No,Partial Protection
6817-WTYHE,Yes,No,DSL,No,No,No,No,No,No,No Protection
3082-VQXNH,No,No phone service,DSL,No,Yes,No,No,No,No,Partial Protection
4013-UBXWQ,Yes,Yes,DSL,No,No,No,Yes,Yes,Yes,Partial Protection
4931-TRZWN,Yes,No,DSL,Yes,No,No,No,Yes,Yes,Partial Protection
0750-EKNGL,Yes,No,No,No internet service,No internet service,No internet service,No internet service,No internet service,No internet service,Partial Protection
7669-LCRSD,Yes,No,DSL,No,No,No,No,Yes,No,No Protection
3567-PQTSO,Yes,Yes,Fiber optic,No,Yes,Yes,No,Yes,Yes,Partial Protection
5519-NPHVG,Yes,Yes,Fiber optic,No,No,No,No,Yes,Yes,No Protection
8043-PNYSD,Yes,No,No,No internet service,No internet service,No internet service,No internet service,No internet service,No internet service,Partial Protection
9938-EKRGF,Yes,No,DSL,Yes,Yes,Yes,Yes,Yes,Yes,Full Protection
2703-AMTUL,Yes,No,DSL,Yes,Yes,No,No,No,No,Partial Protection
0928-JMXNP,No,No phone service,DSL,No,No,Yes,No,No,No,Partial Protection
8173-RXAYP,Yes,No,No,No internet service,No internet service,No internet service,No internet service,No internet service,No internet service,Partial Protection
4825-XJGDM,No,No phone service,DSL,Yes,Yes,Yes,Yes,No,No,Full Protection
5402-HTOTQ,Yes,Yes,DSL,No,Yes,No,No,No,No,Partial Protection
6734-JDTTV,Yes,No,No,No internet service,No internet service,No internet service,No internet service,No internet service,No internet service,Partial Protection
7850-THJMU,Yes,No,No,No internet service,No internet service,No internet service,No internet service,No internet service,No internet service,Partial Protection
3890-RTCMS,Yes,No,DSL,No,No,No,Yes,No,No,Partial Protection
8849-GYOKR,Yes,Yes,Fiber optic,Yes,Yes,No,No,Yes,Yes,Partial Protection
3148-BLQJT,Yes,No,No,No internet service,No internet service,No internet service,No internet service,No internet service,No internet service,Partial Protection
3717-FDJFU,Yes,No,No,No internet service,No internet service,No internet service,No internet service,No internet service,No internet service,Partial Protection
3665-JATSN,No,No phone service,DSL,No,Yes,No,No,No,Yes,Partial Protection
7966-YOTQW,Yes,Yes,DSL,Yes,No,No,No,No,No,Partial Protection
0461-CVKMU,Yes,No,Fiber optic,No,Yes,Yes,Yes,No,No,Partial Protection
8806-EAGWC,Yes,No,DSL,No,No,No,No,Yes,No,No Protection
8853-TZDGH,Yes,Yes,Fiber optic,No,Yes,Yes,Yes,Yes,Yes,Partial Protection
7779-LGOVN,Yes,Yes,Fiber optic,No,No,No,No,No,Yes,No Protection
4324-BZCKL,Yes,No,DSL,No,Yes,Yes,No,No,No,Partial Protection
6924-TDGMT,Yes,No,No,No internet service,No internet service,No internet service,No internet service,No internet service,No internet service,Partial Protection
9710-ZUSHQ,Yes,Yes,Fiber optic,Yes,Yes,No,No,Yes,Yes,Partial Protection
1536-YHDOE,Yes,Yes,DSL,Yes,No,No,Yes,No,No,Partial Protection
8123-QBNAZ,Yes,Yes,Fiber optic,Yes,No,Yes,No,Yes,Yes,Partial Protection
3629-ZNKXA,Yes,No,Fiber optic,No,Yes,Yes,No,Yes,Yes,Partial Protection
4827-LTQRJ,Yes,Yes,Fiber optic,Yes,Yes,No,Yes,Yes,Yes,Partial Protection
7711-YIJWC,Yes,No,DSL,Yes,Yes,Yes,Yes,Yes,Yes,Full Protection
5482-VXSXJ,Yes,No,Fiber optic,No,Yes,No,No,Yes,Yes,Partial Protection
7365-BVCJH,No,No phone service,DSL,No,No,No,No,No,No,No Protection
9620-ENEJV,Yes,No,Fiber optic,No,No,No,No,No,No,No Protection
4183-WCSEP,Yes,No,Fiber optic,No,Yes,No,Yes,No,No,Partial Protection
2378-YIZKA,Yes,No,DSL,Yes,Yes,Yes,Yes,Yes,Yes,Full Protection
5498-TXHLF,Yes,Yes,Fiber optic,No,No,Yes,No,Yes,No,Partial Protection
0689-DSXGL,Yes,No,Fiber optic,No,Yes,Yes,Yes,No,No,Partial Protection
6818-DJXAA,Yes,No,Fiber optic,No,No,Yes,Yes,Yes,No,Partial Protection
9722-UJOJR,Yes,No,Fiber optic,No,No,No,No,No,No,No Protection
0464-WJTKO,Yes,No,No,No internet service,No internet service,No internet service,No internet service,No internet service,No internet service,Partial Protection
8902-ZEOVF,Yes,No,No,No internet service,No internet service,No internet service,No internet service,No internet service,No internet service,Partial Protection
6778-EICRF,Yes,Yes,DSL,Yes,No,No,No,Yes,Yes,Partial Protection
2662-NNTDK,Yes,Yes,No,No internet service,No internet service,No internet service,No internet service,No internet service,No internet service,Partial Protection
4132-KALRO,Yes,Yes,Fiber optic,No,No,No,Yes,Yes,Yes,Partial Protection
3902-FOIGH,Yes,Yes,Fiber optic,No,Yes,No,No,Yes,Yes,Partial Protection
6772-KSATR,Yes,Yes,Fiber optic,Yes,No,No,No,No,No,Partial Protection
7112-OPOTK,Yes,No,Fiber optic,No,No,No,No,No,No,No Protection
2874-YXVVA,Yes,No,Fiber optic,No,Yes,Yes,Yes,Yes,Yes,Partial Protection
1245-HARPS,Yes,No,No,No internet service,No internet service,No internet service,No internet service,No internet service,No internet service,Partial Protection
4210-QFJMF,Yes,No,Fiber optic,No,No,No,No,No,Yes,No Protection
4323-ELYYB,Yes,No,No,No internet service,No internet service,No internet service,No internet service,No internet service,No internet service,Partial Protection
4293-ETKAP,Yes,Yes,DSL,No,Yes,No,Yes,Yes,Yes,Partial Protection
6064-PUPMC,Yes,No,DSL,Yes,No,No,Yes,No,No,Partial Protection
6504-VBLFL,Yes,No,DSL,Yes,Yes,Yes,No,No,No,Partial Protection
6322-PJJDJ,Yes,No,Fiber optic,No,Yes,No,No,Yes,Yes,Partial Protection
0330-BGYZE,Yes,Yes,Fiber optic,No,Yes,Yes,No,Yes,Yes,Partial Protection
1085-LDWAM,Yes,No,No,No internet service,No internet service,No internet service,No internet service,No internet service,No internet service,Partial Protection
7586-ZATGZ,Yes,Yes,Fiber optic,No,No,No,No,Yes,No,No Protection
7197-VOJMM,Yes,No,DSL,Yes,Yes,No,Yes,No,Yes,Partial Protection
3318-OSATS,Yes,Yes,Fiber optic,No,No,No,No,Yes,Yes,No Protection
5828-AVIPD,Yes,Yes,Fiber optic,No,No,No,Yes,Yes,Yes,Partial Protection
1843-TLSGD,Yes,No,No,No internet service,No internet service,No internet service,No internet service,No internet service,No internet service,Partial Protection
9626-VFRGG,Yes,Yes,Fiber optic,No,Yes,No,No,Yes,No,Partial Protection
7075-BNDVQ,No,No phone service,DSL,Yes,No,Yes,No,No,No,Partial Protection
9143-CANJF,Yes,No,DSL,Yes,No,No,Yes,No,No,Partial Protection
7284-BUYEC,No,No phone service,DSL,No,Yes,No,No,Yes,Yes,Partial Protection
2041-JIJCI,Yes,Yes,DSL,No,Yes,No,No,No,Yes,Partial Protection
1086-LXKFY,Yes,No,Fiber optic,No,No,No,No,No,No,No Protection
4900-MSOMT,Yes,Yes,DSL,Yes,Yes,Yes,Yes,Yes,No,Full Protection
2229-VWQJH,Yes,No,DSL,No,No,Yes,No,No,No,Partial Protection
9194-GFVOI,Yes,Yes,DSL,Yes,No,Yes,Yes,Yes,Yes,Partial Protection
1336-EZFZY,Yes,No,No,No internet service,No internet service,No internet service,No internet service,No internet service,No internet service,Partial Protection
4282-MSACW,Yes,Yes,Fiber optic,Yes,Yes,Yes,Yes,Yes,Yes,Full Protection
1403-LKLIK,Yes,No,No,No internet service,No internet service,No internet service,No internet service,No internet service,No internet service,Partial Protection
2636-ALXXZ,Yes,No,Fiber optic,No,No,No,No,No,No,No Protection
7774-OJSXI,Yes,Yes,Fiber optic,No,Yes,Yes,No,Yes,Yes,Partial Protection
7786-WBJYI,Yes,Yes,Fiber optic,No,Yes,No,No,No,No,Partial Protection
0136-IFMYD,Yes,Yes,Fiber optic,No,Yes,Yes,Yes,Yes,Yes,Partial Protection
5144-TVGLP,Yes,Yes,Fiber optic,No,No,No,No,Yes,Yes,No Protection
9643-AVVWI,Yes,No,Fiber optic,No,Yes,No,Yes,No,No,Partial Protection
0253-ZTEOB,Yes,Yes,DSL,No,Yes,No,Yes,Yes,Yes,Partial Protection
2706-QZIHY,Yes,Yes,No,No internet service,No internet service,No internet service,No internet service,No internet service,No internet service,Partial Protection
6061-PQHMK,Yes,No,No,No internet service,No internet service,No internet service,No internet service,No internet service,No internet service,Partial Protection
9885-CSMWE,Yes,No,Fiber optic,No,No,No,No,Yes,No,No Protection
6137-MFAJN,No,No phone service,DSL,Yes,Yes,No,No,Yes,No,Partial Protection
9122-UMROB,Yes,No,No,No internet service,No internet service,No internet service,No internet service,No internet service,No internet service,Partial Protection
4232-JGKIY,Yes,No,No,No internet service,No internet service,No internet service,No internet service,No internet service,No internet service,Partial Protection
2402-TAIRZ,Yes,No,Fiber optic,No,Yes,Yes,No,No,No,Partial Protection
9659-ZTWSM,Yes,Yes,Fiber optic,No,Yes,Yes,Yes,Yes,Yes,Partial Protection
9139-TWBAS,No,No phone service,DSL,Yes,Yes,Yes,No,Yes,No,Partial Protection
6685-GBWJZ,Yes,No,DSL,Yes,Yes,No,Yes,Yes,No,Partial Protection
5016-ETTFF,No,No phone service,DSL,No,No,Yes,No,No,No,Partial Protection
3866-MDTUB,Yes,No,DSL,Yes,No,No,No,Yes,Yes,Partial Protection
2195-VVRJF,Yes,No,DSL,Yes,No,No,No,No,Yes,Partial Protection
3913-RDSJZ,Yes,Yes,No,No internet service,No internet service,No internet service,No internet service,No internet service,No internet service,Partial Protection
8058-JMEQO,Yes,Yes,Fiber optic,No,No,No,No,No,Yes,No Protection
4203-QGNZA,Yes,No,No,No internet service,No internet service,No internet service,No internet service,No internet service,No internet service,Partial Protection
5043-TRZWM,Yes,No,Fiber optic,No,No,Yes,No,No,No,Partial Protection
0697-ZMSWS,Yes,Yes,Fiber optic,No,No,No,No,No,Yes,No Protection
7657-DYEPJ,Yes,No,DSL,No,Yes,Yes,Yes,Yes,No,Partial Protection
9494-BDNNC,Yes,Yes,Fiber optic,No,Yes,Yes,No,No,Yes,Partial Protection
1640-PLFMP,Yes,No,Fiber optic,No,No,No,No,No,No,No Protection
5366-OBVMR,Yes,No,DSL,No,No,No,Yes,No,No,Partial Protection
8276-MQBYC,Yes,Yes,Fiber optic,No,No,Yes,No,Yes,Yes,Partial Protection
7644-OMVMY,Yes,No,No,No internet service,No internet service,No internet service,No internet service,No internet service,No internet service,Partial Protection
7593-XFKDI,Yes,No,DSL,No,No,No,No,No,No,No Protection
4573-JKNAE,Yes,No,No,No internet service,No internet service,No internet service,No internet service,No internet service,No internet service,Partial Protection
0337-CNPZE,Yes,Yes,Fiber optic,No,Yes,Yes,No,Yes,Yes,Partial Protection
9817-APLHW,Yes,Yes,No,No internet service,No internet service,No internet service,No internet service,No internet service,No internet service,Partial Protection
8380-MQINP,Yes,No,No,No internet service,No internet service,No internet service,No internet service,No internet service,No internet service,Partial Protection
0840-DFEZH,Yes,Yes,Fiber optic,No,No,No,No,No,No,No Protection
1513-XNPPH,Yes,No,Fiber optic,No,No,Yes,Yes,No,Yes,Partial Protection
8690-ZVLCL,Yes,Yes,DSL,Yes,Yes,Yes,Yes,Yes,Yes,Full Protection
6015-VVHHE,Yes,Yes,Fiber optic,No,No,No,No,Yes,No,No Protection
1125-SNVCK,Yes,No,DSL,No,No,No,No,No,No,No Protection
0384-LPITE,No,No phone service,DSL,Yes,Yes,Yes,No,Yes,Yes,Partial Protection
4616-EWBNJ,Yes,No,No,No internet service,No internet service,No internet service,No internet service,No internet service,No internet service,Partial Protection
6347-DCUIK,Yes,Yes,Fiber optic,No,No,No,No,No,No,No Protection
1335-HQMKX,Yes,Yes,Fiber optic,No,Yes,Yes,No,Yes,Yes,Partial Protection
2545-EBUPK,Yes,Yes,Fiber optic,No,No,No,No,No,Yes,No Protection
6923-AQONU,Yes,No,No,No internet service,No internet service,No internet service,No internet service,No internet service,No internet service,Partial Protection
2172-EJXVF,Yes,Yes,Fiber optic,No,Yes,Yes,No,Yes,Yes,Partial Protection
0897-FEGMU,Yes,Yes,Fiber optic,No,No,Yes,No,Yes,Yes,Partial Protection
7663-RGWBC,Yes,No,DSL,No,No,No,No,No,No,No Protection
1120-BMWUB,Yes,No,DSL,No,Yes,No,Yes,No,No,Partial Protection
9124-LHCJQ,Yes,Yes,Fiber optic,No,No,No,No,No,Yes,No Protection
4536-PLEQY,Yes,No,Fiber optic,No,Yes,No,No,No,Yes,Partial Protection
7029-IJEJK,No,No phone service,DSL,Yes,No,No,Yes,No,Yes,Partial Protection
8871-JLMHM,Yes,Yes,Fiber optic,No,Yes,Yes,Yes,No,No,Partial Protection
2235-ZGKPT,Yes,Yes,DSL,No,No,No,No,No,No,No Protection
3891-PUQOD,Yes,No,DSL,No,No,Yes,No,No,Yes,Partial Protection
5447-VYTKW,Yes,No,DSL,Yes,No,No,Yes,No,No,Partial Protection
3623-FQBOX,Yes,No,No,No internet service,No internet service,No internet service,No internet service,No internet service,No internet service,Partial Protection
0689-NKYLF,Yes,No,Fiber optic,No,No,Yes,No,Yes,No,Partial Protection
8659-HDIYE,Yes,Yes,DSL,No,Yes,Yes,Yes,No,Yes,Partial Protection
3658-KIBGF,Yes,No,DSL,Yes,Yes,No,No,No,No,Partial Protection
3474-BAFSJ,No,No phone service,DSL,No,Yes,Yes,Yes,Yes,Yes,Partial Protection
5519-YLDGW,Yes,Yes,Fiber optic,Yes,No,Yes,No,Yes,Yes,Partial Protection
3865-ZFZIB,Yes,No,No,No internet service,No internet service,No internet service,No internet service,No internet service,No internet service,Partial Protection
1855-AGAWH,Yes,No,Fiber optic,No,No,Yes,No,Yes,Yes,Partial Protection
7109-CQYUZ,Yes,Yes,DSL,Yes,Yes,Yes,Yes,Yes,Yes,Full Protection
1370-GGAWX,Yes,Yes,Fiber optic,No,Yes,Yes,No,No,Yes,Partial Protection
4680-KUTAJ,Yes,Yes,DSL,Yes,No,No,No,No,No,Partial Protection
5307-UVGNB,No,No phone service,DSL,Yes,Yes,Yes,No,No,Yes,Partial Protection
4946-EDSEW,Yes,No,No,No internet service,No internet service,No internet service,No internet service,No internet service,No internet service,Partial Protection
2883-ILGWO,Yes,Yes,Fiber optic,No,Yes,No,Yes,Yes,Yes,Partial Protection
2516-VQRRV,Yes,Yes,Fiber optic,No,No,No,No,No,No,No Protection
7580-UGXNC,Yes,No,DSL,Yes,Yes,No,No,No,No,Partial Protection
3642-BYHDO,Yes,No,No,No internet service,No internet service,No internet service,No internet service,No internet service,No internet service,Partial Protection
9629-NHXFW,Yes,No,No,No internet service,No internet service,No internet service,No internet service,No internet service,No internet service,Partial Protection
2696-RZVZW,Yes,Yes,No,No internet service,No internet service,No internet service,No internet service,No internet service,No internet service,Partial Protection
5766-FTRTS,Yes,No,DSL,Yes,Yes,Yes,Yes,Yes,Yes,Full Protection
0396-HUJBP,Yes,No,No,No internet service,No internet service,No internet service,No internet service,No internet service,No internet service,Partial Protection
5178-LMXOP,Yes,Yes,Fiber optic,No,No,No,No,Yes,Yes,No Protection
8879-ZKJOF,Yes,No,DSL,Yes,No,Yes,Yes,Yes,Yes,Partial Protection
6285-FTQBF,Yes,Yes,No,No internet service,No internet service,No internet service,No internet service,No internet service,No internet service,Partial Protection
8185-UPYBR,Yes,Yes,Fiber optic,No,No,No,No,No,No,No Protection
4585-HETAI,Yes,No,Fiber optic,No,No,Yes,No,No,No,Partial Protection
7526-BEZQB,Yes,Yes,Fiber optic,No,No,No,No,Yes,Yes,No Protection
1474-JUWSM,Yes,Yes,DSL,Yes,No,No,Yes,No,Yes,Partial Protection
3530-CRZSB,Yes,No,No,No internet service,No internet service,No internet service,No internet service,No internet service,No internet service,Partial Protection
8498-XXGWA,Yes,No,DSL,Yes,No,Yes,No,No,No,Partial Protection
9617-INGJY,Yes,No,Fiber optic,No,No,No,No,No,No,No Protection
0621-TSSMU,Yes,No,No,No internet service,No internet service,No internet service,No internet service,No internet service,No internet service,Partial Protection
7234-KMNRQ,Yes,No,No,No internet service,No internet service,No internet service,No internet service,No internet service,No internet service,Partial Protection
7636-PEPNS,Yes,No,DSL,No,No,No,No,No,No,No Protection
4683-WYDOU,Yes,Yes,Fiber optic,No,No,Yes,Yes,Yes,Yes,Partial Protection
9052-DHNKM,Yes,Yes,DSL,Yes,Yes,No,No,No,No,Partial Protection
6794-HKIAJ,Yes,Yes,Fiber optic,Yes,Yes,Yes,No,No,No,Partial Protection
5578-NKCXI,Yes,No,Fiber optic,Yes,Yes,No,No,Yes,Yes,Partial Protection
1642-HMARX,Yes,Yes,DSL,Yes,Yes,Yes,Yes,Yes,Yes,Full Protection
3096-WPXBT,Yes,Yes,Fiber optic,Yes,Yes,Yes,No,No,Yes,Partial Protection
8434-PNQZX,Yes,Yes,DSL,No,No,Yes,Yes,Yes,Yes,Partial Protection
5950-AAAGJ,Yes,Yes,Fiber optic,No,No,No,No,Yes,No,No Protection
4299-OPXEJ,Yes,No,No,No internet service,No internet service,No internet service,No internet service,No internet service,No internet service,Partial Protection
4951-UKAAQ,Yes,Yes,Fiber optic,No,Yes,No,No,No,Yes,Partial Protection
9618-LFJRU,Yes,No,No,No internet service,No internet service,No internet service,No internet service,No internet service,No internet service,Partial Protection
6693-DJWTY,Yes,No,DSL,Yes,Yes,No,No,No,No,Partial Protection
0744-GKNGE,Yes,Yes,Fiber optic,Yes,No,No,Yes,No,No,Partial Protection
6447-EGDIV,Yes,No,No,No internet service,No internet service,No internet service,No internet service,No internet service,No internet service,Partial Protection
1167-OYZJF,Yes,No,No,No internet service,No internet service,No internet service,No internet service,No internet service,No internet service,Partial Protection
2108-YKQTY,Yes,No,DSL,No,Yes,No,No,No,No,Partial Protection
4806-DXQCE,Yes,Yes,Fiber optic,Yes,Yes,Yes,Yes,Yes,Yes,Full Protection
4918-QLLIW,Yes,No,DSL,No,No,No,No,Yes,No,No Protection
7056-IMHCC,Yes,Yes,Fiber optic,No,Yes,No,No,Yes,Yes,Partial Protection
4854-SSLTN,Yes,No,DSL,Yes,Yes,No,Yes,No,No,Partial Protection
5294-DMSFH,Yes,No,Fiber optic,No,No,No,No,Yes,Yes,No Protection
4837-PZTIC,No,No phone service,DSL,Yes,No,Yes,Yes,No,No,Partial Protection
1625-JAIIY,Yes,Yes,Fiber optic,No,No,No,No,Yes,No,No Protection
0603-OLQDC,Yes,No,DSL,Yes,No,No,No,Yes,Yes,Partial Protection
3272-VUHPV,Yes,No,DSL,No,Yes,No,Yes,No,No,Partial Protection
4176-FXYBO,Yes,Yes,Fiber optic,Yes,Yes,Yes,No,Yes,Yes,Partial Protection
1063-DHQJF,Yes,No,Fiber optic,No,Yes,No,Yes,Yes,No,Partial Protection
8663-UPDGF,Yes,Yes,DSL,Yes,Yes,No,No,Yes,No,Partial Protection
6719-FGEDO,Yes,Yes,Fiber optic,Yes,Yes,Yes,Yes,No,No,Full Protection
1837-YQUCE,No,No phone service,DSL,Yes,No,Yes,Yes,Yes,Yes,Partial Protection
2947-DOMLJ,Yes,No,DSL,Yes,No,No,No,No,No,Partial Protection
4112-LUEIZ,Yes,No,Fiber optic,No,No,No,No,Yes,Yes,No Protection
0369-ZGOVK,Yes,No,Fiber optic,No,No,No,No,No,No,No Protection
4510-HIMLV,Yes,No,Fiber optic,No,No,No,No,No,No,No Protection
9919-KNPOO,Yes,Yes,Fiber optic,No,No,No,No,Yes,Yes,No Protection
8749-JMNKX,Yes,Yes,Fiber optic,Yes,No,Yes,No,Yes,No,Partial Protection
7872-BAAZR,Yes,No,No,No internet service,No internet service,No internet service,No internet service,No internet service,No internet service,Partial Protection
9391-LMANN,Yes,No,Fiber optic,Yes,Yes,Yes,No,No,Yes,Partial Protection
2430-USGXP,Yes,Yes,Fiber optic,No,No,Yes,No,Yes,Yes,Partial Protection
8174-TBVCF,Yes,Yes,DSL,Yes,Yes,Yes,Yes,Yes,Yes,Full Protection
1698-XFZCI,Yes,Yes,Fiber optic,Yes,Yes,Yes,No,Yes,Yes,Partial Protection
1877-HKBQX,Yes,No,DSL,Yes,No,No,Yes,No,No,Partial Protection
4450-DLLMH,Yes,No,Fiber optic,No,No,No,No,No,No,No Protection
0428-AXXLJ,Yes,No,No,No internet service,No internet service,No internet service,No internet service,No internet service,No internet service,Partial Protection
2746-DIJLO,Yes,Yes,DSL,No,Yes,No,No,No,No,Partial Protection
5955-ERIHD,Yes,Yes,Fiber optic,No,No,No,No,Yes,Yes,No Protection
0917-EZOLA,Yes,Yes,Fiber optic,No,Yes,Yes,No,Yes,Yes,Partial Protection
3508-VLHCZ,Yes,Yes,DSL,Yes,Yes,Yes,Yes,Yes,Yes,Full Protection
4086-ATNFV,Yes,No,DSL,Yes,Yes,Yes,No,No,No,Partial Protection
0468-YRPXN,Yes,No,Fiber optic,No,No,Yes,Yes,Yes,Yes,Partial Protection
5996-NRVXR,Yes,No,Fiber optic,Yes,Yes,Yes,Yes,Yes,No,Full Protection
3739-YBWAB,No,No phone service,DSL,Yes,No,Yes,No,No,No,Partial Protection
7047-FWEYA,Yes,Yes,Fiber optic,No,Yes,No,Yes,Yes,Yes,Partial Protection
2000-MPKCA,Yes,Yes,Fiber optic,Yes,Yes,Yes,No,Yes,Yes,Partial Protection
9762-YAQAA,Yes,Yes,Fiber optic,No,Yes,No,No,No,No,Partial Protection
5949-EBSQK,Yes,No,DSL,No,No,No,Yes,No,Yes,Partial Protection
5473-KHBPS,Yes,Yes,Fiber optic,No,Yes,Yes,No,Yes,No,Partial Protection
0100-DUVFC,Yes,Yes,Fiber optic,No,Yes,Yes,No,Yes,Yes,Partial Protection
5397-TUPSH,Yes,No,Fiber optic,No,No,No,No,No,No,No Protection
8950-MTZNV,Yes,No,DSL,No,No,No,No,No,No,No Protection
0326-VDYXE,Yes,Yes,Fiber optic,No,No,Yes,No,Yes,Yes,Partial Protection
6773-LQTVT,No,No phone service,DSL,No,Yes,Yes,No,No,No,Partial Protection
7274-RTAPZ,Yes,No,Fiber optic,No,No,No,No,Yes,Yes,No Protection
0436-TWFFZ,Yes,Yes,DSL,Yes,No,Yes,Yes,Yes,Yes,Partial Protection
8566-YPRGL,Yes,No,No,No internet service,No internet service,No internet service,No internet service,No internet service,No internet service,Partial Protection
0311-UNPFF,Yes,No,Fiber optic,No,No,No,No,Yes,Yes,No Protection
6609-MXJHJ,Yes,Yes,No,No internet service,No internet service,No internet service,No internet service,No internet service,No internet service,Partial Protection
2669-OIDSD,Yes,No,Fiber optic,No,No,Yes,Yes,Yes,Yes,Partial Protection
8400-WZICQ,Yes,No,DSL,Yes,Yes,No,No,No,No,Partial Protection
3834-XUIFC,Yes,Yes,Fiber optic,No,No,No,No,No,Yes,No Protection
9576-SYUHJ,Yes,Yes,Fiber optic,Yes,No,No,No,Yes,No,Partial Protection
0410-IPFTY,Yes,No,Fiber optic,No,Yes,No,No,No,Yes,Partial Protection
2831-EBWRN,Yes,No,DSL,No,No,No,No,No,No,No Protection
9430-NKQLY,Yes,Yes,No,No internet service,No internet service,No internet service,No internet service,No internet service,No internet service,Partial Protection
8414-MYSHR,Yes,No,Fiber optic,No,No,No,No,Yes,Yes,No Protection
0247-SLUJI,Yes,No,No,No internet service,No internet service,No internet service,No internet service,No internet service,No internet service,Partial Protection
9402-ORRAH,Yes,No,Fiber optic,No,No,No,No,Yes,Yes,No Protection
6483-OATDN,Yes,No,DSL,Yes,No,No,No,No,No,Partial Protection
1293-HHSHJ,Yes,No,No,No internet service,No internet service,No internet service,No internet service,No internet service,No internet service,Partial Protection
4840-ORQXB,Yes,Yes,Fiber optic,No,Yes,Yes,No,Yes,Yes,Partial Protection
7599-FKVXZ,Yes,Yes,Fiber optic,No,No,Yes,Yes,Yes,Yes,Partial Protection
3982-DQLUS,Yes,Yes,Fiber optic,Yes,Yes,No,No,No,No,Partial Protection
8610-ZIKJJ,Yes,No,No,No internet service,No internet service,No internet service,No internet service,No internet service,No internet service,Partial Protection
3756-VNWDH,Yes,Yes,Fiber optic,Yes,No,No,No,Yes,Yes,Partial Protection
7801-KICAO,Yes,Yes,Fiber optic,No,No,No,No,No,No,No Protection
7673-LPRNY,Yes,Yes,DSL,Yes,No,Yes,No,Yes,Yes,Partial Protection
8229-TNIQA,Yes,No,DSL,No,No,No,No,No,No,No Protection
6060-QBMGV,Yes,No,No,No internet service,No internet service,No internet service,No internet service,No internet service,No internet service,Partial Protection
7339-POGZN,Yes,Yes,DSL,No,No,No,No,No,No,No Protection
2828-SLQPF,Yes,No,DSL,No,No,No,No,No,No,No Protection
4465-VDKIQ,Yes,No,Fiber optic,No,Yes,Yes,No,No,No,Partial Protection
2921-XWDJH,Yes,No,Fiber optic,Yes,No,No,No,No,Yes,Partial Protection
6221-AVQYL,Yes,Yes,Fiber optic,No,No,No,No,No,No,No Protection
2558-BUOZZ,Yes,Yes,Fiber optic,Yes,Yes,No,No,Yes,No,Partial Protection
9257-AZMTZ,Yes,No,No,No internet service,No internet service,No internet service,No internet service,No internet service,No internet service,Partial Protection
0003-MKNFE,Yes,Yes,DSL,No,No,No,No,No,Yes,No Protection
0975-UYDTX,Yes,Yes,DSL,Yes,Yes,Yes,Yes,Yes,Yes,Full Protection
7743-EXURX,Yes,No,DSL,No,No,Yes,No,No,No,Partial Protection
4682-BLBUC,Yes,No,DSL,No,Yes,Yes,Yes,Yes,No,Partial Protection
0975-VOOVL,No,No phone service,DSL,No,Yes,No,No,No,No,Partial Protection
5968-VXZLG,Yes,No,DSL,No,No,No,No,No,No,No Protection
5569-KGJHX,Yes,Yes,Fiber optic,No,No,No,No,Yes,No,No Protection
4988-IQIGL,Yes,Yes,Fiber optic,No,No,No,No,No,No,No Protection
5201-FRKKS,Yes,No,Fiber optic,Yes,No,No,No,No,No,Partial Protection
9799-CAYJJ,Yes,No,Fiber optic,No,No,No,No,No,No,No Protection
7730-IUTDZ,Yes,No,Fiber optic,Yes,No,No,No,No,No,Partial Protection
0426-TIRNE,Yes,No,No,No internet service,No internet service,No internet service,No internet service,No internet service,No internet service,Partial Protection
5443-SCMKX,Yes,Yes,Fiber optic,No,Yes,Yes,No,No,Yes,Partial Protection
8295-KMENE,Yes,Yes,DSL,Yes,No,Yes,Yes,Yes,No,Partial Protection
6738-ISCBM,No,No phone service,DSL,Yes,No,Yes,No,Yes,Yes,Partial Protection
9821-BESNZ,Yes,Yes,Fiber optic,No,Yes,No,Yes,Yes,Yes,Partial Protection
3678-MNGZX,Yes,No,No,No internet service,No internet service,No internet service,No internet service,No internet service,No internet service,Partial Protection
1335-NTIUC,No,No phone service,DSL,No,No,No,No,No,No,No Protection
2916-BQZLN,Yes,Yes,Fiber optic,Yes,No,Yes,No,No,No,Partial Protection
4558-CGYCZ,Yes,No,No,No internet service,No internet service,No internet service,No internet service,No internet service,No internet service,Partial Protection
2368-GAKKQ,Yes,Yes,Fiber optic,Yes,Yes,Yes,Yes,Yes,Yes,Full Protection
8710-YGLWG,Yes,No,DSL,No,No,No,No,No,No,No Protection
3199-XGZCY,Yes,Yes,Fiber optic,No,No,No,No,No,No,No Protection
3785-KTYSH,Yes,Yes,No,No internet service,No internet service,No internet service,No internet service,No internet service,No internet service,Partial Protection
6814-ZPWFQ,Yes,Yes,No,No internet service,No internet service,No internet service,No internet service,No internet service,No internet service,Partial Protection
4063-EIKNQ,Yes,No,No,No internet service,No internet service,No internet service,No internet service,No internet service,No internet service,Partial Protection
6993-YCOBK,Yes,Yes,Fiber optic,Yes,No,Yes,Yes,Yes,Yes,Partial Protection
5206-HPJKM,Yes,No,DSL,Yes,Yes,No,No,No,No,Partial Protection
7587-RZNME,Yes,No,DSL,No,No,No,No,No,No,No Protection
0748-RDGGM,Yes,No,Fiber optic,Yes,Yes,Yes,Yes,Yes,Yes,Full Protection
8393-JMVMB,Yes,No,No,No internet service,No internet service,No internet service,No internet service,No internet service,No internet service,Partial Protection
5019-GQVCR,Yes,Yes,Fiber optic,No,No,No,No,Yes,No,No Protection
6036-TTFYU,Yes,No,No,No internet service,No internet service,No internet service,No internet service,No internet service,No internet service,Partial Protection
2550-AEVRU,Yes,No,DSL,Yes,Yes,No,No,No,No,Partial Protection
0969-RGKCU,Yes,No,No,No internet service,No internet service,No internet service,No internet service,No internet service,No internet service,Partial Protection
0378-CJKPV,Yes,Yes,Fiber optic,Yes,Yes,Yes,Yes,Yes,Yes,Full Protection
4706-AXVKM,Yes,Yes,Fiber optic,No,No,No,No,No,Yes,No Protection
5889-JTMUL,Yes,Yes,Fiber optic,No,Yes,Yes,No,Yes,No,Partial Protection
9026-RNUJS,Yes,No,DSL,No,No,Yes,No,No,No,Partial Protection
3746-EUBYR,Yes,Yes,Fiber optic,No,No,No,No,No,No,No Protection
2332-EFBJY,Yes,No,No,No internet service,No internet service,No internet service,No internet service,No internet service,No internet service,Partial Protection
2880-FPNAE,Yes,No,Fiber optic,No,No,Yes,No,No,No,Partial Protection
1703-MGIAB,Yes,Yes,DSL,No,No,Yes,Yes,Yes,No,Partial Protection
4311-QTTAI,Yes,No,No,No internet service,No internet service,No internet service,No internet service,No internet service,No internet service,Partial Protection
9474-PHLYD,Yes,No,DSL,No,No,Yes,No,No,Yes,Partial Protection
4318-RAJVY,Yes,No,No,No internet service,No internet service,No internet service,No internet service,No internet service,No internet service,Partial Protection
2165-VOEGB,Yes,No,Fiber optic,Yes,Yes,No,Yes,Yes,Yes,Partial Protection
3612-YUNGG,Yes,Yes,Fiber optic,No,Yes,Yes,Yes,Yes,Yes,Partial Protection
2254-DLXRI,Yes,Yes,Fiber optic,No,Yes,No,No,No,No,Partial Protection
5062-CJJKH,Yes,No,DSL,No,Yes,Yes,No,No,No,Partial Protection
9028-LIHRP,Yes,No,Fiber optic,Yes,Yes,Yes,Yes,Yes,No,Full Protection
2219-MVUSO,Yes,No,DSL,No,No,No,No,No,No,No Protection
1053-MXTTK,Yes,No,Fiber optic,Yes,Yes,Yes,Yes,Yes,Yes,Full Protection
1530-ZTDOZ,No,No phone service,DSL,Yes,No,No,No,Yes,No,Partial Protection
1301-LOPVR,No,No phone service,DSL,Yes,Yes,Yes,Yes,No,Yes,Full Protection
0853-TWRVK,Yes,Yes,Fiber optic,Yes,Yes,Yes,Yes,No,Yes,Full Protection
8914-RBTSB,Yes,Yes,Fiber optic,No,Yes,Yes,No,Yes,No,Partial Protection
6212-ATMLK,Yes,Yes,Fiber optic,No,No,No,No,Yes,Yes,No Protection
8200-LGKSR,Yes,Yes,DSL,Yes,No,Yes,Yes,Yes,Yes,Partial Protection
1568-BEKZM,Yes,Yes,DSL,Yes,Yes,Yes,Yes,Yes,Yes,Full Protection
0670-ANMUU,Yes,Yes,Fiber optic,Yes,No,No,Yes,No,Yes,Partial Protection
6897-RWMUB,Yes,No,DSL,Yes,Yes,Yes,Yes,No,No,Full Protection
0963-ZBDRN,Yes,No,Fiber optic,No,No,No,Yes,Yes,Yes,Partial Protection
7594-RQHXR,Yes,No,Fiber optic,No,No,No,No,No,Yes,No Protection
6999-CHVCF,Yes,Yes,Fiber optic,Yes,Yes,Yes,No,No,Yes,Partial Protection
6134-KWTBV,Yes,Yes,No,No internet service,No internet service,No internet service,No internet service,No internet service,No internet service,Partial Protection
1077-HUUJM,Yes,No,Fiber optic,No,No,No,No,No,No,No Protection
6331-EWIEB,Yes,Yes,Fiber optic,No,No,No,No,Yes,No,No Protection
0895-LNKRC,Yes,No,No,No internet service,No internet service,No internet service,No internet service,No internet service,No internet service,Partial Protection
2045-BMBTJ,No,No phone service,DSL,Yes,Yes,Yes,No,Yes,Yes,Partial Protection
8417-GSODA,Yes,Yes,Fiber optic,No,No,No,No,Yes,Yes,No Protection
5171-EPLKN,Yes,No,No,No internet service,No internet service,No internet service,No internet service,No internet service,No internet service,Partial Protection
4452-QIIEB,Yes,No,DSL,No,No,No,No,No,No,No Protection
5998-VVEJY,Yes,Yes,Fiber optic,No,No,No,Yes,No,No,Partial Protection
1624-NALOJ,Yes,Yes,Fiber optic,No,Yes,No,No,No,Yes,Partial Protection
6741-EGCBI,Yes,Yes,Fiber optic,Yes,No,No,No,No,Yes,Partial Protection
7820-ZYGNY,Yes,Yes,Fiber optic,No,Yes,No,No,No,Yes,Partial Protection
4317-VTEOA,Yes,No,DSL,No,Yes,No,No,No,No,Partial Protection
9677-AVKED,Yes,Yes,DSL,No,Yes,Yes,Yes,Yes,Yes,Partial Protection
1670-SVOWZ,Yes,No,Fiber optic,No,Yes,No,Yes,No,Yes,Partial Protection
2227-JRSJX,Yes,No,Fiber optic,No,Yes,No,Yes,Yes,Yes,Partial Protection
9847-HNVGP,Yes,No,No,No internet service,No internet service,No internet service,No internet service,No internet service,No internet service,Partial Protection
6696-YDAYZ,Yes,No,No,No internet service,No internet service,No internet service,No internet service,No internet service,No internet service,Partial Protection
8980-WQFWL,Yes,No,DSL,No,No,Yes,No,No,Yes,Partial Protection
1730-ZMAME,Yes,No,Fiber optic,No,No,No,No,No,Yes,No Protection
6506-EYCNH,Yes,No,No,No internet service,No internet service,No internet service,No internet service,No internet service,No internet service,Partial Protection
4634-JLRJT,Yes,No,No,No internet service,No internet service,No internet service,No internet service,No internet service,No internet service,Partial Protection
9501-UKKNL,No,No phone service,DSL,No,No,No,Yes,Yes,Yes,Partial Protection
2560-QTSBS,Yes,Yes,No,No internet service,No internet service,No internet service,No internet service,No internet service,No internet service,Partial Protection
7541-YLXCL,Yes,No,DSL,No,Yes,No,Yes,No,Yes,Partial Protection
4795-WRNVT,Yes,No,DSL,Yes,Yes,No,No,Yes,No,Partial Protection
6080-TCMYC,Yes,Yes,Fiber optic,No,No,Yes,No,No,No,Partial Protection
0260-ZDLGK,Yes,No,DSL,No,No,Yes,Yes,Yes,Yes,Partial Protection
7860-UXCRM,Yes,No,DSL,Yes,Yes,Yes,Yes,Yes,No,Full Protection
6357-JJPQT,Yes,No,Fiber optic,No,No,No,No,Yes,No,No Protection
2292-XQWSV,No,No phone service,DSL,No,Yes,Yes,Yes,Yes,Yes,Partial Protection
9552-TGUZV,Yes,No,Fiber optic,Yes,No,No,No,No,No,Partial Protection
5913-INRQV,Yes,No,Fiber optic,Yes,No,No,Yes,Yes,No,Partial Protection
8722-NGNBH,No,No phone service,DSL,Yes,No,Yes,Yes,No,No,Partial Protection
6210-KBBPI,Yes,Yes,Fiber optic,No,Yes,No,No,Yes,Yes,Partial Protection
9643-YBLUR,Yes,Yes,DSL,No,Yes,Yes,No,No,Yes,Partial Protection
8734-FNWVH,Yes,Yes,DSL,No,No,No,No,No,Yes,No Protection
9447-YPTBX,Yes,No,No,No internet service,No internet service,No internet service,No internet service,No internet service,No internet service,Partial Protection
0133-BMFZO,Yes,No,Fiber optic,Yes,Yes,No,Yes,No,No,Partial Protection
6128-CZOMY,Yes,No,DSL,No,No,No,No,No,No,No Protection
9540-JYROE,Yes,No,Fiber optic,No,No,No,No,No,No,No Protection
9026-LHEVG,No,No phone service,DSL,No,Yes,No,No,No,Yes,Partial Protection
2260-USTRB,Yes,No,Fiber optic,No,No,No,No,No,No,No Protection
3656-TKRVZ,Yes,No,DSL,Yes,Yes,No,No,No,No,Partial Protection
7011-CVEUC,Yes,No,Fiber optic,No,No,No,Yes,Yes,Yes,Partial Protection
6185-TASNN,Yes,No,DSL,No,No,No,No,No,No,No Protection
7925-PNRGI,Yes,Yes,DSL,Yes,Yes,Yes,Yes,Yes,No,Full Protection
8623-TMRBY,Yes,Yes,Fiber optic,No,Yes,Yes,No,No,No,Partial Protection
1552-CZCLL,Yes,No,No,No internet service,No internet service,No internet service,No internet service,No internet service,No internet service,Partial Protection
3038-PQIUY,Yes,Yes,DSL,Yes,Yes,Yes,No,No,No,Partial Protection
1501-SGHBW,Yes,No,DSL,No,No,No,No,No,No,No Protection
9313-CDOGY,Yes,No,No,No internet service,No internet service,No internet service,No internet service,No internet service,No internet service,Partial Protection
8148-BPLZQ,Yes,No,DSL,No,Yes,No,No,No,No,Partial Protection
2623-DRYAM,Yes,Yes,Fiber optic,No,No,Yes,No,Yes,Yes,Partial Protection
9987-LUTYD,Yes,No,DSL,Yes,No,No,Yes,No,No,Partial Protection
3208-YPIOE,Yes,Yes,Fiber optic,No,No,No,No,No,No,No Protection
4488-KQFDT,Yes,Yes,Fiber optic,No,Yes,Yes,No,Yes,Yes,Partial Protection
2612-RANWT,Yes,Yes,Fiber optic,No,No,Yes,No,Yes,Yes,Partial Protection
5693-PIPCS,Yes,No,Fiber optic,No,Yes,No,Yes,Yes,Yes,Partial Protection
0491-KAPQG,Yes,Yes,Fiber optic,No,No,No,No,No,No,No Protection
1925-LFCZZ,No,No phone service,DSL,No,No,Yes,No,Yes,Yes,Partial Protection
8039-EQPIM,No,No phone service,DSL,Yes,No,Yes,Yes,Yes,Yes,Partial Protection
6900-PXRMS,Yes,Yes,Fiber optic,No,Yes,Yes,No,Yes,Yes,Partial Protection
8707-RMEZH,Yes,No,Fiber optic,Yes,Yes,No,No,No,Yes,Partial Protection
3346-BRMIS,No,No phone service,DSL,No,No,Yes,No,Yes,Yes,Partial Protection
3209-ZPKFI,Yes,Yes,DSL,No,Yes,No,No,No,No,Partial Protection
6479-VDGRK,Yes,No,DSL,Yes,Yes,Yes,Yes,Yes,Yes,Full Protection
9373-WSLOY,No,No phone service,DSL,No,Yes,Yes,Yes,Yes,No,Partial Protection
2933-FILNV,No,No phone service,DSL,No,No,No,No,No,No,No Protection
3569-JFODW,Yes,Yes,DSL,Yes,Yes,Yes,Yes,Yes,Yes,Full Protection
9819-FBNSV,Yes,No,Fiber optic,No,No,No,No,No,No,No Protection
9544-PYPSJ,Yes,Yes,Fiber optic,No,Yes,Yes,No,No,Yes,Partial Protection
1591-XWLGB,Yes,No,No,No internet service,No internet service,No internet service,No internet service,No internet service,No internet service,Partial Protection
0396-UKGAI,Yes,No,DSL,No,Yes,No,Yes,No,No,Partial Protection
3243-ZHOHY,Yes,No,No,No internet service,No internet service,No internet service,No internet service,No internet service,No internet service,Partial Protection
5186-EJEGL,Yes,No,DSL,Yes,No,Yes,Yes,Yes,No,Partial Protection
7527-QNRUS,Yes,Yes,No,No internet service,No internet service,No internet service,No internet service,No internet service,No internet service,Partial Protection
9986-BONCE,Yes,No,No,No internet service,No internet service,No internet service,No internet service,No internet service,No internet service,Partial Protection
2722-JMONI,Yes,No,DSL,Yes,No,No,No,No,No,Partial Protection
2203-GHNWN,Yes,Yes,Fiber optic,No,No,Yes,No,No,No,Partial Protection
3878-AVSOQ,Yes,No,Fiber optic,No,No,No,No,No,No,No Protection
3258-SYSWS,Yes,Yes,Fiber optic,Yes,Yes,Yes,Yes,Yes,Yes,Full Protection
5296-PSYVW,Yes,Yes,No,No internet service,No internet service,No internet service,No internet service,No internet service,No internet service,Partial Protection
6319-QSUSR,Yes,No,No,No internet service,No internet service,No internet service,No internet service,No internet service,No internet service,Partial Protection
4083-EUGRJ,Yes,No,No,No internet service,No internet service,No internet service,No internet service,No internet service,No internet service,Partial Protection
7579-OOPEC,Yes,No,DSL,No,Yes,No,No,No,No,Partial Protection
0512-FLFDW,Yes,Yes,Fiber optic,No,No,Yes,No,Yes,Yes,Partial Protection
1771-OADNZ,Yes,Yes,Fiber optic,No,Yes,Yes,No,No,Yes,Partial Protection
0487-CRLZF,Yes,No,DSL,No,No,Yes,Yes,Yes,Yes,Partial Protection
2107-FBPTK,Yes,Yes,Fiber optic,No,Yes,Yes,No,Yes,Yes,Partial Protection
9451-WLYRI,Yes,No,No,No internet service,No internet service,No internet service,No internet service,No internet service,No internet service,Partial Protection
8219-VYBVI,Yes,Yes,No,No internet service,No internet service,No internet service,No internet service,No internet service,No internet service,Partial Protection
1991-VOPLL,Yes,No,No,No internet service,No internet service,No internet service,No internet service,No internet service,No internet service,Partial Protection
9738-QLWTP,Yes,No,Fiber optic,No,No,Yes,Yes,No,No,Partial Protection
1016-DJTSV,Yes,No,Fiber optic,No,No,No,No,No,No,No Protection
9419-IPPBE,Yes,Yes,Fiber optic,No,No,Yes,No,No,Yes,Partial Protection
0174-QRVVY,Yes,Yes,No,No internet service,No internet service,No internet service,No internet service,No internet service,No internet service,Partial Protection
5699-BNCAS,Yes,Yes,No,No internet service,No internet service,No internet service,No internet service,No internet service,No internet service,Partial Protection
2900-PHPLN,Yes,No,No,No internet service,No internet service,No internet service,No internet service,No internet service,No internet service,Partial Protection
0612-RTZZA,No,No phone service,DSL,No,No,No,No,No,No,No Protection
8106-GWQOK,No,No phone service,DSL,Yes,Yes,No,Yes,Yes,Yes,Partial Protection
8751-EDEKA,Yes,No,Fiber optic,No,Yes,Yes,No,No,Yes,Partial Protection
6878-GGDWG,Yes,No,No,No internet service,No internet service,No internet service,No internet service,No internet service,No internet service,Partial Protection
4039-PIMHX,Yes,No,DSL,No,Yes,No,No,No,No,Partial Protection
8450-LUGUK,Yes,Yes,No,No internet service,No internet service,No internet service,No internet service,No internet service,No internet service,Partial Protection
3604-WLABM,Yes,No,DSL,No,No,Yes,Yes,No,No,Partial Protection
0795-GMVQO,Yes,Yes,Fiber optic,Yes,Yes,Yes,No,Yes,Yes,Partial Protection
2259-OUUSZ,No,No phone service,DSL,No,No,Yes,Yes,No,No,Partial Protection
1142-IHLOO,Yes,No,Fiber optic,No,No,No,No,Yes,Yes,No Protection
6410-LEFEN,Yes,No,DSL,No,No,No,No,No,No,No Protection
4633-MKHYU,Yes,No,Fiber optic,No,No,No,No,Yes,Yes,No Protection
6257-RJOHI,Yes,No,DSL,No,No,No,Yes,No,No,Partial Protection
1545-JFUML,Yes,Yes,Fiber optic,Yes,Yes,Yes,No,Yes,No,Partial Protection
3194-ORPIK,Yes,Yes,Fiber optic,No,No,No,No,Yes,No,No Protection
7826-VVKWT,Yes,No,Fiber optic,No,No,Yes,No,Yes,Yes,Partial Protection
1353-GHZOS,Yes,No,DSL,Yes,No,No,No,Yes,No,Partial Protection
2587-EKXTS,Yes,Yes,Fiber optic,Yes,Yes,Yes,No,Yes,Yes,Partial Protection
5442-BXVND,Yes,Yes,No,No internet service,No internet service,No internet service,No internet service,No internet service,No internet service,Partial Protection
8816-VXNZD,Yes,Yes,Fiber optic,No,No,No,No,No,No,No Protection
9378-FXTIZ,Yes,Yes,DSL,No,No,No,No,Yes,Yes,No Protection
1723-HKXJQ,Yes,Yes,Fiber optic,No,Yes,No,No,Yes,Yes,Partial Protection
7825-GKXMW,Yes,No,DSL,No,No,No,No,No,No,No Protection
9753-OYLBX,Yes,No,No,No internet service,No internet service,No internet service,No internet service,No internet service,No internet service,Partial Protection
2364-UFROM,Yes,No,DSL,Yes,Yes,No,Yes,Yes,No,Partial Protection
6656-JWRQX,No,No phone service,DSL,No,No,No,Yes,No,No,Partial Protection
6473-ULUHT,Yes,Yes,DSL,Yes,Yes,No,Yes,Yes,Yes,Partial Protection
1240-KNSEZ,Yes,No,No,No internet service,No internet service,No internet service,No internet service,No internet service,No internet service,Partial Protection
0836-SEYLU,No,No phone service,DSL,No,No,No,Yes,Yes,No,Partial Protection
4433-JCGCG,Yes,Yes,Fiber optic,No,No,Yes,No,Yes,Yes,Partial Protection
3716-BDVDB,Yes,No,Fiber optic,No,No,No,No,No,No,No Protection
7688-AWMDX,Yes,No,DSL,Yes,No,No,Yes,No,No,Partial Protection
2842-BCQGE,Yes,Yes,Fiber optic,No,No,No,No,No,No,No Protection
7244-QWYHG,No,No phone service,DSL,Yes,No,No,Yes,Yes,No,Partial Protection
5899-MQZZL,Yes,Yes,Fiber optic,No,No,No,No,No,No,No Protection
6849-OYAMU,Yes,No,Fiber optic,No,Yes,No,Yes,Yes,Yes,Partial Protection
5312-UXESG,Yes,Yes,Fiber optic,No,No,Yes,No,Yes,Yes,Partial Protection
9488-HGMJH,Yes,No,Fiber optic,No,No,No,No,No,No,No Protection
6038-GCYEC,No,No phone service,DSL,No,Yes,Yes,No,Yes,Yes,Partial Protection
2150-WLKUW,Yes,Yes,DSL,No,Yes,No,No,Yes,No,Partial Protection
7159-FVYPK,Yes,Yes,DSL,No,Yes,Yes,No,Yes,No,Partial Protection
7032-LMBHI,Yes,Yes,DSL,Yes,No,No,No,Yes,No,Partial Protection
1150-WFARN,Yes,Yes,Fiber optic,Yes,No,Yes,Yes,Yes,Yes,Partial Protection
6088-BXMRG,Yes,Yes,Fiber optic,No,Yes,No,No,Yes,Yes,Partial Protection
3144-AUDBS,Yes,No,DSL,No,No,No,Yes,No,No,Partial Protection
4821-SJHJV,Yes,Yes,Fiber optic,Yes,No,No,No,Yes,No,Partial Protection
7346-MEDWM,Yes,Yes,Fiber optic,No,Yes,Yes,No,No,No,Partial Protection
1137-DGOWI,Yes,No,DSL,No,Yes,Yes,Yes,No,Yes,Partial Protection
5616-PRTNT,Yes,No,No,No internet service,No internet service,No internet service,No internet service,No internet service,No internet service,Partial Protection
3812-LRZIR,Yes,Yes,No,No internet service,No internet service,No internet service,No internet service,No internet service,No internet service,Partial Protection
4818-QIUFN,Yes,Yes,Fiber optic,Yes,No,No,No,No,No,Partial Protection
9483-GCPWE,Yes,No,No,No internet service,No internet service,No internet service,No internet service,No internet service,No internet service,Partial Protection
4227-OJHAL,Yes,Yes,DSL,Yes,Yes,Yes,No,Yes,No,Partial Protection
9220-CXRSC,Yes,Yes,DSL,Yes,No,No,Yes,No,No,Partial Protection
4993-JCRGJ,Yes,Yes,Fiber optic,No,No,Yes,Yes,No,No,Partial Protection
9537-JALFH,Yes,No,No,No internet service,No internet service,No internet service,No internet service,No internet service,No internet service,Partial Protection
6698-OXETB,Yes,No,No,No internet service,No internet service,No internet service,No internet service,No internet service,No internet service,Partial Protection
2103-ZRXFN,Yes,Yes,DSL,No,No,No,No,No,No,No Protection
3724-BSCVH,Yes,No,No,No internet service,No internet service,No internet service,No internet service,No internet service,No internet service,Partial Protection
4877-TSOFF,Yes,Yes,DSL,Yes,Yes,No,Yes,No,Yes,Partial Protection
9209-NWPGU,Yes,No,DSL,Yes,No,No,Yes,Yes,No,Partial Protection
6961-VCPMC,Yes,No,Fiber optic,No,No,No,No,No,Yes,No Protection
7306-YDSOI,Yes,No,DSL,Yes,Yes,Yes,No,No,No,Partial Protection
5288-AHOUP,Yes,No,Fiber optic,No,No,No,No,No,Yes,No Protection
6688-UZPWD,Yes,Yes,Fiber optic,No,Yes,No,No,Yes,Yes,Partial Protection
0655-YDGFJ,Yes,No,DSL,No,No,Yes,No,No,No,Partial Protection
8468-EHYJA,Yes,Yes,Fiber optic,Yes,No,No,No,Yes,Yes,Partial Protection
6823-SIDFQ,Yes,No,No,No internet service,No internet service,No internet service,No internet service,No internet service,No internet service,Partial Protection
1097-FSPVW,Yes,No,DSL,Yes,No,Yes,No,No,No,Partial Protection
2839-RFSQE,Yes,No,No,No internet service,No internet service,No internet service,No internet service,No internet service,No internet service,Partial Protection
8328-SKJNO,No,No phone service,DSL,Yes,Yes,No,Yes,No,No,Partial Protection
7010-ZMVBF,Yes,No,No,No internet service,No internet service,No internet service,No internet service,No internet service,No internet service,Partial Protection
5201-CBWYG,Yes,Yes,No,No internet service,No internet service,No internet service,No internet service,No internet service,No internet service,Partial Protection
0968-GSIKN,Yes,No,Fiber optic,No,No,No,No,No,No,No Protection
1965-DDBWU,Yes,Yes,Fiber optic,No,No,No,Yes,No,Yes,Partial Protection
9057-SIHCH,Yes,Yes,Fiber optic,No,No,No,No,Yes,Yes,No Protection
6352-GIGGQ,Yes,Yes,DSL,Yes,Yes,Yes,Yes,Yes,Yes,Full Protection
3635-QQRQD,Yes,No,No,No internet service,No internet service,No internet service,No internet service,No internet service,No internet service,Partial Protection
6771-XWBDM,Yes,Yes,Fiber optic,No,Yes,Yes,No,Yes,Yes,Partial Protection
2897-DOVND,Yes,No,Fiber optic,No,No,No,No,No,No,No Protection
3082-YVEKW,Yes,Yes,DSL,Yes,No,Yes,Yes,Yes,No,Partial Protection
0191-EQUUH,No,No phone service,DSL,Yes,No,No,Yes,No,No,Partial Protection
7134-HBPBS,Yes,Yes,Fiber optic,No,Yes,Yes,Yes,Yes,Yes,Partial Protection
3489-HHPFY,Yes,Yes,Fiber optic,No,No,No,No,Yes,No,No Protection
2926-JEJJC,Yes,No,No,No internet service,No internet service,No internet service,No internet service,No internet service,No internet service,Partial Protection
8601-QACRS,Yes,Yes,DSL,No,No,No,No,No,No,No Protection
4950-BDEUX,No,No phone service,DSL,No,No,Yes,No,Yes,Yes,Partial Protection
5789-LDFXO,Yes,Yes,No,No internet service,No internet service,No internet service,No internet service,No internet service,No internet service,Partial Protection
0508-OOLTO,Yes,No,Fiber optic,No,No,No,No,No,No,No Protection
2984-TBYKU,Yes,Yes,Fiber optic,Yes,Yes,Yes,Yes,No,Yes,Full Protection
9822-WMWVG,Yes,Yes,Fiber optic,Yes,Yes,Yes,Yes,Yes,No,Full Protection
2391-SOORI,Yes,No,DSL,Yes,No,No,No,No,No,Partial Protection
9040-KZVWO,Yes,No,Fiber optic,No,Yes,No,No,No,No,Partial Protection
2645-QTLMB,Yes,No,Fiber optic,No,Yes,No,No,Yes,Yes,Partial Protection
4806-HIPDW,Yes,No,Fiber optic,No,No,No,No,No,No,No Protection
1548-ARAGG,Yes,Yes,DSL,No,Yes,No,Yes,No,No,Partial Protection
6339-RZCBJ,Yes,No,DSL,No,Yes,Yes,Yes,Yes,Yes,Partial Protection
4424-TKOPW,Yes,Yes,Fiber optic,No,No,No,No,Yes,Yes,No Protection
4415-WNGVR,Yes,No,DSL,Yes,No,Yes,Yes,Yes,Yes,Partial Protection
2522-AHJXR,Yes,Yes,Fiber optic,Yes,No,Yes,Yes,Yes,Yes,Partial Protection
0412-UCCNP,Yes,No,DSL,Yes,No,Yes,Yes,No,No,Partial Protection
1816-FLZDK,No,No phone service,DSL,No,No,No,Yes,No,No,Partial Protection
7096-UCLNH,Yes,No,No,No internet service,No internet service,No internet service,No internet service,No internet service,No internet service,Partial Protection
8443-ZRDBZ,Yes,Yes,Fiber optic,No,No,No,No,No,No,No Protection
9136-ALYBR,No,No phone service,DSL,No,No,No,No,No,No,No Protection
4615-PIVVU,Yes,No,DSL,No,No,Yes,Yes,No,Yes,Partial Protection
8885-QSQBX,Yes,No,DSL,Yes,No,No,No,No,No,Partial Protection
7479-NITWS,Yes,Yes,Fiber optic,No,No,Yes,No,Yes,No,Partial Protection
8617-ENBDS,Yes,No,Fiber optic,No,No,Yes,No,No,No,Partial Protection
9385-NXKDA,Yes,Yes,DSL,Yes,Yes,Yes,No,Yes,Yes,Partial Protection
0430-IHCDJ,Yes,Yes,DSL,No,No,No,No,No,No,No Protection
2959-MJHIC,Yes,No,Fiber optic,No,No,No,No,Yes,No,No Protection
6674-KVJHG,Yes,Yes,No,No internet service,No internet service,No internet service,No internet service,No internet service,No internet service,Partial Protection
1814-DKOLC,Yes,Yes,No,No internet service,No internet service,No internet service,No internet service,No internet service,No internet service,Partial Protection
4201-JMNGR,Yes,No,DSL,Yes,No,Yes,No,No,No,Partial Protection
9351-HXDMR,Yes,Yes,Fiber optic,Yes,No,Yes,Yes,Yes,Yes,Partial Protection
3537-HPKQT,Yes,Yes,Fiber optic,No,Yes,No,No,No,No,Partial Protection
2129-ALKBS,Yes,Yes,No,No internet service,No internet service,No internet service,No internet service,No internet service,No internet service,Partial Protection
5821-MMEIL,Yes,No,No,No internet service,No internet service,No internet service,No internet service,No internet service,No internet service,Partial Protection
5960-WPXQM,Yes,No,Fiber optic,No,No,No,No,Yes,No,No Protection
0684-AOSIH,Yes,No,Fiber optic,Yes,No,No,No,Yes,Yes,Partial Protection
8260-NGFNY,No,No phone service,DSL,No,No,No,No,No,No,No Protection
1309-XGFSN,Yes,Yes,DSL,No,Yes,Yes,No,Yes,Yes,Partial Protection
1866-RZZQS,Yes,Yes,Fiber optic,No,No,Yes,No,Yes,Yes,Partial Protection
6968-URWQU,Yes,No,DSL,No,No,No,No,Yes,No,No Protection
4742-TXUEX,Yes,No,No,No internet service,No internet service,No internet service,No internet service,No internet service,No internet service,Partial Protection
9631-XEYKE,Yes,Yes,DSL,No,No,No,No,No,No,No Protection
8631-NBHFZ,Yes,Yes,DSL,Yes,Yes,Yes,Yes,Yes,No,Full Protection
1335-MXCSE,Yes,No,DSL,No,No,Yes,Yes,No,No,Partial Protection
8873-TMKGR,Yes,No,No,No internet service,No internet service,No internet service,No internet service,No internet service,No internet service,Partial Protection
8800-JOOCF,Yes,Yes,Fiber optic,No,No,No,No,Yes,No,No Protection
1469-LBJQJ,Yes,Yes,Fiber optic,No,Yes,Yes,No,Yes,Yes,Partial Protection
4958-XCBDQ,Yes,Yes,Fiber optic,No,No,Yes,No,Yes,Yes,Partial Protection
8337-UPOAQ,Yes,Yes,Fiber optic,No,No,Yes,No,No,Yes,Partial Protection
0064-YIJGF,Yes,Yes,Fiber optic,No,No,No,No,No,No,No Protection
2386-OWURY,Yes,No,Fiber optic,No,No,No,Yes,Yes,Yes,Partial Protection
1725-IQNIY,Yes,No,Fiber optic,Yes,Yes,Yes,Yes,Yes,Yes,Full Protection
0310-VQXAM,Yes,No,No,No internet service,No internet service,No internet service,No internet service,No internet service,No internet service,Partial Protection
6598-RFFVI,Yes,No,No,No internet service,No internet service,No internet service,No internet service,No internet service,No internet service,Partial Protection
3453-RTHJQ,Yes,No,Fiber optic,No,No,No,No,No,No,No Protection
6712-OAWRH,Yes,No,Fiber optic,No,No,No,No,Yes,Yes,No Protection
6278-FEPBZ,Yes,No,No,No internet service,No internet service,No internet service,No internet service,No internet service,No internet service,Partial Protection
4280-DLSHD,Yes,No,DSL,No,Yes,Yes,No,No,No,Partial Protection
1508-DFXCU,Yes,No,Fiber optic,No,No,No,No,Yes,No,No Protection
8614-VGMMV,Yes,Yes,DSL,No,No,No,No,No,No,No Protection
7868-BGSZA,Yes,Yes,DSL,Yes,No,Yes,No,Yes,Yes,Partial Protection
2800-QQUSO,Yes,Yes,Fiber optic,No,No,No,Yes,Yes,Yes,Partial Protection
2930-UOTMB,Yes,Yes,DSL,Yes,No,Yes,Yes,No,No,Partial Protection
7973-DZRKH,Yes,Yes,Fiber optic,Yes,No,Yes,Yes,No,No,Partial Protection
5914-DVBWJ,Yes,Yes,Fiber optic,No,Yes,No,Yes,No,No,Partial Protection
7698-YFGEZ,Yes,No,No,No internet service,No internet service,No internet service,No internet service,No internet service,No internet service,Partial Protection
2533-QVMSK,Yes,Yes,Fiber optic,No,Yes,No,Yes,Yes,No,Partial Protection
9773-PEQBZ,Yes,Yes,Fiber optic,No,Yes,No,No,No,No,Partial Protection
8644-XLFBW,Yes,No,Fiber optic,No,No,No,No,No,No,No Protection
0650-BWOZN,Yes,No,Fiber optic,No,Yes,No,No,No,No,Partial Protection
8625-AZYZY,Yes,Yes,Fiber optic,No,Yes,Yes,No,Yes,Yes,Partial Protection
7785-RDVIG,Yes,No,No,No internet service,No internet service,No internet service,No internet service,No internet service,No internet service,Partial Protection
9602-WCXPI,Yes,No,No,No internet service,No internet service,No internet service,No internet service,No internet service,No internet service,Partial Protection
2903-YYTBW,Yes,No,DSL,No,No,No,No,No,No,No Protection
3620-MWJNE,Yes,No,DSL,Yes,No,No,Yes,No,No,Partial Protection
8573-JGCZW,Yes,No,No,No internet service,No internet service,No internet service,No internet service,No internet service,No internet service,Partial Protection
6837-HAEVO,Yes,Yes,Fiber optic,No,Yes,Yes,No,Yes,Yes,Partial Protection
6701-YVNQG,Yes,Yes,DSL,Yes,Yes,Yes,Yes,Yes,Yes,Full Protection
9306-CPCBC,Yes,Yes,Fiber optic,No,No,No,No,No,No,No Protection
4304-XUMGI,Yes,Yes,DSL,Yes,Yes,Yes,No,No,Yes,Partial Protection
9504-YAZWB,Yes,No,No,No internet service,No internet service,No internet service,No internet service,No internet service,No internet service,Partial Protection
8819-ZBYNA,Yes,Yes,Fiber optic,Yes,Yes,No,Yes,Yes,Yes,Partial Protection
6174-NRBTZ,No,No phone service,DSL,Yes,No,No,No,No,No,Partial Protection
9481-IEBZY,Yes,Yes,Fiber optic,Yes,Yes,Yes,Yes,Yes,Yes,Full Protection
1833-VGRUM,Yes,Yes,Fiber optic,No,No,No,No,No,No,No Protection
6137-NICCO,Yes,Yes,Fiber optic,No,Yes,Yes,No,Yes,No,Partial Protection
9065-ZCPQX,Yes,Yes,DSL,Yes,Yes,Yes,Yes,No,Yes,Full Protection
6402-EJMWF,Yes,No,DSL,No,No,No,No,No,Yes,No Protection
3620-EHIMZ,Yes,No,No,No internet service,No internet service,No internet service,No internet service,No internet service,No internet service,Partial Protection
3213-VVOLG,Yes,Yes,No,No internet service,No internet service,No internet service,No internet service,No internet service,No internet service,Partial Protection
6870-ECSHE,Yes,No,No,No internet service,No internet service,No internet service,No internet service,No internet service,No internet service,Partial Protection
8747-UDCOI,Yes,No,No,No internet service,No internet service,No internet service,No internet service,No internet service,No internet service,Partial Protection
8374-XGEJJ,Yes,Yes,Fiber optic,No,Yes,No,No,Yes,Yes,Partial Protection
2656-TABEH,Yes,Yes,Fiber optic,No,Yes,No,No,Yes,Yes,Partial Protection
6946-LMSQS,Yes,Yes,Fiber optic,Yes,No,No,No,No,Yes,Partial Protection
4626-OZDTJ,Yes,Yes,DSL,No,Yes,No,Yes,Yes,Yes,Partial Protection
9169-BSVIN,Yes,Yes,DSL,No,No,Yes,No,Yes,Yes,Partial Protection
2325-ZUSFD,Yes,No,DSL,Yes,No,No,No,Yes,Yes,Partial Protection
8194-PEEBY,Yes,No,No,No internet service,No internet service,No internet service,No internet service,No internet service,No internet service,Partial Protection
6872-HXFNF,Yes,Yes,DSL,No,No,Yes,Yes,No,No,Partial Protection
3932-CMDTD,Yes,No,Fiber optic,No,Yes,Yes,Yes,Yes,Yes,Partial Protection
7714-YXSMB,Yes,Yes,Fiber optic,No,No,Yes,No,Yes,Yes,Partial Protection
8387-UGUSU,Yes,No,No,No internet service,No internet service,No internet service,No internet service,No internet service,No internet service,Partial Protection
1080-BWSYE,Yes,Yes,No,No internet service,No internet service,No internet service,No internet service,No internet service,No internet service,Partial Protection
4039-HEUNW,Yes,Yes,Fiber optic,No,Yes,No,No,Yes,Yes,Partial Protection
1194-HVAIF,Yes,Yes,Fiber optic,No,No,No,No,Yes,Yes,No Protection
0812-WUPTB,Yes,No,Fiber optic,No,No,No,No,No,No,No Protection
3594-UVONA,Yes,Yes,DSL,Yes,No,Yes,Yes,Yes,Yes,Partial Protection
0004-TLHLJ,Yes,No,Fiber optic,No,No,Yes,No,No,No,Partial Protection
1767-TGTKO,Yes,No,DSL,No,No,No,No,No,No,No Protection
8439-LTUGF,Yes,No,No,No internet service,No internet service,No internet service,No internet service,No internet service,No internet service,Partial Protection
8805-JNRAZ,Yes,No,DSL,No,Yes,No,No,No,No,Partial Protection
5089-IFSDP,Yes,Yes,Fiber optic,Yes,Yes,Yes,No,Yes,Yes,Partial Protection
6418-HNFED,Yes,No,DSL,Yes,Yes,Yes,Yes,Yes,Yes,Full Protection
0206-OYVOC,Yes,No,No,No internet service,No internet service,No internet service,No internet service,No internet service,No internet service,Partial Protection
7291-CDTMJ,Yes,No,No,No internet service,No internet service,No internet service,No internet service,No internet service,No internet service,Partial Protection
7128-GGCNO,Yes,Yes,Fiber optic,No,No,No,No,No,No,No Protection
0237-YFUTL,Yes,Yes,Fiber optic,Yes,Yes,No,Yes,Yes,Yes,Partial Protection
7691-KGKGP,Yes,No,DSL,No,Yes,No,Yes,Yes,No,Partial Protection
6710-HSJRD,Yes,Yes,Fiber optic,No,Yes,Yes,Yes,Yes,Yes,Partial Protection
3675-EQOZA,Yes,No,No,No internet service,No internet service,No internet service,No internet service,No internet service,No internet service,Partial Protection
0840-DCNZE,Yes,No,DSL,Yes,Yes,Yes,Yes,Yes,Yes,Full Protection
1732-FEKLD,Yes,Yes,Fiber optic,No,Yes,Yes,No,Yes,No,Partial Protection
9862-KJTYK,No,No phone service,DSL,No,No,No,No,No,No,No Protection
0479-HMSWA,Yes,No,Fiber optic,No,Yes,Yes,Yes,Yes,Yes,Partial Protection
5854-KSRBJ,Yes,Yes,No,No internet service,No internet service,No internet service,No internet service,No internet service,No internet service,Partial Protection
0365-BZUWY,Yes,Yes,Fiber optic,No,Yes,Yes,No,Yes,Yes,Partial Protection
4817-VYYWS,Yes,Yes,Fiber optic,No,Yes,No,No,Yes,Yes,Partial Protection
5701-SVCWR,Yes,Yes,No,No internet service,No internet service,No internet service,No internet service,No internet service,No internet service,Partial Protection
3129-AAQOU,Yes,Yes,No,No internet service,No internet service,No internet service,No internet service,No internet service,No internet service,Partial Protection
4922-CVPDX,Yes,No,DSL,No,Yes,Yes,No,Yes,Yes,Partial Protection
1396-QWFBJ,Yes,No,Fiber optic,No,Yes,No,No,No,No,Partial Protection
1357-BIJKI,Yes,Yes,Fiber optic,No,Yes,No,No,Yes,Yes,Partial Protection
1099-BTKWT,No,No phone service,DSL,Yes,No,Yes,No,Yes,Yes,Partial Protection
5299-SJCZT,Yes,Yes,Fiber optic,No,No,Yes,No,Yes,Yes,Partial Protection
2018-PZKMU,Yes,No,Fiber optic,No,No,Yes,Yes,Yes,Yes,Partial Protection
7340-KEFQE,No,No phone service,DSL,Yes,No,No,Yes,No,No,Partial Protection
4570-QHXHL,Yes,No,DSL,No,No,No,No,No,No,No Protection
2403-BCASL,Yes,Yes,Fiber optic,No,Yes,Yes,Yes,Yes,Yes,Partial Protection
7392-YYPYJ,Yes,Yes,Fiber optic,No,Yes,No,No,Yes,Yes,Partial Protection
2898-LSJGD,No,No phone service,DSL,Yes,No,Yes,No,Yes,Yes,Partial Protection
2223-GDSHL,Yes,Yes,Fiber optic,Yes,Yes,Yes,Yes,Yes,Yes,Full Protection
7359-PTSXY,Yes,No,DSL,No,No,No,No,No,No,No Protection
9470-RTWDV,Yes,Yes,DSL,No,No,Yes,Yes,Yes,Yes,Partial Protection
2176-OSJUV,Yes,Yes,DSL,Yes,Yes,No,Yes,No,No,Partial Protection
9348-YVOMK,Yes,No,DSL,No,No,No,No,No,No,No Protection
8104-OSKWT,Yes,Yes,Fiber optic,Yes,No,No,No,No,No,Partial Protection
4521-YEEHE,Yes,Yes,Fiber optic,No,No,No,Yes,Yes,No,Partial Protection
4090-KPJIP,Yes,Yes,Fiber optic,No,No,No,No,No,No,No Protection
3786-WOVKF,Yes,Yes,Fiber optic,Yes,Yes,No,No,Yes,Yes,Partial Protection
4503-BDXBD,Yes,No,Fiber optic,No,Yes,No,No,No,No,Partial Protection
6086-ESGRL,Yes,No,Fiber optic,No,No,No,No,No,Yes,No Protection
2592-HODOV,Yes,No,No,No internet service,No internet service,No internet service,No internet service,No internet service,No internet service,Partial Protection
3886-CERTZ,Yes,Yes,Fiber optic,No,Yes,Yes,Yes,Yes,Yes,Partial Protection
7995-ZHHNZ,Yes,Yes,DSL,Yes,No,No,No,No,No,Partial Protection
3824-RHKVR,Yes,No,No,No internet service,No internet service,No internet service,No internet service,No internet service,No internet service,Partial Protection
5816-SCGFC,Yes,No,DSL,No,Yes,No,No,No,No,Partial Protection
5989-AXPUC,Yes,Yes,Fiber optic,Yes,Yes,Yes,Yes,Yes,Yes,Full Protection
4979-HPRFL,Yes,Yes,No,No internet service,No internet service,No internet service,No internet service,No internet service,No internet service,Partial Protection
8590-OHDIW,Yes,No,No,No internet service,No internet service,No internet service,No internet service,No internet service,No internet service,Partial Protection
8015-IHCGW,Yes,Yes,Fiber optic,Yes,Yes,Yes,Yes,Yes,Yes,Full Protection
2332-TODQS,Yes,Yes,No,No internet service,No internet service,No internet service,No internet service,No internet service,No internet service,Partial Protection
9278-VZKCD,Yes,Yes,Fiber optic,Yes,Yes,Yes,No,Yes,Yes,Partial Protection
8008-OTEZX,Yes,No,No,No internet service,No internet service,No internet service,No internet service,No internet service,No internet service,Partial Protection
2773-OVBPK,Yes,Yes,Fiber optic,No,Yes,Yes,Yes,Yes,Yes,Partial Protection
5999-LCXAO,No,No phone service,DSL,Yes,No,No,No,No,No,Partial Protection
5206-XZZQI,Yes,No,Fiber optic,No,Yes,No,Yes,No,No,Partial Protection
4803-LBYPN,Yes,No,No,No internet service,No internet service,No internet service,No internet service,No internet service,No internet service,Partial Protection
5759-RCVCB,No,No phone service,DSL,No,No,No,No,Yes,No,No Protection
6372-RFVNS,Yes,No,Fiber optic,No,No,No,No,Yes,No,No Protection
2139-FQHLM,Yes,No,Fiber optic,No,No,Yes,Yes,Yes,No,Partial Protection
8261-GWDBQ,Yes,Yes,Fiber optic,Yes,Yes,Yes,Yes,Yes,Yes,Full Protection
1093-YSWCA,Yes,No,No,No internet service,No internet service,No internet service,No internet service,No internet service,No internet service,Partial Protection
8938-UMKPI,Yes,Yes,Fiber optic,No,Yes,Yes,No,Yes,Yes,Partial Protection
0991-BRRFB,Yes,No,DSL,Yes,No,No,No,No,No,Partial Protection
3882-IYOIJ,Yes,Yes,Fiber optic,Yes,Yes,Yes,Yes,Yes,Yes,Full Protection
8749-TZYEC,Yes,Yes,No,No internet service,No internet service,No internet service,No internet service,No internet service,No internet service,Partial Protection
1755-FZQEC,Yes,No,No,No internet service,No internet service,No internet service,No internet service,No internet service,No internet service,Partial Protection
3115-JPJDD,Yes,No,Fiber optic,Yes,No,Yes,No,No,No,Partial Protection
5600-KTXFM,Yes,No,Fiber optic,No,No,No,No,No,No,No Protection
3871-IKPYH,Yes,No,Fiber optic,No,No,No,No,No,No,No Protection
6319-IEJWJ,Yes,No,Fiber optic,No,No,No,No,Yes,Yes,No Protection
9025-AOMKI,Yes,Yes,Fiber optic,No,No,No,No,Yes,Yes,No Protection
6339-TBELP,Yes,Yes,Fiber optic,No,No,Yes,Yes,No,No,Partial Protection
7964-YESJC,Yes,Yes,DSL,Yes,Yes,Yes,No,No,No,Partial Protection
6173-GOLSU,Yes,Yes,Fiber optic,No,No,No,No,Yes,Yes,No Protection
5275-SQEIZ,Yes,No,Fiber optic,No,No,No,No,No,Yes,No Protection
7716-YTYHG,Yes,Yes,Fiber optic,No,No,No,No,No,Yes,No Protection
9938-ZREHM,Yes,Yes,DSL,No,Yes,No,Yes,No,Yes,Partial Protection
7950-XWOVN,No,No phone service,DSL,No,Yes,Yes,No,No,No,Partial Protection
4390-KYULV,Yes,No,No,No internet service,No internet service,No internet service,No internet service,No internet service,No internet service,Partial Protection
4647-MUZON,Yes,No,Fiber optic,No,No,Yes,No,Yes,Yes,Partial Protection
9702-AIUJO,Yes,No,DSL,No,No,No,No,No,No,No Protection
8849-PRIQJ,Yes,Yes,Fiber optic,Yes,No,Yes,Yes,Yes,Yes,Partial Protection
8851-RAGOV,Yes,No,DSL,Yes,Yes,No,Yes,No,Yes,Partial Protection
1304-NECVQ,Yes,Yes,Fiber optic,No,No,Yes,No,No,No,Partial Protection
5396-IZEPB,Yes,No,No,No internet service,No internet service,No internet service,No internet service,No internet service,No internet service,Partial Protection
1729-VLAZJ,No,No phone service,DSL,Yes,Yes,No,Yes,No,No,Partial Protection
8285-ABVLB,Yes,No,No,No internet service,No internet service,No internet service,No internet service,No internet service,No internet service,Partial Protection
0701-TJSEF,Yes,No,DSL,Yes,No,Yes,Yes,No,Yes,Partial Protection
5712-VBOXD,Yes,No,No,No internet service,No internet service,No internet service,No internet service,No internet service,No internet service,Partial Protection
6629-LADHQ,Yes,No,DSL,Yes,No,No,No,No,No,Partial Protection
8945-GRKHX,Yes,No,Fiber optic,No,No,No,No,No,Yes,No Protection
1559-DTODC,No,No phone service,DSL,No,No,No,No,No,No,No Protection
4797-MIWUM,Yes,No,No,No internet service,No internet service,No internet service,No internet service,No internet service,No internet service,Partial Protection
6959-UWKHF,Yes,No,DSL,No,No,No,No,No,No,No Protection
8720-RQSBJ,Yes,No,DSL,No,No,No,No,No,No,No Protection
4537-CIBHB,Yes,No,No,No internet service,No internet service,No internet service,No internet service,No internet service,No internet service,Partial Protection
3815-SLMEF,No,No phone service,DSL,Yes,No,No,Yes,No,No,Partial Protection
5154-VEKBL,No,No phone service,DSL,Yes,No,Yes,Yes,Yes,Yes,Partial Protection
4324-AHJKS,Yes,No,DSL,Yes,No,Yes,No,No,No,Partial Protection
4355-CVPVS,Yes,No,Fiber optic,No,No,No,No,Yes,Yes,No Protection
4495-LHSSK,Yes,Yes,DSL,Yes,No,No,No,No,No,Partial Protection
5655-JSMZM,Yes,Yes,Fiber optic,No,No,No,No,Yes,Yes,No Protection
5915-ANOEI,Yes,Yes,DSL,Yes,Yes,Yes,Yes,Yes,No,Full Protection
9861-PDSZP,Yes,Yes,Fiber optic,No,Yes,Yes,Yes,Yes,Yes,Partial Protection
4505-EXZHB,Yes,No,Fiber optic,No,No,Yes,No,No,No,Partial Protection
7225-CBZPL,Yes,Yes,Fiber optic,No,No,No,No,Yes,Yes,No Protection
6704-UTUKK,No,No phone service,DSL,No,No,No,No,Yes,Yes,No Protection
4587-VVTOX,Yes,Yes,Fiber optic,No,Yes,Yes,No,Yes,Yes,Partial Protection
2019-HDCZY,Yes,Yes,Fiber optic,No,No,Yes,No,Yes,Yes,Partial Protection
4652-NNHNY,Yes,Yes,Fiber optic,No,No,No,No,No,No,No Protection
8788-DOXSU,Yes,No,DSL,No,No,Yes,No,No,Yes,Partial Protection
7404-JLKQG,Yes,No,DSL,No,No,Yes,No,Yes,No,Partial Protection
7421-ZLUPA,No,No phone service,DSL,No,Yes,No,No,No,No,Partial Protection
8972-HJWNV,Yes,Yes,Fiber optic,No,No,No,No,No,Yes,No Protection
3274-NSDWE,Yes,No,No,No internet service,No internet service,No internet service,No internet service,No internet service,No internet service,Partial Protection
2632-IVXVF,Yes,Yes,Fiber optic,Yes,No,Yes,Yes,Yes,Yes,Partial Protection
3692-JHONH,Yes,Yes,Fiber optic,No,Yes,Yes,No,Yes,Yes,Partial Protection
8915-NNTRC,Yes,Yes,Fiber optic,Yes,Yes,No,Yes,Yes,Yes,Partial Protection
5914-GXMDA,Yes,No,No,No internet service,No internet service,No internet service,No internet service,No internet service,No internet service,Partial Protection
7463-IFMQU,Yes,No,No,No internet service,No internet service,No internet service,No internet service,No internet service,No internet service,Partial Protection
2920-RNCEZ,Yes,No,Fiber optic,No,No,No,No,No,No,No Protection
2541-YGPKE,Yes,No,DSL,Yes,No,No,Yes,No,Yes,Partial Protection
8515-OCTJS,Yes,Yes,No,No internet service,No internet service,No internet service,No internet service,No internet service,No internet service,Partial Protection
5382-TEMLV,Yes,No,DSL,Yes,No,No,No,No,No,Partial Protection
3441-CGZJH,No,No phone service,DSL,Yes,No,Yes,Yes,Yes,Yes,Partial Protection
9592-ERDKV,Yes,Yes,DSL,Yes,No,Yes,No,Yes,Yes,Partial Protection
2860-RANUS,Yes,Yes,Fiber optic,No,No,No,No,No,Yes,No Protection
5261-QSHQM,No,No phone service,DSL,No,No,No,No,No,No,No Protection
4778-IZARL,Yes,No,Fiber optic,Yes,Yes,Yes,Yes,Yes,Yes,Full Protection
0432-CAJZV,Yes,No,Fiber optic,No,No,No,No,Yes,Yes,No Protection
7008-LZVOZ,Yes,Yes,No,No internet service,No internet service,No internet service,No internet service,No internet service,No internet service,Partial Protection
8868-WOZGU,Yes,Yes,Fiber optic,No,Yes,Yes,No,Yes,Yes,Partial Protection
1200-TUZHR,Yes,Yes,Fiber optic,No,No,No,No,No,Yes,No Protection
9365-CSLBQ,Yes,Yes,No,No internet service,No internet service,No internet service,No internet service,No internet service,No internet service,Partial Protection
1334-FJSVR,No,No phone service,DSL,No,No,No,No,No,No,No Protection
5884-FBCTL,Yes,Yes,No,No internet service,No internet service,No internet service,No internet service,No internet service,No internet service,Partial Protection
7130-CTCUS,Yes,No,DSL,Yes,Yes,No,No,No,No,Partial Protection
6242-FEGFD,Yes,Yes,Fiber optic,Yes,Yes,Yes,Yes,No,No,Full Protection
7625-XCQRH,Yes,Yes,Fiber optic,No,No,No,No,No,No,No Protection
6194-HBGQN,Yes,Yes,DSL,Yes,Yes,Yes,Yes,Yes,No,Full Protection
7634-WSWDB,No,No phone service,DSL,Yes,No,No,No,No,Yes,Partial Protection
6986-IXNDM,Yes,No,Fiber optic,No,No,No,No,Yes,Yes,No Protection
1731-TVIUK,Yes,Yes,Fiber optic,No,Yes,No,Yes,No,Yes,Partial Protection
2987-BJXIK,Yes,Yes,DSL,Yes,Yes,Yes,No,Yes,Yes,Partial Protection
9769-TSBZE,Yes,Yes,DSL,Yes,Yes,No,Yes,No,No,Partial Protection
0406-BPDVR,Yes,Yes,Fiber optic,No,Yes,No,No,Yes,Yes,Partial Protection
0618-XWMSS,Yes,No,Fiber optic,Yes,No,No,No,No,No,Partial Protection
1395-WSWXR,Yes,No,No,No internet service,No internet service,No internet service,No internet service,No internet service,No internet service,Partial Protection
6023-GSSXW,Yes,No,DSL,No,Yes,No,No,No,Yes,Partial Protection
6752-APNJL,Yes,No,DSL,Yes,Yes,No,No,No,No,Partial Protection
5276-KQWHG,Yes,No,Fiber optic,No,No,No,No,No,No,No Protection
0420-HLGXF,Yes,Yes,Fiber optic,No,No,Yes,No,Yes,Yes,Partial Protection
7446-KQISO,Yes,Yes,Fiber optic,No,Yes,Yes,Yes,Yes,Yes,Partial Protection
9823-EALYC,Yes,Yes,DSL,Yes,Yes,Yes,Yes,Yes,No,Full Protection
0582-AVCLN,Yes,No,No,No internet service,No internet service,No internet service,No internet service,No internet service,No internet service,Partial Protection
5803-NQJZO,Yes,Yes,DSL,Yes,Yes,Yes,Yes,No,No,Full Protection
2565-JSLRY,Yes,Yes,No,No internet service,No internet service,No internet service,No internet service,No internet service,No internet service,Partial Protection
2607-DHDAK,Yes,No,No,No internet service,No internet service,No internet service,No internet service,No internet service,No internet service,Partial Protection
1073-XXCZD,Yes,Yes,No,No internet service,No internet service,No internet service,No internet service,No internet service,No internet service,Partial Protection
0743-HRVFF,No,No phone service,DSL,No,No,Yes,Yes,Yes,Yes,Partial Protection
4006-HKYHO,Yes,No,DSL,Yes,Yes,Yes,Yes,Yes,Yes,Full Protection
3727-JEZTU,Yes,No,No,No internet service,No internet service,No internet service,No internet service,No internet service,No internet service,Partial Protection
8143-ETQTI,Yes,No,No,No internet service,No internet service,No internet service,No internet service,No internet service,No internet service,Partial Protection
6689-KXGBO,Yes,No,DSL,No,Yes,No,No,No,No,Partial Protection
9667-TKTVZ,Yes,Yes,DSL,No,No,No,Yes,No,No,Partial Protection
3657-COGMW,Yes,Yes,Fiber optic,Yes,Yes,Yes,No,Yes,Yes,Partial Protection
8570-KLJYJ,Yes,Yes,DSL,Yes,No,No,No,No,No,Partial Protection
7754-IXRMC,Yes,No,DSL,No,No,No,No,No,No,No Protection
9473-CBZOP,Yes,Yes,DSL,Yes,No,Yes,No,No,No,Partial Protection
2969-WGHQO,Yes,No,DSL,Yes,Yes,Yes,No,Yes,No,Partial Protection
6615-NGGZJ,Yes,Yes,Fiber optic,No,Yes,No,No,Yes,Yes,Partial Protection
4334-HOWRP,No,No phone service,DSL,Yes,Yes,Yes,Yes,Yes,Yes,Full Protection
4255-DDUOU,Yes,No,No,No internet service,No internet service,No internet service,No internet service,No internet service,No internet service,Partial Protection
5863-OOKCL,Yes,No,No,No internet service,No internet service,No internet service,No internet service,No internet service,No internet service,Partial Protection
1686-STUHN,Yes,No,No,No internet service,No internet service,No internet service,No internet service,No internet service,No internet service,Partial Protection
1329-VHWNP,No,No phone service,DSL,No,No,No,No,No,No,No Protection
2984-MIIZL,Yes,No,Fiber optic,No,No,Yes,No,No,No,Partial Protection
0266-GMEAO,Yes,Yes,Fiber optic,Yes,Yes,Yes,Yes,Yes,Yes,Full Protection
5590-YRFJT,No,No phone service,DSL,No,No,No,No,No,No,No Protection
5574-NXZIU,Yes,No,Fiber optic,Yes,Yes,Yes,Yes,Yes,Yes,Full Protection
0019-GFNTW,No,No phone service,DSL,Yes,Yes,Yes,Yes,No,No,Full Protection
4256-ZWTZI,Yes,No,DSL,No,No,No,Yes,No,No,Partial Protection
8309-PPCED,Yes,Yes,Fiber optic,No,Yes,Yes,Yes,Yes,Yes,Partial Protection
4098-NAUKP,Yes,Yes,Fiber optic,No,Yes,Yes,No,No,No,Partial Protection
5196-WPYOW,Yes,No,DSL,Yes,Yes,No,Yes,No,No,Partial Protection
4608-LCIMN,Yes,No,DSL,No,No,No,No,No,No,No Protection
1485-YDHMM,Yes,Yes,Fiber optic,No,Yes,No,Yes,No,Yes,Partial Protection
4054-CUMIA,Yes,No,No,No internet service,No internet service,No internet service,No internet service,No internet service,No internet service,Partial Protection
0603-TPMIB,Yes,Yes,No,No internet service,No internet service,No internet service,No internet service,No internet service,No internet service,Partial Protection
2525-GVKQU,Yes,No,No,No internet service,No internet service,No internet service,No internet service,No internet service,No internet service,Partial Protection
8161-QYMTT,Yes,Yes,Fiber optic,No,No,No,No,Yes,Yes,No Protection
9581-GVBXT,No,No phone service,DSL,Yes,No,Yes,No,No,No,Partial Protection
5862-BRIXZ,No,No phone service,DSL,Yes,No,Yes,Yes,Yes,Yes,Partial Protection
5404-GGUKR,Yes,No,DSL,No,Yes,No,No,No,No,Partial Protection
3308-JSGML,No,No phone service,DSL,Yes,No,Yes,Yes,Yes,Yes,Partial Protection
2126-GSEGL,Yes,Yes,DSL,No,Yes,Yes,Yes,Yes,Yes,Partial Protection
3677-TNKIO,Yes,No,Fiber optic,No,No,No,No,No,No,No Protection
0440-QEXBZ,Yes,Yes,DSL,No,No,No,No,No,No,No Protection
2434-EEVDB,Yes,Yes,Fiber optic,Yes,No,Yes,No,Yes,No,Partial Protection
6762-QVYJO,No,No phone service,DSL,Yes,No,Yes,Yes,Yes,Yes,Partial Protection
6199-IWKGC,Yes,Yes,Fiber optic,No,No,No,Yes,Yes,Yes,Partial Protection
2675-DHUTR,Yes,Yes,Fiber optic,No,Yes,No,No,Yes,Yes,Partial Protection
8152-VETUR,Yes,Yes,Fiber optic,No,Yes,No,No,Yes,Yes,Partial Protection
9667-EQRXU,No,No phone service,DSL,No,No,Yes,No,Yes,No,Partial Protection
7446-YPODE,Yes,Yes,DSL,Yes,Yes,No,No,No,No,Partial Protection
9522-BNTHX,No,No phone service,DSL,No,Yes,Yes,No,Yes,Yes,Partial Protection
4676-WLUHT,No,No phone service,DSL,Yes,Yes,No,No,No,Yes,Partial Protection
3329-WDIOK,No,No phone service,DSL,No,Yes,No,No,Yes,Yes,Partial Protection
7980-MHFLQ,Yes,Yes,No,No internet service,No internet service,No internet service,No internet service,No internet service,No internet service,Partial Protection
2873-ZLIWT,Yes,Yes,Fiber optic,No,No,Yes,Yes,No,No,Partial Protection
3415-TAILE,Yes,No,DSL,No,No,No,No,Yes,Yes,No Protection
0757-WCUUZ,Yes,Yes,DSL,No,No,Yes,No,No,Yes,Partial Protection
1629-DQQVB,Yes,No,DSL,Yes,No,No,No,No,No,Partial Protection
1915-IOFGU,Yes,No,Fiber optic,No,No,No,No,No,No,No Protection
3045-XETSH,Yes,Yes,Fiber optic,No,Yes,Yes,No,No,Yes,Partial Protection
0374-AACSZ,Yes,No,DSL,Yes,No,No,No,No,No,Partial Protection
7239-HZZCX,Yes,No,No,No internet service,No internet service,No internet service,No internet service,No internet service,No internet service,Partial Protection
4872-VXRIL,Yes,Yes,DSL,Yes,Yes,No,Yes,No,No,Partial Protection
9140-CZQZZ,Yes,No,DSL,Yes,Yes,No,Yes,Yes,Yes,Partial Protection
3423-HHXAO,Yes,No,No,No internet service,No internet service,No internet service,No internet service,No internet service,No internet service,Partial Protection
9938-TKDGL,Yes,No,Fiber optic,Yes,No,No,Yes,Yes,Yes,Partial Protection
0531-ZZJWQ,Yes,Yes,Fiber optic,No,No,No,No,No,No,No Protection
6537-QLGEX,No,No phone service,DSL,Yes,No,No,No,Yes,No,Partial Protection
2688-BHGOG,Yes,No,Fiber optic,No,No,No,No,No,Yes,No Protection
7683-CBDKJ,Yes,No,DSL,Yes,Yes,No,No,Yes,No,Partial Protection
0946-CLJTI,Yes,Yes,Fiber optic,No,No,Yes,No,Yes,Yes,Partial Protection
3160-TYXLT,No,No phone service,DSL,Yes,Yes,No,No,No,Yes,Partial Protection
1325-USMEC,Yes,Yes,Fiber optic,Yes,Yes,Yes,No,Yes,No,Partial Protection
0916-QOFDP,Yes,Yes,Fiber optic,No,No,No,No,Yes,Yes,No Protection
0628-CNQRM,Yes,No,DSL,Yes,No,Yes,Yes,Yes,No,Partial Protection
5606-AMZBO,Yes,Yes,Fiber optic,Yes,No,No,No,No,No,Partial Protection
6199-IPCAO,Yes,Yes,No,No internet service,No internet service,No internet service,No internet service,No internet service,No internet service,Partial Protection
7665-TOALD,Yes,No,Fiber optic,No,No,No,No,No,No,No Protection
0112-QWPNC,Yes,Yes,DSL,Yes,No,Yes,Yes,Yes,Yes,Partial Protection
0324-BRPCJ,Yes,Yes,Fiber optic,No,Yes,No,No,Yes,Yes,Partial Protection
2777-PHDEI,Yes,No,Fiber optic,No,No,No,No,Yes,No,No Protection
5640-CAXOA,No,No phone service,DSL,No,No,No,Yes,No,Yes,Partial Protection
2235-EZAIK,Yes,Yes,DSL,Yes,Yes,Yes,Yes,Yes,No,Full Protection
3847-BAERP,Yes,No,No,No internet service,No internet service,No internet service,No internet service,No internet service,No internet service,Partial Protection
1196-AMORA,Yes,Yes,Fiber optic,No,No,No,No,No,No,No Protection
4282-YMKNA,Yes,Yes,Fiber optic,No,No,No,No,No,No,No Protection
1453-RZFON,Yes,No,DSL,Yes,No,No,No,No,No,Partial Protection
8263-OKETD,Yes,Yes,DSL,No,Yes,No,Yes,No,Yes,Partial Protection
0670-KDOMA,Yes,No,No,No internet service,No internet service,No internet service,No internet service,No internet service,No internet service,Partial Protection
2476-YGEFM,Yes,Yes,Fiber optic,No,No,No,No,No,No,No Protection
8687-BAFGU,Yes,No,Fiber optic,No,No,No,Yes,No,No,Partial Protection
0641-EVBOJ,Yes,No,Fiber optic,Yes,No,No,Yes,No,No,Partial Protection
0829-XXPLX,Yes,No,Fiber optic,Yes,No,Yes,No,Yes,No,Partial Protection
9974-JFBHQ,Yes,No,Fiber optic,No,Yes,No,Yes,Yes,Yes,Partial Protection
5356-RHIPP,Yes,No,No,No internet service,No internet service,No internet service,No internet service,No internet service,No internet service,Partial Protection
6624-JDRDS,No,No phone service,DSL,Yes,No,No,No,No,No,Partial Protection
0608-JDVEC,Yes,No,No,No internet service,No internet service,No internet service,No internet service,No internet service,No internet service,Partial Protection
9780-FKVVF,Yes,No,DSL,Yes,No,No,No,No,Yes,Partial Protection
1919-RTPQD,Yes,No,DSL,No,No,No,No,No,No,No Protection
5214-NLTIT,Yes,Yes,Fiber optic,No,No,Yes,No,No,Yes,Partial Protection
3345-PBBFH,Yes,No,DSL,No,Yes,No,No,No,No,Partial Protection
5055-BRMNE,Yes,Yes,Fiber optic,Yes,No,No,Yes,Yes,Yes,Partial Protection
9189-JWSHV,Yes,Yes,Fiber optic,No,No,No,No,Yes,Yes,No Protection
2190-PHBHR,Yes,Yes,Fiber optic,Yes,Yes,No,No,No,Yes,Partial Protection
2650-GYRYL,Yes,No,No,No internet service,No internet service,No internet service,No internet service,No internet service,No internet service,Partial Protection
0746-JTRFU,No,No phone service,DSL,No,No,No,No,No,No,No Protection
5208-FVQKB,Yes,No,DSL,Yes,Yes,No,Yes,No,Yes,Partial Protection
7184-LRUUR,Yes,No,DSL,No,Yes,Yes,No,Yes,No,Partial Protection
6627-CFOSN,Yes,Yes,Fiber optic,Yes,Yes,Yes,No,No,Yes,Partial Protection
3982-JGSFD,Yes,No,No,No internet service,No internet service,No internet service,No internet service,No internet service,No internet service,Partial Protection
1574-DYCWE,Yes,No,No,No internet service,No internet service,No internet service,No internet service,No internet service,No internet service,Partial Protection
7247-XOZPB,Yes,Yes,DSL,Yes,No,Yes,Yes,Yes,No,Partial Protection
2466-FCCPT,Yes,No,No,No internet service,No internet service,No internet service,No internet service,No internet service,No internet service,Partial Protection
6211-WWLTF,Yes,No,Fiber optic,Yes,No,Yes,No,Yes,Yes,Partial Protection
4826-TZEVA,Yes,No,Fiber optic,No,Yes,No,No,No,No,Partial Protection
6016-NXBNJ,Yes,No,No,No internet service,No internet service,No internet service,No internet service,No internet service,No internet service,Partial Protection
9138-EFSMO,Yes,No,Fiber optic,No,No,No,No,No,Yes,No Protection
0576-WNXXC,Yes,Yes,Fiber optic,No,Yes,Yes,No,No,Yes,Partial Protection
4632-XJMEX,Yes,No,DSL,Yes,Yes,No,Yes,No,No,Partial Protection
8910-LEDAG,Yes,No,Fiber optic,No,No,No,No,No,No,No Protection
3452-GWUIN,Yes,Yes,Fiber optic,No,No,No,No,Yes,Yes,No Protection
2716-GFZOR,Yes,No,Fiber optic,Yes,Yes,Yes,No,No,No,Partial Protection
3724-UCSHY,Yes,No,No,No internet service,No internet service,No internet service,No internet service,No internet service,No internet service,Partial Protection
8626-XHBIE,Yes,Yes,No,No internet service,No internet service,No internet service,No internet service,No internet service,No internet service,Partial Protection
4628-CTTLA,No,No phone service,DSL,No,Yes,No,No,Yes,No,Partial Protection
3192-LNKRK,Yes,No,Fiber optic,No,No,Yes,No,Yes,No,Partial Protection
4439-YRNVD,No,No phone service,DSL,No,Yes,No,Yes,No,No,Partial Protection
2876-VBBBL,Yes,No,No,No internet service,No internet service,No internet service,No internet service,No internet service,No internet service,Partial Protection
6834-NXDCA,No,No phone service,DSL,No,No,No,No,No,No,No Protection
2208-UGTGR,Yes,Yes,Fiber optic,No,Yes,No,No,Yes,Yes,Partial Protection
3005-TYFRD,Yes,Yes,Fiber optic,No,Yes,Yes,No,Yes,Yes,Partial Protection
8670-MEFCP,Yes,Yes,DSL,Yes,Yes,Yes,Yes,Yes,Yes,Full Protection
3079-BCHLN,Yes,No,No,No internet service,No internet service,No internet service,No internet service,No internet service,No internet service,Partial Protection
7777-UNYHB,Yes,No,No,No internet service,No internet service,No internet service,No internet service,No internet service,No internet service,Partial Protection
5597-GLBUC,Yes,No,Fiber optic,No,No,Yes,No,Yes,No,Partial Protection
7278-CKDNC,Yes,Yes,Fiber optic,No,Yes,No,No,No,No,Partial Protection
2748-MYRVK,Yes,Yes,Fiber optic,No,Yes,No,No,Yes,Yes,Partial Protection
8450-UYIBU,No,No phone service,DSL,No,No,Yes,No,Yes,No,Partial Protection
2969-VAPYH,Yes,No,DSL,Yes,Yes,No,Yes,No,No,Partial Protection
4822-YCXMX,Yes,Yes,Fiber optic,No,No,No,No,No,Yes,No Protection
7181-OQCUT,Yes,Yes,Fiber optic,Yes,No,Yes,No,Yes,Yes,Partial Protection
8474-UMLNT,Yes,No,DSL,Yes,Yes,No,Yes,No,Yes,Partial Protection
9821-POOTN,Yes,Yes,Fiber optic,No,No,No,No,No,No,No Protection
3836-FZSDJ,Yes,Yes,No,No internet service,No internet service,No internet service,No internet service,No internet service,No internet service,Partial Protection
9142-XMYJH,Yes,No,No,No internet service,No internet service,No internet service,No internet service,No internet service,No internet service,Partial Protection
6559-ILWKJ,No,No phone service,DSL,No,Yes,No,No,Yes,Yes,Partial Protection
0187-QSXOE,Yes,No,Fiber optic,No,No,No,No,Yes,Yes,No Protection
7733-UDMTP,No,No phone service,DSL,No,Yes,Yes,No,Yes,Yes,Partial Protection
2649-HWLYB,Yes,Yes,DSL,Yes,No,Yes,Yes,No,Yes,Partial Protection
5214-CHIWJ,Yes,No,No,No internet service,No internet service,No internet service,No internet service,No internet service,No internet service,Partial Protection
4229-CZMLL,Yes,Yes,Fiber optic,No,No,No,No,No,No,No Protection
6904-JLBGY,Yes,Yes,Fiber optic,Yes,Yes,Yes,Yes,Yes,Yes,Full Protection
2465-BLLEU,Yes,No,No,No internet service,No internet service,No internet service,No internet service,No internet service,No internet service,Partial Protection
1685-VAYJF,Yes,No,DSL,No,No,No,No,No,No,No Protection
8874-EJNSR,Yes,Yes,No,No internet service,No internet service,No internet service,No internet service,No internet service,No internet service,Partial Protection
6917-YACBP,Yes,Yes,Fiber optic,Yes,Yes,Yes,No,No,No,Partial Protection
5049-MUBWG,Yes,No,DSL,Yes,No,No,Yes,Yes,Yes,Partial Protection
4223-WOZCM,Yes,No,DSL,No,No,Yes,No,No,No,Partial Protection
0769-MURVM,No,No phone service,DSL,Yes,Yes,Yes,Yes,Yes,Yes,Full Protection
9253-VIFJQ,Yes,Yes,DSL,Yes,Yes,Yes,No,No,No,Partial Protection
7030-FZTFM,Yes,Yes,Fiber optic,No,Yes,Yes,Yes,Yes,Yes,Partial Protection
9741-YLNTD,Yes,Yes,Fiber optic,No,No,No,Yes,No,Yes,Partial Protection
5917-RYRMG,Yes,No,No,No internet service,No internet service,No internet service,No internet service,No internet service,No internet service,Partial Protection
5120-ZBLAI,Yes,Yes,DSL,No,No,Yes,No,Yes,Yes,Partial Protection
1194-BHJYC,No,No phone service,DSL,Yes,No,Yes,Yes,Yes,Yes,Partial Protection
3663-MITLP,Yes,No,Fiber optic,No,Yes,Yes,No,Yes,Yes,Partial Protection
0906-QVPMS,Yes,Yes,Fiber optic,Yes,Yes,Yes,Yes,Yes,Yes,Full Protection
9025-ZRPVR,Yes,No,No,No internet service,No internet service,No internet service,No internet service,No internet service,No internet service,Partial Protection
1905-OEILC,Yes,No,No,No internet service,No internet service,No internet service,No internet service,No internet service,No internet service,Partial Protection
7858-GTZSP,Yes,Yes,Fiber optic,No,No,No,No,No,Yes,No Protection
3285-UCQVC,No,No phone service,DSL,No,No,No,Yes,No,No,Partial Protection
6248-BSHKG,Yes,No,No,No internet service,No internet service,No internet service,No internet service,No internet service,No internet service,Partial Protection
4685-TFLLS,Yes,No,No,No internet service,No internet service,No internet service,No internet service,No internet service,No internet service,Partial Protection
3470-BTGQO,Yes,No,DSL,No,No,No,No,No,No,No Protection
1209-VFFOC,No,No phone service,DSL,Yes,Yes,Yes,Yes,No,Yes,Full Protection
8224-DWCKX,Yes,Yes,Fiber optic,No,No,No,No,No,No,No Protection
5482-PLVPE,No,No phone service,DSL,No,No,No,No,No,No,No Protection
4553-DVPZG,Yes,Yes,Fiber optic,No,No,Yes,No,Yes,Yes,Partial Protection
4902-OHLSK,Yes,Yes,Fiber optic,No,No,No,Yes,Yes,Yes,Partial Protection
6917-IAYHD,No,No phone service,DSL,No,Yes,No,Yes,No,No,Partial Protection
0495-ZBNGW,Yes,Yes,Fiber optic,No,No,Yes,No,No,No,Partial Protection
8620-RJPZN,Yes,No,No,No internet service,No internet service,No internet service,No internet service,No internet service,No internet service,Partial Protection
7572-KPVKK,Yes,Yes,Fiber optic,No,No,Yes,Yes,Yes,Yes,Partial Protection
2642-MAWLJ,Yes,No,No,No internet service,No internet service,No internet service,No internet service,No internet service,No internet service,Partial Protection
2357-COQEK,Yes,Yes,Fiber optic,No,No,Yes,Yes,Yes,Yes,Partial Protection
7103-ZGVNT,Yes,Yes,DSL,Yes,Yes,No,Yes,Yes,No,Partial Protection
3737-GCSPV,Yes,Yes,Fiber optic,Yes,No,No,Yes,Yes,No,Partial Protection
2027-WKXMW,Yes,Yes,Fiber optic,No,Yes,Yes,Yes,Yes,Yes,Partial Protection
7137-NAXML,Yes,No,No,No internet service,No internet service,No internet service,No internet service,No internet service,No internet service,Partial Protection
2428-ZMCTB,Yes,No,No,No internet service,No internet service,No internet service,No internet service,No internet service,No internet service,Partial Protection
2961-VNFKL,Yes,Yes,No,No internet service,No internet service,No internet service,No internet service,No internet service,No internet service,Partial Protection
1768-HNVGJ,Yes,Yes,DSL,Yes,No,No,Yes,No,Yes,Partial Protection
6963-KQYQB,Yes,Yes,No,No internet service,No internet service,No internet service,No internet service,No internet service,No internet service,Partial Protection
5934-RMPOV,Yes,Yes,Fiber optic,No,No,No,No,No,Yes,No Protection
1207-BLKSA,Yes,Yes,No,No internet service,No internet service,No internet service,No internet service,No internet service,No internet service,Partial Protection
4088-YLDSU,Yes,Yes,Fiber optic,No,No,Yes,Yes,Yes,Yes,Partial Protection
8316-BBQAY,No,No phone service,DSL,Yes,No,Yes,Yes,Yes,Yes,Partial Protection
1166-PQLGG,Yes,No,No,No internet service,No internet service,No internet service,No internet service,No internet service,No internet service,Partial Protection
3146-JTQHR,Yes,No,No,No internet service,No internet service,No internet service,No internet service,No internet service,No internet service,Partial Protection
4291-YZODP,Yes,No,No,No internet service,No internet service,No internet service,No internet service,No internet service,No internet service,Partial Protection
4395-PZMSN,Yes,No,Fiber optic,No,Yes,No,No,No,Yes,Partial Protection
6427-FEFIG,Yes,Yes,DSL,Yes,No,Yes,No,Yes,Yes,Partial Protection
0017-IUDMW,Yes,Yes,Fiber optic,Yes,Yes,Yes,Yes,Yes,Yes,Full Protection
8706-HRADD,No,No phone service,DSL,Yes,No,No,Yes,Yes,No,Partial Protection
9955-QOPOY,No,No phone service,DSL,No,Yes,Yes,Yes,Yes,Yes,Partial Protection
4385-ZKVNW,Yes,No,DSL,No,Yes,No,Yes,No,No,Partial Protection
5446-DKWYW,Yes,Yes,DSL,No,No,Yes,No,Yes,No,Partial Protection
2034-CGRHZ,Yes,Yes,Fiber optic,No,Yes,Yes,No,Yes,Yes,Partial Protection
5797-APWZC,Yes,No,Fiber optic,No,No,No,No,Yes,Yes,No Protection
3683-QKIUE,Yes,No,DSL,No,No,No,Yes,No,No,Partial Protection
4228-ZGYUW,Yes,Yes,Fiber optic,No,Yes,No,No,No,Yes,Partial Protection
9031-ZVQPT,Yes,Yes,Fiber optic,No,Yes,Yes,Yes,Yes,Yes,Partial Protection
2990-IAJSV,Yes,Yes,DSL,Yes,Yes,Yes,Yes,Yes,Yes,Full Protection
8107-KNCIM,Yes,Yes,Fiber optic,No,No,No,No,No,No,No Protection
9027-YFHQJ,Yes,Yes,No,No internet service,No internet service,No internet service,No internet service,No internet service,No internet service,Partial Protection
5176-LDKUH,Yes,No,Fiber optic,No,Yes,No,No,No,No,Partial Protection
4644-OBGFZ,Yes,No,No,No internet service,No internet service,No internet service,No internet service,No internet service,No internet service,Partial Protection
7926-IJOOU,Yes,No,No,No internet service,No internet service,No internet service,No internet service,No internet service,No internet service,Partial Protection
6480-YAGIY,Yes,No,Fiber optic,Yes,Yes,Yes,Yes,Yes,Yes,Full Protection
4029-HPFVY,Yes,No,Fiber optic,No,No,No,No,No,No,No Protection
7602-DBTOU,Yes,No,No,No internet service,No internet service,No internet service,No internet service,No internet service,No internet service,Partial Protection
5345-BMKWB,Yes,No,No,No internet service,No internet service,No internet service,No internet service,No internet service,No internet service,Partial Protection
3519-ZKXGG,Yes,Yes,Fiber optic,No,No,No,No,No,No,No Protection
5457-COLHT,Yes,No,DSL,Yes,Yes,No,Yes,Yes,Yes,Partial Protection
6416-TVAIH,Yes,No,Fiber optic,No,No,No,No,No,No,No Protection
5451-YHYPW,Yes,Yes,Fiber optic,Yes,Yes,Yes,Yes,Yes,Yes,Full Protection
5108-ADXWO,Yes,No,Fiber optic,Yes,No,No,No,No,No,Partial Protection
7998-WNZEM,Yes,Yes,DSL,Yes,Yes,Yes,Yes,No,Yes,Full Protection
3066-RRJIO,Yes,No,Fiber optic,No,No,No,No,No,No,No Protection
4664-NJCMS,No,No phone service,DSL,Yes,No,Yes,Yes,Yes,Yes,Partial Protection
0307-BCOPK,Yes,No,No,No internet service,No internet service,No internet service,No internet service,No internet service,No internet service,Partial Protection
7629-WFGLW,Yes,Yes,Fiber optic,Yes,Yes,Yes,Yes,No,No,Full Protection
2542-HYGIQ,Yes,No,No,No internet service,No internet service,No internet service,No internet service,No internet service,No internet service,Partial Protection
6715-OFDBP,Yes,No,DSL,No,No,Yes,No,Yes,Yes,Partial Protection
5016-LIPDW,Yes,No,No,No internet service,No internet service,No internet service,No internet service,No internet service,No internet service,Partial Protection
6481-LXPWL,No,No phone service,DSL,No,Yes,Yes,No,No,No,Partial Protection
1567-DSCIC,Yes,Yes,Fiber optic,No,Yes,Yes,No,Yes,No,Partial Protection
2150-UWTFY,Yes,No,DSL,Yes,Yes,Yes,No,No,No,Partial Protection
6124-ACRHJ,Yes,No,No,No internet service,No internet service,No internet service,No internet service,No internet service,No internet service,Partial Protection
9362-MWODR,Yes,No,DSL,Yes,No,No,Yes,Yes,No,Partial Protection
9975-GPKZU,Yes,No,No,No internet service,No internet service,No internet service,No internet service,No internet service,No internet service,Partial Protection
9625-RZFUK,Yes,No,No,No internet service,No internet service,No internet service,No internet service,No internet service,No internet service,Partial Protection
5153-LXKDT,Yes,Yes,Fiber optic,Yes,Yes,Yes,No,Yes,Yes,Partial Protection
5161-UBZXI,Yes,No,Fiber optic,Yes,Yes,No,Yes,Yes,Yes,Partial Protection
1020-JPQOW,Yes,Yes,Fiber optic,No,Yes,Yes,Yes,No,No,Partial Protection
7919-ZODZZ,Yes,No,DSL,No,Yes,Yes,No,No,Yes,Partial Protection
0565-JUPYD,Yes,Yes,Fiber optic,Yes,Yes,Yes,Yes,Yes,No,Full Protection
6867-ACCZI,No,No phone service,DSL,Yes,Yes,Yes,Yes,No,Yes,Full Protection
5939-XAIXZ,Yes,Yes,DSL,No,No,Yes,No,No,No,Partial Protection
9054-FOWNV,Yes,Yes,Fiber optic,No,No,Yes,No,Yes,No,Partial Protection
2683-BPJSO,Yes,Yes,Fiber optic,Yes,Yes,No,No,No,No,Partial Protection
2157-MXBJS,Yes,Yes,DSL,No,No,Yes,No,Yes,Yes,Partial Protection
8207-VVMYB,Yes,Yes,No,No internet service,No internet service,No internet service,No internet service,No internet service,No internet service,Partial Protection
9732-EQMWY,Yes,No,Fiber optic,No,Yes,Yes,No,Yes,Yes,Partial Protection
9360-AHGNL,Yes,Yes,Fiber optic,Yes,No,Yes,Yes,Yes,Yes,Partial Protection
1087-UDSIH,Yes,No,No,No internet service,No internet service,No internet service,No internet service,No internet service,No internet service,Partial Protection
5269-NRGDP,Yes,No,DSL,No,No,Yes,Yes,Yes,Yes,Partial Protection
6195-MELTI,Yes,No,DSL,No,Yes,No,Yes,No,No,Partial Protection
5485-WUYWF,Yes,No,DSL,Yes,No,Yes,No,Yes,No,Partial Protection
2121-JAFOM,Yes,Yes,Fiber optic,Yes,Yes,Yes,Yes,Yes,Yes,Full Protection
8818-DOPVL,Yes,Yes,Fiber optic,No,Yes,Yes,No,Yes,Yes,Partial Protection
2632-UCGVD,Yes,Yes,Fiber optic,No,No,No,Yes,Yes,Yes,Partial Protection
5445-PZWGX,Yes,Yes,Fiber optic,Yes,Yes,No,Yes,No,Yes,Partial Protection
1227-UDMZR,Yes,Yes,DSL,Yes,Yes,Yes,Yes,Yes,Yes,Full Protection
5198-HQAEN,Yes,No,Fiber optic,No,Yes,No,Yes,Yes,No,Partial Protection
9170-CCKOU,Yes,Yes,Fiber optic,Yes,Yes,Yes,No,No,No,Partial Protection
2167-FQSTQ,Yes,Yes,DSL,Yes,Yes,Yes,Yes,Yes,Yes,Full Protection
2819-GWENI,Yes,No,No,No internet service,No internet service,No internet service,No internet service,No internet service,No internet service,Partial Protection
1043-YCUTE,Yes,Yes,No,No internet service,No internet service,No internet service,No internet service,No internet service,No internet service,Partial Protection
3814-MLAXC,Yes,Yes,Fiber optic,No,No,No,Yes,No,No,Partial Protection
3572-UUHRS,Yes,No,No,No internet service,No internet service,No internet service,No internet service,No internet service,No internet service,Partial Protection
2692-PFYTJ,Yes,Yes,No,No internet service,No internet service,No internet service,No internet service,No internet service,No internet service,Partial Protection
1226-UDFZR,Yes,No,DSL,No,Yes,No,No,No,No,Partial Protection
5955-EPOAZ,Yes,No,No,No internet service,No internet service,No internet service,No internet service,No internet service,No internet service,Partial Protection
6821-JPCDC,Yes,No,Fiber optic,No,Yes,Yes,No,Yes,Yes,Partial Protection
8815-LMFLX,Yes,Yes,No,No internet service,No internet service,No internet service,No internet service,No internet service,No internet service,Partial Protection
9135-HSWOC,Yes,No,No,No internet service,No internet service,No internet service,No internet service,No internet service,No internet service,Partial Protection
8582-KRHPJ,No,No phone service,DSL,Yes,Yes,No,No,No,No,Partial Protection
5811-IWXYM,Yes,Yes,Fiber optic,No,No,Yes,No,Yes,Yes,Partial Protection
7044-YAACC,Yes,No,Fiber optic,No,No,No,No,No,No,No Protection
8189-XRIKE,Yes,No,Fiber optic,No,No,No,No,Yes,Yes,No Protection
1506-YJTYT,Yes,Yes,DSL,Yes,Yes,No,Yes,Yes,No,Partial Protection
4123-DVHPH,Yes,Yes,Fiber optic,Yes,No,No,No,No,Yes,Partial Protection
6425-YQLLO,Yes,Yes,Fiber optic,No,No,Yes,Yes,Yes,Yes,Partial Protection
5442-UTCVD,Yes,Yes,Fiber optic,No,No,Yes,No,No,Yes,Partial Protection
2228-BZDEE,Yes,No,No,No internet service,No internet service,No internet service,No internet service,No internet service,No internet service,Partial Protection
7734-DBOAI,No,No phone service,DSL,No,No,No,Yes,Yes,No,Partial Protection
2789-CZANW,Yes,Yes,Fiber optic,Yes,Yes,No,Yes,Yes,Yes,Partial Protection
2091-RFFBA,Yes,Yes,Fiber optic,No,No,No,No,No,No,No Protection
2114-MGINA,Yes,No,Fiber optic,No,No,No,No,Yes,Yes,No Protection
7596-LDUXP,Yes,No,Fiber optic,Yes,No,No,No,Yes,No,Partial Protection
3740-RLMVT,Yes,No,DSL,Yes,Yes,No,Yes,No,No,Partial Protection
4489-SNOJF,Yes,Yes,DSL,Yes,No,Yes,Yes,Yes,No,Partial Protection
2192-OZITF,Yes,Yes,DSL,Yes,No,No,Yes,No,Yes,Partial Protection
5651-CPDND,Yes,No,DSL,No,No,No,No,No,No,No Protection
2186-QZEYA,Yes,Yes,DSL,Yes,Yes,No,No,No,No,Partial Protection
1131-ALZWV,Yes,Yes,No,No internet service,No internet service,No internet service,No internet service,No internet service,No internet service,Partial Protection
7729-XBTWX,Yes,No,No,No internet service,No internet service,No internet service,No internet service,No internet service,No internet service,Partial Protection
9134-WYRVP,Yes,No,Fiber optic,Yes,No,No,No,Yes,No,Partial Protection
3284-SVCRO,Yes,Yes,No,No internet service,No internet service,No internet service,No internet service,No internet service,No internet service,Partial Protection
9732-OUYRN,Yes,No,No,No internet service,No internet service,No internet service,No internet service,No internet service,No internet service,Partial Protection
0559-CKHUS,Yes,No,No,No internet service,No internet service,No internet service,No internet service,No internet service,No internet service,Partial Protection
2931-SVLTV,Yes,Yes,Fiber optic,Yes,Yes,No,Yes,Yes,Yes,Partial Protection
6899-PPEEA,Yes,Yes,Fiber optic,No,No,No,No,Yes,Yes,No Protection
7504-UWHNB,Yes,No,Fiber optic,No,No,No,No,No,No,No Protection
2582-FFFZR,No,No phone service,DSL,No,No,Yes,No,Yes,Yes,Partial Protection
8908-NMQTX,No,No phone service,DSL,Yes,Yes,Yes,Yes,Yes,Yes,Full Protection
2187-LZGPL,No,No phone service,DSL,No,Yes,No,No,No,Yes,Partial Protection
1431-AIDJQ,Yes,No,DSL,No,Yes,Yes,Yes,Yes,Yes,Partial Protection
6288-LBEAR,Yes,No,Fiber optic,No,Yes,No,Yes,No,No,Partial Protection
4597-NUCQV,Yes,Yes,Fiber optic,No,Yes,No,No,Yes,Yes,Partial Protection
9019-QVLZD,Yes,No,Fiber optic,No,No,No,No,Yes,No,No Protection
8413-YNHNV,Yes,Yes,DSL,Yes,Yes,Yes,Yes,Yes,Yes,Full Protection
5808-TOTXO,Yes,No,No,No internet service,No internet service,No internet service,No internet service,No internet service,No internet service,Partial Protection
4369-NYSCF,Yes,No,DSL,No,Yes,No,Yes,Yes,Yes,Partial Protection
6333-YDVLT,Yes,Yes,Fiber optic,Yes,No,Yes,Yes,Yes,Yes,Partial Protection
5324-KTGCG,Yes,No,No,No internet service,No internet service,No internet service,No internet service,No internet service,No internet service,Partial Protection
5599-HVLTW,Yes,Yes,Fiber optic,No,No,Yes,No,No,No,Partial Protection
7394-LWLYN,Yes,No,Fiber optic,No,No,No,No,No,No,No Protection
3707-LRWZD,Yes,Yes,Fiber optic,No,No,No,No,Yes,No,No Protection
6873-UDNLD,Yes,No,DSL,Yes,No,Yes,No,No,Yes,Partial Protection
2700-LUEVA,Yes,No,No,No internet service,No internet service,No internet service,No internet service,No internet service,No internet service,Partial Protection
1455-ESIQH,Yes,No,Fiber optic,No,No,No,No,Yes,Yes,No Protection
0958-YHXGP,Yes,No,Fiber optic,No,No,No,No,No,No,No Protection
1101-SSWAG,Yes,Yes,DSL,No,No,No,No,No,No,No Protection
2979-SXESE,Yes,Yes,Fiber optic,Yes,No,Yes,No,Yes,No,Partial Protection
4013-TLDHQ,Yes,No,Fiber optic,No,Yes,Yes,No,No,No,Partial Protection
5743-KHMNA,Yes,Yes,No,No internet service,No internet service,No internet service,No internet service,No internet service,No internet service,Partial Protection
4194-FJARJ,Yes,Yes,DSL,Yes,No,No,Yes,No,No,Partial Protection
5325-UWTWJ,Yes,Yes,Fiber optic,Yes,Yes,No,Yes,No,No,Partial Protection
3969-GYXEL,Yes,No,Fiber optic,Yes,No,No,No,No,No,Partial Protection
9208-OLGAQ,Yes,No,Fiber optic,No,No,Yes,No,No,Yes,Partial Protection
3244-CQPHU,Yes,Yes,Fiber optic,Yes,Yes,No,Yes,Yes,Yes,Partial Protection
2674-MLXMN,Yes,Yes,Fiber optic,No,Yes,No,No,Yes,Yes,Partial Protection
9708-HPXWZ,No,No phone service,DSL,No,No,Yes,Yes,Yes,No,Partial Protection
6992-TKNYO,Yes,Yes,DSL,No,No,Yes,Yes,No,Yes,Partial Protection
4468-YDOVK,Yes,No,DSL,No,No,No,Yes,No,No,Partial Protection
3754-DXMRT,Yes,No,DSL,No,No,No,No,No,No,No Protection
5792-JALQC,Yes,Yes,DSL,Yes,No,Yes,No,No,No,Partial Protection
7130-VTEWQ,Yes,Yes,Fiber optic,No,No,No,No,No,No,No Protection
2200-DSAAL,Yes,Yes,DSL,No,Yes,Yes,No,Yes,Yes,Partial Protection
4302-ZYFEL,Yes,No,No,No internet service,No internet service,No internet service,No internet service,No internet service,No internet service,Partial Protection
9351-LZYGF,Yes,Yes,DSL,Yes,Yes,No,Yes,No,No,Partial Protection
4366-CTOUZ,Yes,No,Fiber optic,No,Yes,No,Yes,Yes,Yes,Partial Protection
6121-VZNQB,Yes,No,No,No internet service,No internet service,No internet service,No internet service,No internet service,No internet service,Partial Protection
7903-CMPEY,Yes,Yes,Fiber optic,Yes,No,No,No,No,No,Partial Protection
1518-OMDIK,Yes,No,DSL,No,No,No,No,No,No,No Protection
6671-NGWON,Yes,No,No,No internet service,No internet service,No internet service,No internet service,No internet service,No internet service,Partial Protection
0595-ITUDF,Yes,Yes,Fiber optic,Yes,Yes,Yes,No,No,No,Partial Protection
6996-KNSML,Yes,No,Fiber optic,No,No,Yes,No,No,No,Partial Protection
1955-IBMMB,Yes,No,No,No internet service,No internet service,No internet service,No internet service,No internet service,No internet service,Partial Protection
0096-BXERS,Yes,Yes,DSL,No,No,No,No,No,No,No Protection
3806-YAZOV,Yes,No,No,No internet service,No internet service,No internet service,No internet service,No internet service,No internet service,Partial Protection
7998-ZLXWN,Yes,No,No,No internet service,No internet service,No internet service,No internet service,No internet service,No internet service,Partial Protection
6253-WRFHY,Yes,No,DSL,No,No,No,No,Yes,Yes,No Protection
9133-AYJZG,Yes,Yes,Fiber optic,No,Yes,No,No,Yes,Yes,Partial Protection
2675-OTVVJ,Yes,Yes,Fiber optic,Yes,No,No,No,Yes,No,Partial Protection
8680-CGLTP,Yes,No,DSL,Yes,Yes,No,Yes,No,No,Partial Protection
8430-TWCBX,Yes,No,No,No internet service,No internet service,No internet service,No internet service,No internet service,No internet service,Partial Protection
5018-GWURO,Yes,Yes,Fiber optic,No,No,No,No,Yes,No,No Protection
6741-QRLUP,Yes,Yes,DSL,Yes,Yes,Yes,Yes,No,Yes,Full Protection
4737-HOBAX,Yes,Yes,DSL,No,No,Yes,Yes,Yes,Yes,Partial Protection
0537-QYZZN,Yes,Yes,Fiber optic,Yes,No,No,No,No,No,Partial Protection
3340-QBBFM,Yes,No,DSL,No,No,Yes,Yes,No,No,Partial Protection
1704-NRWYE,Yes,No,Fiber optic,No,No,No,No,Yes,No,No Protection
2592-SEIFQ,No,No phone service,DSL,No,No,No,No,No,No,No Protection
8200-KLNYW,Yes,No,DSL,Yes,No,Yes,Yes,Yes,Yes,Partial Protection
3372-CDXFJ,Yes,Yes,No,No internet service,No internet service,No internet service,No internet service,No internet service,No internet service,Partial Protection
4781-ZXYGU,Yes,No,No,No internet service,No internet service,No internet service,No internet service,No internet service,No internet service,Partial Protection
7632-YUTXB,Yes,No,No,No internet service,No internet service,No internet service,No internet service,No internet service,No internet service,Partial Protection
2718-YSKCS,Yes,No,No,No internet service,No internet service,No internet service,No internet service,No internet service,No internet service,Partial Protection
9896-UYMIE,Yes,Yes,Fiber optic,Yes,Yes,Yes,Yes,Yes,Yes,Full Protection
0853-NWIFK,Yes,No,Fiber optic,Yes,Yes,No,No,Yes,Yes,Partial Protection
8212-CRQXP,Yes,No,Fiber optic,No,No,No,No,Yes,No,No Protection
6980-CDGFC,Yes,No,No,No internet service,No internet service,No internet service,No internet service,No internet service,No internet service,Partial Protection
7691-XVTZH,Yes,Yes,Fiber optic,No,No,Yes,No,Yes,No,Partial Protection
2520-SGTTA,Yes,No,No,No internet service,No internet service,No internet service,No internet service,No internet service,No internet service,Partial Protection
7481-ATQQS,Yes,Yes,Fiber optic,No,No,Yes,No,No,Yes,Partial Protection
2277-VWCNI,Yes,Yes,DSL,No,No,No,No,No,No,No Protection
1088-CNNKB,Yes,Yes,DSL,Yes,Yes,Yes,Yes,No,Yes,Full Protection
8642-GVWRF,Yes,No,Fiber optic,No,Yes,Yes,No,No,No,Partial Protection
1930-BZLHI,Yes,No,No,No internet service,No internet service,No internet service,No internet service,No internet service,No internet service,Partial Protection
3400-ESFUW,Yes,No,DSL,Yes,Yes,No,Yes,No,No,Partial Protection
5868-YTYKS,Yes,No,No,No internet service,No internet service,No internet service,No internet service,No internet service,No internet service,Partial Protection
3525-DVKFN,Yes,No,No,No internet service,No internet service,No internet service,No internet service,No internet service,No internet service,Partial Protection
1482-OXZSY,Yes,Yes,Fiber optic,Yes,No,No,No,Yes,Yes,Partial Protection
0377-JBKKT,Yes,No,DSL,Yes,Yes,No,Yes,No,No,Partial Protection
5778-BVOFB,Yes,No,DSL,No,No,No,Yes,Yes,No,Partial Protection
3373-YZZYM,Yes,No,No,No internet service,No internet service,No internet service,No internet service,No internet service,No internet service,Partial Protection
2057-ZBLPD,Yes,Yes,Fiber optic,No,No,No,No,No,Yes,No Protection
0228-MAUWC,Yes,Yes,DSL,No,No,Yes,Yes,No,No,Partial Protection
5502-RLUYV,Yes,Yes,Fiber optic,No,Yes,Yes,No,Yes,Yes,Partial Protection
0023-HGHWL,No,No phone service,DSL,No,No,No,No,No,No,No Protection
7663-YJHSN,Yes,Yes,Fiber optic,Yes,Yes,Yes,Yes,Yes,No,Full Protection
4915-BFSXL,Yes,Yes,DSL,Yes,No,Yes,No,Yes,No,Partial Protection
3086-RUCRN,Yes,Yes,Fiber optic,Yes,Yes,Yes,Yes,No,Yes,Full Protection
5215-LNLDJ,No,No phone service,DSL,No,No,No,No,No,No,No Protection
7576-JMYWV,Yes,Yes,Fiber optic,Yes,Yes,No,Yes,Yes,Yes,Partial Protection
9039-RBEEE,No,No phone service,DSL,Yes,Yes,No,Yes,Yes,No,Partial Protection
0257-KXZGU,Yes,Yes,DSL,No,Yes,Yes,No,No,No,Partial Protection
1307-ATKGB,Yes,No,Fiber optic,No,Yes,Yes,No,No,Yes,Partial Protection
8417-FMLZI,Yes,No,Fiber optic,No,Yes,No,No,No,Yes,Partial Protection
3714-XPXBW,Yes,Yes,DSL,Yes,Yes,Yes,Yes,Yes,No,Full Protection
1850-AKQEP,Yes,No,No,No internet service,No internet service,No internet service,No internet service,No internet service,No internet service,Partial Protection
2824-DXNKN,Yes,Yes,DSL,Yes,No,Yes,No,Yes,No,Partial Protection
5227-JSCFE,No,No phone service,DSL,Yes,Yes,Yes,Yes,No,No,Full Protection
0848-ZGQIJ,Yes,No,Fiber optic,No,Yes,No,No,Yes,Yes,Partial Protection
3621-CHYVB,No,No phone service,DSL,Yes,No,Yes,Yes,No,Yes,Partial Protection
8042-RNLKO,Yes,Yes,No,No internet service,No internet service,No internet service,No internet service,No internet service,No internet service,Partial Protection
1792-UXAFY,Yes,No,Fiber optic,No,Yes,Yes,No,Yes,No,Partial Protection
5372-FBKBN,Yes,No,No,No internet service,No internet service,No internet service,No internet service,No internet service,No internet service,Partial Protection
0420-TXVSG,Yes,Yes,DSL,Yes,Yes,Yes,No,No,No,Partial Protection
6217-TOWGS,Yes,Yes,DSL,No,Yes,No,No,Yes,Yes,Partial Protection
0515-YPMCW,Yes,No,Fiber optic,No,No,No,No,No,No,No Protection
0378-XSZPU,Yes,No,DSL,Yes,Yes,Yes,No,No,No,Partial Protection
1045-LTCYT,Yes,No,No,No internet service,No internet service,No internet service,No internet service,No internet service,No internet service,Partial Protection
1544-JJMYL,Yes,No,DSL,Yes,No,Yes,Yes,Yes,No,Partial Protection
4636-JGAAI,Yes,Yes,Fiber optic,No,Yes,No,No,No,Yes,Partial Protection
6874-SGLHU,Yes,No,Fiber optic,No,Yes,No,No,Yes,Yes,Partial Protection
5951-AOFIH,Yes,No,DSL,No,Yes,Yes,No,Yes,No,Partial Protection
4729-XKASR,No,No phone service,DSL,No,No,No,No,No,No,No Protection
3059-NGMXB,Yes,Yes,DSL,Yes,Yes,No,No,No,Yes,Partial Protection
8652-YHIYU,Yes,Yes,Fiber optic,No,No,No,Yes,No,No,Partial Protection
5278-PNYOX,Yes,No,Fiber optic,No,No,Yes,Yes,Yes,Yes,Partial Protection
5449-FIBXJ,Yes,Yes,Fiber optic,No,No,Yes,Yes,Yes,Yes,Partial Protection
3486-HOOGQ,Yes,Yes,DSL,Yes,Yes,Yes,Yes,Yes,No,Full Protection
5061-PBXFW,Yes,No,DSL,Yes,Yes,No,Yes,No,No,Partial Protection
8630-FJLIB,Yes,No,Fiber optic,No,No,No,No,No,No,No Protection
3891-NLXJB,No,No phone service,DSL,Yes,Yes,No,Yes,No,No,Partial Protection
4749-OJKQU,Yes,Yes,Fiber optic,No,No,No,No,No,No,No Protection
0577-WHMEV,Yes,Yes,Fiber optic,Yes,Yes,Yes,No,No,No,Partial Protection
5453-AXEPF,Yes,Yes,Fiber optic,No,Yes,No,No,No,No,Partial Protection
3639-XJHKQ,Yes,No,DSL,Yes,Yes,Yes,No,No,No,Partial Protection
3716-LRGXK,Yes,Yes,Fiber optic,No,No,Yes,No,Yes,Yes,Partial Protection
2263-SFSQZ,Yes,Yes,No,No internet service,No internet service,No internet service,No internet service,No internet service,No internet service,Partial Protection
9950-MTGYX,Yes,No,No,No internet service,No internet service,No internet service,No internet service,No internet service,No internet service,Partial Protection
3397-AVTKU,Yes,No,DSL,No,Yes,No,No,No,Yes,Partial Protection
4825-FUREZ,Yes,No,No,No internet service,No internet service,No internet service,No internet service,No internet service,No internet service,Partial Protection
9837-BMCLM,Yes,No,Fiber optic,No,No,No,No,Yes,No,No Protection
2672-OJQZP,Yes,No,DSL,No,No,No,No,No,No,No Protection
0137-UDEUO,Yes,No,No,No internet service,No internet service,No internet service,No internet service,No internet service,No internet service,Partial Protection
3134-DSHVC,Yes,Yes,Fiber optic,Yes,Yes,Yes,No,Yes,No,Partial Protection
6161-UUUTA,Yes,No,Fiber optic,No,No,No,No,Yes,No,No Protection
7821-DPRQE,Yes,Yes,Fiber optic,Yes,Yes,No,Yes,Yes,Yes,Partial Protection
6543-XRMYR,Yes,Yes,Fiber optic,No,Yes,No,No,Yes,Yes,Partial Protection
2001-EWBQU,Yes,Yes,Fiber optic,No,Yes,Yes,No,Yes,Yes,Partial Protection
4925-LMHOK,Yes,Yes,DSL,No,Yes,No,Yes,No,No,Partial Protection
1608-GMEWB,Yes,Yes,Fiber optic,No,No,No,No,Yes,Yes,No Protection
6695-AMZUF,Yes,No,DSL,Yes,Yes,Yes,Yes,Yes,Yes,Full Protection
1455-UGQVH,Yes,Yes,Fiber optic,No,No,Yes,No,Yes,Yes,Partial Protection
8410-BGQXN,Yes,No,No,No internet service,No internet service,No internet service,No internet service,No internet service,No internet service,Partial Protection
8280-MQRQN,Yes,No,DSL,No,No,Yes,No,No,No,Partial Protection
1619-YWUBB,Yes,Yes,No,No internet service,No internet service,No internet service,No internet service,No internet service,No internet service,Partial Protection
7611-YKYTC,Yes,No,Fiber optic,Yes,No,No,No,No,No,Partial Protection
2037-SGXHH,Yes,Yes,Fiber optic,No,Yes,Yes,No,Yes,No,Partial Protection
3178-FESZO,Yes,Yes,Fiber optic,No,Yes,No,No,Yes,Yes,Partial Protection
0365-GXEZS,Yes,No,Fiber optic,No,No,Yes,Yes,No,No,Partial Protection
0082-OQIQY,Yes,No,Fiber optic,No,No,No,Yes,Yes,Yes,Partial Protection
6087-MVHJH,Yes,Yes,Fiber optic,No,No,Yes,No,No,Yes,Partial Protection
4603-JANFB,Yes,No,Fiber optic,No,No,No,No,No,No,No Protection
3018-TFTSU,Yes,No,Fiber optic,Yes,No,Yes,No,No,No,Partial Protection
3606-SBKRY,No,No phone service,DSL,No,No,Yes,No,Yes,Yes,Partial Protection
4806-KEXQR,Yes,No,Fiber optic,No,No,No,No,No,Yes,No Protection
0667-NSRGI,Yes,Yes,DSL,No,No,Yes,Yes,No,Yes,Partial Protection
7083-YNSKY,Yes,Yes,No,No internet service,No internet service,No internet service,No internet service,No internet service,No internet service,Partial Protection
6893-ODYYE,Yes,No,Fiber optic,Yes,Yes,Yes,Yes,No,No,Full Protection
8242-JSVBO,Yes,No,DSL,No,No,No,No,No,No,No Protection
2479-BRAMR,Yes,Yes,Fiber optic,Yes,No,Yes,No,No,No,Partial Protection
9541-ZPSEA,Yes,No,Fiber optic,Yes,No,Yes,No,No,No,Partial Protection
2665-NPTGL,Yes,Yes,Fiber optic,No,No,Yes,No,Yes,Yes,Partial Protection
1139-WUOAH,No,No phone service,DSL,No,No,Yes,Yes,Yes,Yes,Partial Protection
4693-VWVBO,Yes,No,No,No internet service,No internet service,No internet service,No internet service,No internet service,No internet service,Partial Protection
7434-SHXLS,Yes,No,No,No internet service,No internet service,No internet service,No internet service,No internet service,No internet service,Partial Protection
6937-GCDGQ,Yes,No,DSL,Yes,No,No,No,No,No,Partial Protection
0988-JRWWP,Yes,No,DSL,No,No,No,No,Yes,No,No Protection
5075-JSDKI,Yes,Yes,No,No internet service,No internet service,No internet service,No internet service,No internet service,No internet service,Partial Protection
7908-QCBCA,Yes,No,Fiber optic,No,No,No,No,No,No,No Protection
8644-XYTSV,No,No phone service,DSL,Yes,No,No,No,Yes,No,Partial Protection
6711-FLDFB,Yes,Yes,Fiber optic,No,No,No,No,No,No,No Protection
3873-WOSBC,Yes,Yes,No,No internet service,No internet service,No internet service,No internet service,No internet service,No internet service,Partial Protection
7465-ZZRVX,Yes,No,Fiber optic,No,No,No,No,No,No,No Protection
7975-JMZNT,Yes,Yes,DSL,Yes,Yes,Yes,Yes,Yes,Yes,Full Protection
7251-XFOIL,Yes,Yes,Fiber optic,No,No,Yes,No,No,Yes,Partial Protection
4116-IQRFR,Yes,Yes,No,No internet service,No internet service,No internet service,No internet service,No internet service,No internet service,Partial Protection
3714-JTVOV,Yes,No,Fiber optic,Yes,No,No,No,No,No,Partial Protection
8259-DZLIZ,Yes,Yes,DSL,No,Yes,No,No,No,No,Partial Protection
0442-ZXKVS,Yes,Yes,Fiber optic,Yes,Yes,Yes,Yes,Yes,Yes,Full Protection
7853-WNZSY,Yes,No,No,No internet service,No internet service,No internet service,No internet service,No internet service,No internet service,Partial Protection
3120-FAZKD,Yes,Yes,No,No internet service,No internet service,No internet service,No internet service,No internet service,No internet service,Partial Protection
8606-OEGQZ,Yes,Yes,No,No internet service,No internet service,No internet service,No internet service,No internet service,No internet service,Partial Protection
0225-ZORZP,Yes,No,Fiber optic,No,Yes,No,No,No,Yes,Partial Protection
4702-IOQDC,Yes,No,Fiber optic,No,No,No,No,No,No,No Protection
9489-JMTTN,Yes,Yes,DSL,Yes,Yes,Yes,Yes,Yes,Yes,Full Protection
0575-CUQOV,Yes,No,Fiber optic,No,Yes,Yes,No,Yes,Yes,Partial Protection
0967-BMLBD,Yes,No,No,No internet service,No internet service,No internet service,No internet service,No internet service,No internet service,Partial Protection
6178-KFNHS,Yes,Yes,Fiber optic,Yes,No,No,No,No,No,Partial Protection
2830-LEWOA,Yes,No,Fiber optic,No,Yes,Yes,Yes,Yes,Yes,Partial Protection
5006-MXVRN,Yes,No,No,No internet service,No internet service,No internet service,No internet service,No internet service,No internet service,Partial Protection
1264-BYWMS,Yes,Yes,Fiber optic,No,No,No,No,Yes,Yes,No Protection
9658-WYUFB,Yes,Yes,Fiber optic,Yes,Yes,No,No,Yes,No,Partial Protection
8327-WKMIE,Yes,No,No,No internet service,No internet service,No internet service,No internet service,No internet service,No internet service,Partial Protection
6917-FIJHC,Yes,Yes,No,No internet service,No internet service,No internet service,No internet service,No internet service,No internet service,Partial Protection
5329-KRDTM,Yes,Yes,DSL,No,Yes,Yes,Yes,Yes,No,Partial Protection
7797-EJMDP,Yes,No,DSL,Yes,No,No,Yes,No,Yes,Partial Protection
3530-VWVGU,Yes,No,No,No internet service,No internet service,No internet service,No internet service,No internet service,No internet service,Partial Protection
2013-SGDXK,Yes,No,Fiber optic,No,Yes,No,No,Yes,No,Partial Protection
6368-NWMCE,Yes,Yes,DSL,No,Yes,No,Yes,No,Yes,Partial Protection
3633-CDBUW,Yes,No,DSL,No,Yes,Yes,Yes,Yes,Yes,Partial Protection
0707-HOVVN,Yes,Yes,DSL,No,Yes,Yes,Yes,Yes,No,Partial Protection
8580-QVLOC,Yes,Yes,DSL,Yes,Yes,Yes,Yes,Yes,Yes,Full Protection
3956-MGXOG,Yes,No,Fiber optic,No,No,No,No,No,Yes,No Protection
9274-UARKJ,Yes,No,Fiber optic,No,Yes,No,No,Yes,No,Partial Protection
4077-HWUYD,Yes,Yes,DSL,Yes,Yes,Yes,Yes,Yes,Yes,Full Protection
2012-NWRPA,Yes,Yes,Fiber optic,No,No,Yes,No,Yes,Yes,Partial Protection
8808-ELEHO,Yes,Yes,Fiber optic,No,No,Yes,No,No,No,Partial Protection
0103-CSITQ,Yes,Yes,Fiber optic,No,Yes,Yes,Yes,Yes,Yes,Partial Protection
3506-LCJDC,Yes,No,No,No internet service,No internet service,No internet service,No internet service,No internet service,No internet service,Partial Protection
8671-KKKOS,No,No phone service,DSL,Yes,Yes,No,No,Yes,No,Partial Protection
7305-ZWMAJ,Yes,No,No,No internet service,No internet service,No internet service,No internet service,No internet service,No internet service,Partial Protection
9518-XXBXE,Yes,No,Fiber optic,Yes,No,No,No,No,No,Partial Protection
3934-HXCFZ,Yes,Yes,Fiber optic,Yes,Yes,Yes,No,Yes,No,Partial Protection
6578-KRMAW,Yes,No,Fiber optic,Yes,Yes,Yes,No,No,Yes,Partial Protection
4860-IJUDE,Yes,No,Fiber optic,Yes,No,No,No,No,No,Partial Protection
7666-WKRON,Yes,No,Fiber optic,No,No,Yes,Yes,No,No,Partial Protection
9688-YGXVR,Yes,No,Fiber optic,No,Yes,Yes,No,Yes,No,Partial Protection
0423-UDIJQ,Yes,No,DSL,No,No,No,Yes,No,No,Partial Protection
1945-XISKS,Yes,No,No,No internet service,No internet service,No internet service,No internet service,No internet service,No internet service,Partial Protection
4910-AQFFX,Yes,Yes,Fiber optic,No,No,Yes,No,No,No,Partial Protection
2154-KVJFF,Yes,Yes,Fiber optic,No,Yes,No,No,No,No,Partial Protection
5360-LJCNJ,Yes,Yes,Fiber optic,No,Yes,Yes,No,Yes,Yes,Partial Protection
2607-FBDFF,Yes,No,DSL,No,No,No,Yes,No,No,Partial Protection
9647-ERGBE,Yes,Yes,Fiber optic,No,No,Yes,No,Yes,Yes,Partial Protection
3428-XZMAZ,Yes,No,Fiber optic,No,No,No,No,No,No,No Protection
1100-DDVRV,No,No phone service,DSL,No,Yes,No,No,Yes,Yes,Partial Protection
0378-TOVMS,Yes,No,Fiber optic,No,No,No,Yes,No,Yes,Partial Protection
4355-HBJHH,Yes,Yes,DSL,Yes,No,Yes,No,Yes,Yes,Partial Protection
6728-WYQBC,Yes,No,No,No internet service,No internet service,No internet service,No internet service,No internet service,No internet service,Partial Protection
9058-CBREO,Yes,Yes,DSL,No,No,No,No,No,No,No Protection
9029-FEGVJ,Yes,Yes,Fiber optic,No,No,Yes,No,No,No,Partial Protection
7216-KAOID,Yes,No,No,No internet service,No internet service,No internet service,No internet service,No internet service,No internet service,Partial Protection
0318-QUUOB,Yes,No,Fiber optic,No,No,No,No,Yes,No,No Protection
6145-NNPNO,Yes,No,DSL,No,No,No,No,No,No,No Protection
5520-FVEWJ,Yes,Yes,Fiber optic,No,Yes,Yes,No,No,No,Partial Protection
5339-TJFEK,Yes,Yes,Fiber optic,Yes,Yes,No,No,Yes,Yes,Partial Protection
5572-ZDXHY,Yes,No,Fiber optic,No,Yes,No,No,No,Yes,Partial Protection
2074-GUHPQ,Yes,Yes,Fiber optic,No,Yes,Yes,Yes,No,No,Partial Protection
4625-XMOYM,Yes,Yes,No,No internet service,No internet service,No internet service,No internet service,No internet service,No internet service,Partial Protection
5827-MWCZK,Yes,Yes,Fiber optic,No,Yes,No,Yes,Yes,No,Partial Protection
1385-TQOZW,Yes,No,No,No internet service,No internet service,No internet service,No internet service,No internet service,No internet service,Partial Protection
5914-XRFQB,Yes,Yes,Fiber optic,Yes,Yes,Yes,Yes,Yes,Yes,Full Protection
4329-YPDDQ,Yes,No,Fiber optic,Yes,Yes,Yes,Yes,Yes,Yes,Full Protection
4804-NCPET,Yes,No,No,No internet service,No internet service,No internet service,No internet service,No internet service,No internet service,Partial Protection
3750-CKVKH,Yes,No,Fiber optic,No,No,No,No,No,No,No Protection
5944-UGLLK,No,No phone service,DSL,No,No,Yes,Yes,Yes,Yes,Partial Protection
8063-GBATB,Yes,Yes,Fiber optic,No,No,No,No,No,Yes,No Protection
7787-BNTZM,Yes,No,No,No internet service,No internet service,No internet service,No internet service,No internet service,No internet service,Partial Protection
2252-ISRNH,Yes,Yes,Fiber optic,No,No,Yes,No,Yes,No,Partial Protection
9415-TPKRV,Yes,Yes,DSL,No,Yes,No,No,No,No,Partial Protection
5322-TEUJK,Yes,Yes,Fiber optic,Yes,Yes,Yes,Yes,Yes,Yes,Full Protection
4547-KQRTM,Yes,Yes,Fiber optic,No,Yes,No,No,No,No,Partial Protection
4877-EVATK,Yes,No,No,No internet service,No internet service,No internet service,No internet service,No internet service,No internet service,Partial Protection
1866-DIOQZ,No,No phone service,DSL,Yes,Yes,Yes,Yes,Yes,Yes,Full Protection
8375-KVTHK,Yes,No,Fiber optic,No,Yes,No,Yes,Yes,Yes,Partial Protection
2697-NQBPF,Yes,Yes,Fiber optic,No,Yes,No,Yes,Yes,Yes,Partial Protection
3709-OIJEA,Yes,No,Fiber optic,No,Yes,Yes,Yes,No,No,Partial Protection
7639-SUPCW,Yes,No,DSL,Yes,No,No,No,No,No,Partial Protection
1386-ZIKUV,Yes,No,No,No internet service,No internet service,No internet service,No internet service,No internet service,No internet service,Partial Protection
0599-XNYDO,Yes,No,Fiber optic,No,No,No,No,No,No,No Protection
6377-WHAOX,Yes,Yes,Fiber optic,No,Yes,Yes,No,Yes,Yes,Partial Protection
6855-VLGOS,Yes,No,No,No internet service,No internet service,No internet service,No internet service,No internet service,No internet service,Partial Protection
8999-XXGNS,Yes,Yes,Fiber optic,No,Yes,Yes,No,Yes,Yes,Partial Protection
8746-OQQRW,Yes,Yes,No,No internet service,No internet service,No internet service,No internet service,No internet service,No internet service,Partial Protection
3181-MIZBN,Yes,No,No,No internet service,No internet service,No internet service,No internet service,No internet service,No internet service,Partial Protection
0471-ARVMX,Yes,Yes,Fiber optic,Yes,No,Yes,No,Yes,Yes,Partial Protection
7766-CLTIC,Yes,No,DSL,No,No,No,Yes,No,Yes,Partial Protection
5650-YLIBA,Yes,Yes,Fiber optic,No,Yes,No,No,No,No,Partial Protection
0825-CPPQH,Yes,No,No,No internet service,No internet service,No internet service,No internet service,No internet service,No internet service,Partial Protection
9084-OAYKL,Yes,No,No,No internet service,No internet service,No internet service,No internet service,No internet service,No internet service,Partial Protection
6122-LJADA,Yes,Yes,DSL,Yes,Yes,Yes,Yes,Yes,Yes,Full Protection
2400-XIWIO,Yes,Yes,DSL,Yes,Yes,Yes,Yes,Yes,Yes,Full Protection
7524-VRLPL,Yes,Yes,DSL,Yes,No,Yes,Yes,No,Yes,Partial Protection
1069-XAIEM,Yes,Yes,Fiber optic,No,No,No,No,No,Yes,No Protection
7569-NMZYQ,Yes,Yes,Fiber optic,Yes,Yes,Yes,Yes,Yes,Yes,Full Protection
5201-USSQZ,Yes,No,Fiber optic,No,No,No,Yes,No,Yes,Partial Protection
2105-PHWON,Yes,Yes,Fiber optic,No,No,Yes,Yes,No,Yes,Partial Protection
1494-EJZDW,Yes,No,No,No internet service,No internet service,No internet service,No internet service,No internet service,No internet service,Partial Protection
4884-TVUQF,Yes,Yes,Fiber optic,Yes,No,Yes,Yes,No,Yes,Partial Protection
8003-EWNDZ,Yes,No,No,No internet service,No internet service,No internet service,No internet service,No internet service,No internet service,Partial Protection
1897-RCFUM,Yes,Yes,No,No internet service,No internet service,No internet service,No internet service,No internet service,No internet service,Partial Protection
9256-JTBNZ,Yes,No,No,No internet service,No internet service,No internet service,No internet service,No internet service,No internet service,Partial Protection
4658-HCOHW,Yes,No,Fiber optic,No,Yes,Yes,Yes,Yes,Yes,Partial Protection
2211-RMNHO,Yes,Yes,DSL,No,Yes,Yes,Yes,Yes,Yes,Partial Protection
2432-TFSMK,Yes,Yes,Fiber optic,No,No,Yes,No,Yes,No,Partial Protection
3440-JPSCL,Yes,No,Fiber optic,No,No,Yes,Yes,Yes,Yes,Partial Protection
4929-ROART,Yes,Yes,DSL,Yes,No,No,No,No,No,Partial Protection
1834-ABKHQ,Yes,No,DSL,No,No,Yes,No,No,No,Partial Protection
1741-WTPON,Yes,Yes,Fiber optic,Yes,Yes,Yes,Yes,Yes,Yes,Full Protection
3932-IJWDZ,Yes,Yes,Fiber optic,No,No,Yes,Yes,Yes,Yes,Partial Protection
1240-HCBOH,Yes,Yes,No,No internet service,No internet service,No internet service,No internet service,No internet service,No internet service,Partial Protection
3594-KADLU,No,No phone service,DSL,Yes,No,No,Yes,No,No,Partial Protection
8065-BVEPF,Yes,No,Fiber optic,No,Yes,Yes,No,Yes,Yes,Partial Protection
3796-ENZGF,Yes,Yes,DSL,No,Yes,No,Yes,No,Yes,Partial Protection
1734-ZMNTZ,Yes,Yes,No,No internet service,No internet service,No internet service,No internet service,No internet service,No internet service,Partial Protection
2853-CWQFQ,Yes,No,DSL,No,No,No,Yes,No,Yes,Partial Protection
0813-TAXXS,Yes,Yes,DSL,No,No,Yes,No,Yes,Yes,Partial Protection
2519-TWKFS,Yes,Yes,DSL,No,No,No,Yes,No,No,Partial Protection
2889-FPWRM,Yes,Yes,Fiber optic,Yes,Yes,Yes,Yes,Yes,Yes,Full Protection
0626-QXNGV,Yes,Yes,No,No internet service,No internet service,No internet service,No internet service,No internet service,No internet service,Partial Protection
6723-CEGQI,No,No phone service,DSL,No,Yes,No,Yes,Yes,No,Partial Protection
6987-XQSJT,Yes,Yes,Fiber optic,No,Yes,No,No,No,No,Partial Protection
4732-RRJZC,Yes,No,No,No internet service,No internet service,No internet service,No internet service,No internet service,No internet service,Partial Protection
9499-XPZXM,Yes,Yes,DSL,Yes,Yes,No,Yes,No,No,Partial Protection
4338-EYCER,Yes,No,DSL,No,No,No,No,Yes,No,No Protection
3007-FDPEA,Yes,No,No,No internet service,No internet service,No internet service,No internet service,No internet service,No internet service,Partial Protection
6350-XFYGW,Yes,No,Fiber optic,No,No,Yes,No,Yes,Yes,Partial Protection
4290-BSXUX,Yes,Yes,Fiber optic,No,No,No,Yes,No,No,Partial Protection
8513-OLYGY,Yes,Yes,Fiber optic,Yes,Yes,Yes,Yes,Yes,Yes,Full Protection
0311-QYWSS,Yes,No,DSL,Yes,No,No,No,No,No,Partial Protection
8705-DWKTI,Yes,No,Fiber optic,No,No,Yes,No,No,Yes,Partial Protection
8755-IWJHN,Yes,Yes,Fiber optic,No,Yes,Yes,No,No,Yes,Partial Protection
0325-XBFAC,Yes,No,Fiber optic,No,No,Yes,No,Yes,Yes,Partial Protection
4480-QQRHC,Yes,No,Fiber optic,No,No,Yes,No,No,No,Partial Protection
0929-PECLO,Yes,Yes,Fiber optic,No,No,Yes,No,No,Yes,Partial Protection
3680-CTHUH,Yes,Yes,Fiber optic,Yes,Yes,Yes,Yes,Yes,Yes,Full Protection
1202-KKGFU,Yes,No,DSL,Yes,No,No,Yes,No,No,Partial Protection
6112-KTHFQ,Yes,No,No,No internet service,No internet service,No internet service,No internet service,No internet service,No internet service,Partial Protection
1852-XEMDW,Yes,Yes,DSL,Yes,Yes,Yes,No,No,No,Partial Protection
2462-XIIJB,Yes,Yes,Fiber optic,No,No,Yes,No,Yes,No,Partial Protection
4760-XOHVN,Yes,No,No,No internet service,No internet service,No internet service,No internet service,No internet service,No internet service,Partial Protection
1820-DJFPH,Yes,Yes,No,No internet service,No internet service,No internet service,No internet service,No internet service,No internet service,Partial Protection
9426-SXNHE,Yes,No,No,No internet service,No internet service,No internet service,No internet service,No internet service,No internet service,Partial Protection
9068-FHQHD,Yes,No,No,No internet service,No internet service,No internet service,No internet service,No internet service,No internet service,Partial Protection
1269-FOYWN,Yes,No,No,No internet service,No internet service,No internet service,No internet service,No internet service,No internet service,Partial Protection
9470-YFUYI,Yes,No,DSL,Yes,Yes,No,Yes,Yes,No,Partial Protection
7817-BOQPW,Yes,Yes,Fiber optic,No,No,No,No,No,No,No Protection
7402-EYFXX,Yes,Yes,Fiber optic,No,No,No,No,Yes,Yes,No Protection
1853-UDXBW,Yes,No,Fiber optic,No,No,No,No,No,No,No Protection
9895-VFOXH,No,No phone service,DSL,No,No,No,No,No,No,No Protection
5458-CQJTA,Yes,No,DSL,Yes,No,No,Yes,Yes,Yes,Partial Protection
1230-QAJDW,Yes,Yes,DSL,No,No,No,Yes,Yes,No,Partial Protection
5701-ZIKJE,Yes,No,DSL,No,No,No,Yes,No,No,Partial Protection
5219-YIPTK,Yes,Yes,Fiber optic,No,Yes,Yes,No,Yes,Yes,Partial Protection
5032-MIYKT,Yes,No,Fiber optic,No,No,No,No,No,No,No Protection
7396-VJUZB,Yes,No,DSL,No,No,No,No,No,No,No Protection
9717-QEBGU,Yes,No,Fiber optic,No,No,No,No,No,No,No Protection
5172-RKOCB,Yes,Yes,Fiber optic,Yes,Yes,No,Yes,Yes,Yes,Partial Protection
6509-TSGWN,Yes,Yes,No,No internet service,No internet service,No internet service,No internet service,No internet service,No internet service,Partial Protection
3540-RZJYU,Yes,No,Fiber optic,Yes,No,No,No,Yes,No,Partial Protection
3178-CIFOT,Yes,No,No,No internet service,No internet service,No internet service,No internet service,No internet service,No internet service,Partial Protection
2091-MJTFX,No,No phone service,DSL,No,No,No,Yes,Yes,Yes,Partial Protection
4530-NDRKU,Yes,No,No,No internet service,No internet service,No internet service,No internet service,No internet service,No internet service,Partial Protection
5985-TBABQ,Yes,Yes,DSL,Yes,No,No,No,Yes,Yes,Partial Protection
9800-ONTFE,Yes,Yes,Fiber optic,No,No,No,No,No,No,No Protection
6743-HHQPF,No,No phone service,DSL,No,No,No,No,No,No,No Protection
8455-HIRAQ,Yes,No,DSL,No,No,No,No,No,No,No Protection
6616-AALSR,Yes,Yes,Fiber optic,Yes,No,Yes,No,Yes,Yes,Partial Protection
0883-EIBTI,Yes,No,No,No internet service,No internet service,No internet service,No internet service,No internet service,No internet service,Partial Protection
9415-ZNBSX,Yes,Yes,DSL,Yes,Yes,Yes,Yes,Yes,Yes,Full Protection
4018-KJYUY,Yes,No,No,No internet service,No internet service,No internet service,No internet service,No internet service,No internet service,Partial Protection
0722-TROQR,Yes,Yes,Fiber optic,No,No,No,No,No,No,No Protection
7571-YXDAD,Yes,Yes,Fiber optic,No,No,No,No,No,No,No Protection
3884-UEBXB,No,No phone service,DSL,Yes,Yes,No,No,No,No,Partial Protection
8780-RSYYU,Yes,No,No,No internet service,No internet service,No internet service,No internet service,No internet service,No internet service,Partial Protection
5537-UXXVS,Yes,No,No,No internet service,No internet service,No internet service,No internet service,No internet service,No internet service,Partial Protection
1791-PQHBB,Yes,No,DSL,Yes,No,No,No,No,Yes,Partial Protection
8701-DGLVH,Yes,No,No,No internet service,No internet service,No internet service,No internet service,No internet service,No internet service,Partial Protection
8741-LQOBK,No,No phone service,DSL,Yes,Yes,No,No,No,No,Partial Protection
3393-FMZPV,Yes,Yes,Fiber optic,No,Yes,No,No,Yes,Yes,Partial Protection
8082-GHXOP,Yes,No,DSL,No,No,No,No,No,No,No Protection
6402-ZFPPI,Yes,Yes,Fiber optic,Yes,Yes,No,No,Yes,Yes,Partial Protection
0980-FEXWF,Yes,No,DSL,No,No,Yes,No,No,No,Partial Protection
7486-KSRVI,Yes,Yes,Fiber optic,No,No,No,Yes,Yes,Yes,Partial Protection
3011-WQKSZ,Yes,No,No,No internet service,No internet service,No internet service,No internet service,No internet service,No internet service,Partial Protection
8443-WVPSS,Yes,No,Fiber optic,No,Yes,No,Yes,Yes,Yes,Partial Protection
3006-XIMLN,Yes,Yes,Fiber optic,No,No,No,No,Yes,Yes,No Protection
8218-FFJDS,Yes,Yes,DSL,Yes,Yes,No,Yes,Yes,Yes,Partial Protection
1986-PHGZF,Yes,Yes,DSL,Yes,Yes,No,No,No,No,Partial Protection
9965-YOKZB,Yes,Yes,Fiber optic,No,No,No,No,No,Yes,No Protection
0504-HHAPI,Yes,Yes,Fiber optic,No,No,Yes,No,No,Yes,Partial Protection
9360-OMDZZ,Yes,Yes,Fiber optic,No,No,No,No,Yes,Yes,No Protection
6305-YLBMM,Yes,No,Fiber optic,No,Yes,Yes,Yes,Yes,Yes,Partial Protection
0345-XMMUG,Yes,Yes,Fiber optic,No,Yes,Yes,Yes,Yes,Yes,Partial Protection
8024-XNAFQ,Yes,Yes,Fiber optic,Yes,Yes,Yes,Yes,No,Yes,Full Protection
3647-GMGDH,Yes,No,Fiber optic,No,No,Yes,No,Yes,Yes,Partial Protection
2988-GBIVW,Yes,Yes,Fiber optic,Yes,No,No,No,No,Yes,Partial Protection
2832-SCUCO,Yes,No,No,No internet service,No internet service,No internet service,No internet service,No internet service,No internet service,Partial Protection
7036-ZZKBD,Yes,No,DSL,No,No,Yes,Yes,No,Yes,Partial Protection
3791-LGQCY,Yes,Yes,Fiber optic,No,No,Yes,No,Yes,Yes,Partial Protection
0265-PSUAE,Yes,No,Fiber optic,Yes,No,Yes,No,Yes,Yes,Partial Protection
0463-TXOAK,Yes,Yes,No,No internet service,No internet service,No internet service,No internet service,No internet service,No internet service,Partial Protection
0594-UFTUL,Yes,No,No,No internet service,No internet service,No internet service,No internet service,No internet service,No internet service,Partial Protection
9509-MPYOD,Yes,No,No,No internet service,No internet service,No internet service,No internet service,No internet service,No internet service,Partial Protection
9128-CPXKI,Yes,No,Fiber optic,No,No,Yes,No,Yes,Yes,Partial Protection
0129-KPTWJ,Yes,No,Fiber optic,No,No,Yes,No,Yes,Yes,Partial Protection
8166-ZZTFS,Yes,Yes,DSL,No,Yes,Yes,No,Yes,Yes,Partial Protection
5855-EIBDE,Yes,Yes,Fiber optic,Yes,Yes,Yes,Yes,No,Yes,Full Protection
5365-LLFYV,Yes,No,DSL,No,No,No,No,No,No,No Protection
5956-YHHRX,Yes,Yes,Fiber optic,No,Yes,Yes,No,Yes,Yes,Partial Protection
6008-NAIXK,No,No phone service,DSL,No,Yes,Yes,No,Yes,Yes,Partial Protection
2956-GGUCQ,Yes,Yes,Fiber optic,Yes,No,No,No,No,No,Partial Protection
1928-BXYIV,Yes,Yes,DSL,Yes,Yes,No,No,No,No,Partial Protection
5760-FXFVO,Yes,No,Fiber optic,Yes,Yes,No,No,No,No,Partial Protection
6595-COKXZ,Yes,No,DSL,No,No,No,No,No,No,No Protection
0961-ZWLVI,Yes,Yes,Fiber optic,Yes,Yes,Yes,No,Yes,Yes,Partial Protection
5181-OABFK,Yes,No,DSL,Yes,Yes,Yes,No,No,No,Partial Protection
4007-NHVHI,Yes,Yes,Fiber optic,Yes,Yes,No,No,No,Yes,Partial Protection
7816-VGHTO,No,No phone service,DSL,No,Yes,Yes,Yes,No,No,Partial Protection
5871-DGTXZ,Yes,No,No,No internet service,No internet service,No internet service,No internet service,No internet service,No internet service,Partial Protection
7550-WIQVA,Yes,Yes,Fiber optic,Yes,Yes,Yes,No,Yes,Yes,Partial Protection
7544-ZVIKX,Yes,Yes,Fiber optic,No,No,Yes,Yes,Yes,Yes,Partial Protection
0016-QLJIS,Yes,Yes,DSL,Yes,Yes,Yes,Yes,Yes,Yes,Full Protection
7508-DQAKK,Yes,Yes,DSL,Yes,Yes,Yes,Yes,Yes,Yes,Full Protection
5176-OLSKT,Yes,Yes,DSL,Yes,Yes,Yes,No,No,No,Partial Protection
9356-AXGMP,Yes,Yes,Fiber optic,Yes,No,Yes,Yes,Yes,Yes,Partial Protection
3556-BVQGL,Yes,No,No,No internet service,No internet service,No internet service,No internet service,No internet service,No internet service,Partial Protection
0362-ZBZWJ,Yes,Yes,Fiber optic,No,No,No,No,No,Yes,No Protection
8979-CAMGB,Yes,Yes,Fiber optic,No,No,Yes,Yes,Yes,Yes,Partial Protection
4211-MMAZN,Yes,No,No,No internet service,No internet service,No internet service,No internet service,No internet service,No internet service,Partial Protection
7581-EBBOU,Yes,No,DSL,No,Yes,Yes,Yes,Yes,No,Partial Protection
4274-OWWYO,Yes,No,Fiber optic,No,Yes,No,No,No,No,Partial Protection
5073-RZGBK,Yes,Yes,DSL,Yes,Yes,Yes,Yes,No,Yes,Full Protection
1541-ETJZO,Yes,Yes,DSL,No,No,Yes,Yes,No,No,Partial Protection
2192-CKRLV,No,No phone service,DSL,Yes,Yes,Yes,No,No,Yes,Partial Protection
3154-HMWUU,Yes,No,No,No internet service,No internet service,No internet service,No internet service,No internet service,No internet service,Partial Protection
6119-SPUDB,No,No phone service,DSL,Yes,No,Yes,Yes,No,No,Partial Protection
6522-OIQSX,No,No phone service,DSL,No,Yes,Yes,No,Yes,Yes,Partial Protection
7813-ZGGAW,Yes,Yes,Fiber optic,No,No,Yes,Yes,Yes,No,Partial Protection
8748-HFWBO,Yes,No,No,No internet service,No internet service,No internet service,No internet service,No internet service,No internet service,Partial Protection
1052-QJIBV,Yes,No,No,No internet service,No internet service,No internet service,No internet service,No internet service,No internet service,Partial Protection
1319-YLZJG,Yes,No,Fiber optic,Yes,Yes,Yes,No,No,No,Partial Protection
4106-HADHQ,Yes,No,DSL,Yes,No,Yes,Yes,Yes,Yes,Partial Protection
0723-FDLAY,Yes,Yes,DSL,No,Yes,Yes,Yes,Yes,Yes,Partial Protection
3050-RLLXC,Yes,Yes,DSL,Yes,Yes,Yes,Yes,Yes,No,Full Protection
9298-WGMRW,Yes,Yes,Fiber optic,Yes,Yes,Yes,Yes,Yes,Yes,Full Protection
2369-UAPKZ,Yes,Yes,Fiber optic,No,Yes,Yes,No,Yes,Yes,Partial Protection
3088-LHEFH,Yes,Yes,Fiber optic,Yes,No,No,No,No,No,Partial Protection
2778-OCLGR,No,No phone service,DSL,Yes,No,No,No,No,Yes,Partial Protection
6583-KQJLK,Yes,No,Fiber optic,No,Yes,No,No,Yes,Yes,Partial Protection
8544-JNBOX,Yes,No,No,No internet service,No internet service,No internet service,No internet service,No internet service,No internet service,Partial Protection
6681-ZSEXG,Yes,Yes,DSL,No,Yes,Yes,No,No,No,Partial Protection
6139-ZZRBQ,Yes,No,No,No internet service,No internet service,No internet service,No internet service,No internet service,No internet service,Partial Protection
6116-RFVHN,Yes,Yes,Fiber optic,No,No,Yes,No,Yes,Yes,Partial Protection
0637-KVDLV,Yes,Yes,Fiber optic,No,No,No,No,No,No,No Protection
8884-FEEWR,Yes,No,No,No internet service,No internet service,No internet service,No internet service,No internet service,No internet service,Partial Protection
3125-RAHBV,Yes,No,No,No internet service,No internet service,No internet service,No internet service,No internet service,No internet service,Partial Protection
6633-MPWBS,Yes,No,DSL,No,No,No,Yes,No,No,Partial Protection
0373-AIVNJ,No,No phone service,DSL,Yes,Yes,Yes,No,No,No,Partial Protection
8785-EPNCG,Yes,Yes,No,No internet service,No internet service,No internet service,No internet service,No internet service,No internet service,Partial Protection
1682-VCOIO,Yes,No,No,No internet service,No internet service,No internet service,No internet service,No internet service,No internet service,Partial Protection
5729-KLZAR,Yes,No,Fiber optic,No,No,No,No,No,Yes,No Protection
2072-ZVJJX,Yes,Yes,No,No internet service,No internet service,No internet service,No internet service,No internet service,No internet service,Partial Protection
8849-AYPTR,Yes,No,Fiber optic,No,No,No,No,Yes,Yes,No Protection
9518-IMLHK,Yes,No,DSL,Yes,Yes,Yes,Yes,Yes,No,Full Protection
1582-RAFML,Yes,Yes,DSL,No,Yes,No,Yes,No,No,Partial Protection
3646-ITDGM,Yes,No,No,No internet service,No internet service,No internet service,No internet service,No internet service,No internet service,Partial Protection
8740-CRYFY,Yes,No,Fiber optic,No,No,No,No,Yes,No,No Protection
3569-VLDHH,Yes,No,DSL,Yes,Yes,Yes,Yes,Yes,No,Full Protection
8224-KDLKN,Yes,Yes,No,No internet service,No internet service,No internet service,No internet service,No internet service,No internet service,Partial Protection
7594-LZNWR,Yes,No,Fiber optic,No,No,No,No,No,No,No Protection
4001-TSBTV,Yes,No,Fiber optic,No,Yes,Yes,No,Yes,No,Partial Protection
2962-XPMCQ,Yes,No,DSL,No,No,No,No,No,No,No Protection
8727-XDPUD,No,No phone service,DSL,No,No,No,No,Yes,No,No Protection
1043-UXOVO,Yes,Yes,Fiber optic,Yes,Yes,Yes,Yes,Yes,Yes,Full Protection
1064-FBXNK,Yes,No,No,No internet service,No internet service,No internet service,No internet service,No internet service,No internet service,Partial Protection
3996-ZNWYK,Yes,No,No,No internet service,No internet service,No internet service,No internet service,No internet service,No internet service,Partial Protection
2878-DHMIN,Yes,No,No,No internet service,No internet service,No internet service,No internet service,No internet service,No internet service,Partial Protection
7762-ONLJY,Yes,No,No,No internet service,No internet service,No internet service,No internet service,No internet service,No internet service,Partial Protection
1678-FYZOW,Yes,No,Fiber optic,No,No,No,No,Yes,No,No Protection
5795-BKOYE,Yes,No,DSL,No,Yes,Yes,Yes,No,No,Partial Protection
8627-EHGIP,No,No phone service,DSL,No,Yes,Yes,No,Yes,Yes,Partial Protection
7402-PWYJJ,Yes,Yes,Fiber optic,No,No,No,Yes,No,Yes,Partial Protection
5480-TBGPH,Yes,No,Fiber optic,No,Yes,Yes,No,Yes,Yes,Partial Protection
0018-NYROU,Yes,No,Fiber optic,No,No,No,No,No,No,No Protection
7501-VTYLJ,Yes,No,DSL,No,Yes,No,No,No,No,Partial Protection
7608-RGIRO,Yes,Yes,No,No internet service,No internet service,No internet service,No internet service,No internet service,No internet service,Partial Protection
0480-BIXDE,Yes,No,Fiber optic,No,No,Yes,No,Yes,Yes,Partial Protection
5895-QSXOD,Yes,No,Fiber optic,No,No,No,No,No,No,No Protection
9814-AOUDH,Yes,No,No,No internet service,No internet service,No internet service,No internet service,No internet service,No internet service,Partial Protection
6175-IRFIT,Yes,No,Fiber optic,No,No,No,No,No,Yes,No Protection
8760-ZRHKE,Yes,Yes,DSL,Yes,Yes,No,No,Yes,No,Partial Protection
1622-HSHSF,Yes,No,No,No internet service,No internet service,No internet service,No internet service,No internet service,No internet service,Partial Protection
8854-CCVSQ,Yes,Yes,Fiber optic,No,Yes,No,No,No,No,Partial Protection
6749-UTDVX,Yes,Yes,Fiber optic,No,Yes,Yes,No,Yes,Yes,Partial Protection
5542-DHSXL,Yes,No,DSL,Yes,Yes,No,No,No,No,Partial Protection
9102-OXKFY,Yes,Yes,DSL,No,No,Yes,No,No,No,Partial Protection
0511-JTEOY,Yes,No,Fiber optic,No,No,No,No,No,No,No Protection
5216-WASFJ,Yes,Yes,Fiber optic,No,No,No,No,No,Yes,No Protection
7808-DVWEP,Yes,No,No,No internet service,No internet service,No internet service,No internet service,No internet service,No internet service,Partial Protection
7067-KSAZT,Yes,Yes,Fiber optic,No,Yes,Yes,No,Yes,Yes,Partial Protection
2284-VFLKH,Yes,No,Fiber optic,No,No,Yes,Yes,Yes,Yes,Partial Protection
0366-NQSHS,Yes,No,No,No internet service,No internet service,No internet service,No internet service,No internet service,No internet service,Partial Protection
6532-YLWSI,Yes,No,No,No internet service,No internet service,No internet service,No internet service,No internet service,No internet service,Partial Protection
3807-BPOMJ,Yes,No,Fiber optic,Yes,No,No,No,Yes,Yes,Partial Protection
3892-NXAZG,Yes,Yes,Fiber optic,Yes,Yes,Yes,Yes,Yes,Yes,Full Protection
4948-WBBKL,Yes,Yes,Fiber optic,No,No,No,No,No,No,No Protection
4182-BGSIQ,Yes,No,No,No internet service,No internet service,No internet service,No internet service,No internet service,No internet service,Partial Protection
9300-AGZNL,Yes,Yes,Fiber optic,No,No,No,No,Yes,Yes,No Protection
0988-AADSA,Yes,Yes,DSL,Yes,Yes,Yes,Yes,No,Yes,Full Protection
9972-NKTFD,Yes,No,DSL,No,Yes,No,Yes,No,No,Partial Protection
3717-LNXKW,Yes,Yes,Fiber optic,Yes,No,No,No,Yes,No,Partial Protection
5734-EJKXG,Yes,Yes,Fiber optic,Yes,Yes,Yes,Yes,Yes,Yes,Full Protection
2207-RYYRL,Yes,Yes,No,No internet service,No internet service,No internet service,No internet service,No internet service,No internet service,Partial Protection
6729-FZWSY,Yes,No,No,No internet service,No internet service,No internet service,No internet service,No internet service,No internet service,Partial Protection
9695-IDRZR,Yes,Yes,Fiber optic,Yes,Yes,Yes,Yes,Yes,Yes,Full Protection
8144-DGHXP,Yes,No,DSL,Yes,No,Yes,Yes,Yes,Yes,Partial Protection
7814-LEEVE,Yes,No,No,No internet service,No internet service,No internet service,No internet service,No internet service,No internet service,Partial Protection
1112-CUNAO,Yes,Yes,Fiber optic,No,Yes,No,No,No,Yes,Partial Protection
5175-AOBHI,Yes,No,DSL,No,No,No,No,No,No,No Protection
5174-RNGBH,Yes,No,DSL,No,Yes,No,Yes,Yes,No,Partial Protection
8631-WUXGY,Yes,No,Fiber optic,No,Yes,Yes,No,Yes,Yes,Partial Protection
7270-BDIOA,Yes,Yes,Fiber optic,No,No,No,Yes,Yes,No,Partial Protection
9565-JSNFM,Yes,No,Fiber optic,No,No,No,No,No,No,No Protection
5906-DVAPM,Yes,Yes,DSL,Yes,Yes,No,Yes,Yes,No,Partial Protection
6654-QGBZZ,Yes,No,No,No internet service,No internet service,No internet service,No internet service,No internet service,No internet service,Partial Protection
8348-JLBUG,Yes,No,Fiber optic,Yes,No,Yes,No,No,No,Partial Protection
0607-DAAHE,Yes,No,No,No internet service,No internet service,No internet service,No internet service,No internet service,No internet service,Partial Protection
5641-DMBFJ,Yes,Yes,DSL,Yes,No,Yes,Yes,Yes,Yes,Partial Protection
9200-NLNPD,No,No phone service,DSL,No,No,Yes,Yes,Yes,Yes,Partial Protection
2664-XJZNO,Yes,No,Fiber optic,Yes,No,Yes,Yes,Yes,Yes,Partial Protection
9732-KPKBW,Yes,No,DSL,Yes,No,No,Yes,No,No,Partial Protection
3339-EAQNV,Yes,Yes,Fiber optic,No,Yes,No,No,Yes,Yes,Partial Protection
0921-OHLVP,Yes,Yes,Fiber optic,No,No,No,No,No,Yes,No Protection
3389-YGYAI,Yes,Yes,Fiber optic,No,Yes,Yes,No,Yes,Yes,Partial Protection
9560-ARGQJ,Yes,No,Fiber optic,No,No,No,No,Yes,No,No Protection
8350-NYMVI,No,No phone service,DSL,No,Yes,Yes,Yes,No,No,Partial Protection
1600-DILPE,Yes,No,DSL,No,No,No,No,No,No,No Protection
0536-ESJEP,Yes,No,DSL,Yes,Yes,No,No,Yes,Yes,Partial Protection
4654-GGUII,No,No phone service,DSL,Yes,Yes,No,Yes,No,No,Partial Protection
6478-HRRCZ,Yes,No,DSL,Yes,Yes,No,Yes,No,Yes,Partial Protection
8510-BBWMU,Yes,No,No,No internet service,No internet service,No internet service,No internet service,No internet service,No internet service,Partial Protection
6857-TKDJV,Yes,Yes,No,No internet service,No internet service,No internet service,No internet service,No internet service,No internet service,Partial Protection
2360-RDGRO,Yes,Yes,Fiber optic,Yes,No,Yes,No,Yes,Yes,Partial Protection
0584-BJQGZ,Yes,Yes,DSL,Yes,Yes,Yes,Yes,Yes,No,Full Protection
5134-IKDAY,Yes,No,Fiber optic,No,No,No,No,No,No,No Protection
1360-XFJMR,Yes,Yes,Fiber optic,No,Yes,Yes,Yes,Yes,Yes,Partial Protection
3070-DVEYC,Yes,Yes,Fiber optic,No,No,No,No,No,No,No Protection
5730-RIITO,No,No phone service,DSL,Yes,Yes,No,No,No,No,Partial Protection
9058-MJLZC,Yes,No,Fiber optic,Yes,No,No,No,Yes,Yes,Partial Protection
5707-ORNDZ,Yes,Yes,DSL,Yes,No,No,No,No,No,Partial Protection
0902-XKXPN,Yes,No,No,No internet service,No internet service,No internet service,No internet service,No internet service,No internet service,Partial Protection
5177-RVZNU,Yes,No,No,No internet service,No internet service,No internet service,No internet service,No internet service,No internet service,Partial Protection
0056-EPFBG,No,No phone service,DSL,Yes,No,Yes,Yes,No,No,Partial Protection
8993-IZEUX,Yes,No,Fiber optic,No,No,No,No,No,No,No Protection
8696-JKZNU,Yes,Yes,Fiber optic,No,No,No,No,No,No,No Protection
5380-AFSSK,Yes,Yes,Fiber optic,No,No,No,No,Yes,Yes,No Protection
8190-ZTQFB,No,No phone service,DSL,No,No,Yes,No,Yes,Yes,Partial Protection
0931-MHTEM,Yes,No,Fiber optic,Yes,Yes,No,No,Yes,Yes,Partial Protection
2055-PDADH,Yes,No,Fiber optic,No,No,No,No,No,No,No Protection
7515-LODFU,Yes,No,No,No internet service,No internet service,No internet service,No internet service,No internet service,No internet service,Partial Protection
0440-UEDAI,Yes,No,Fiber optic,No,Yes,Yes,Yes,No,Yes,Partial Protection
1337-BOZWO,No,No phone service,DSL,No,Yes,Yes,No,Yes,No,Partial Protection
0868-VJRDR,Yes,No,Fiber optic,Yes,Yes,No,Yes,Yes,Yes,Partial Protection
8714-EUHJO,Yes,Yes,Fiber optic,No,Yes,No,No,No,Yes,Partial Protection
6344-SFJVH,No,No phone service,DSL,No,No,No,No,No,No,No Protection
3950-VPYJB,Yes,No,DSL,Yes,Yes,No,Yes,No,No,Partial Protection
8041-TMEID,Yes,Yes,Fiber optic,Yes,Yes,Yes,No,Yes,Yes,Partial Protection
7321-ZNSLA,No,No phone service,DSL,Yes,Yes,No,Yes,No,No,Partial Protection
6941-KXRRV,Yes,No,DSL,No,Yes,No,No,No,Yes,Partial Protection
3721-CNEYS,Yes,No,Fiber optic,No,No,No,No,No,No,No Protection
8727-JQFHV,Yes,No,No,No internet service,No internet service,No internet service,No internet service,No internet service,No internet service,Partial Protection
9475-NNDGC,Yes,Yes,Fiber optic,No,Yes,Yes,Yes,Yes,Yes,Partial Protection
1355-KUSBG,Yes,Yes,DSL,No,No,No,No,No,No,No Protection
3688-FTHLT,Yes,Yes,DSL,No,No,No,No,No,Yes,No Protection
0899-LIIBW,Yes,Yes,Fiber optic,No,No,Yes,No,Yes,Yes,Partial Protection
2568-OIADY,Yes,Yes,Fiber optic,No,No,Yes,No,Yes,Yes,Partial Protection
1384-RCUXW,Yes,Yes,Fiber optic,No,Yes,No,No,No,No,Partial Protection
5825-XJOCM,Yes,Yes,DSL,Yes,Yes,Yes,No,No,No,Partial Protection
6848-YLDFR,Yes,No,DSL,No,Yes,No,Yes,Yes,Yes,Partial Protection
8125-QPFJD,Yes,Yes,DSL,Yes,No,Yes,Yes,Yes,Yes,Partial Protection
2320-YKQBO,Yes,No,No,No internet service,No internet service,No internet service,No internet service,No internet service,No internet service,Partial Protection
1193-RTSLK,Yes,No,Fiber optic,Yes,Yes,Yes,No,No,No,Partial Protection
2302-ANTDP,Yes,Yes,Fiber optic,Yes,Yes,Yes,Yes,Yes,Yes,Full Protection
5923-GXUOC,Yes,No,Fiber optic,Yes,Yes,Yes,No,Yes,Yes,Partial Protection
4973-RLZVI,Yes,No,DSL,Yes,Yes,Yes,Yes,Yes,No,Full Protection
7869-ZYDST,Yes,Yes,DSL,No,No,No,No,Yes,No,No Protection
4501-UYKBC,Yes,Yes,DSL,No,No,Yes,Yes,No,Yes,Partial Protection
1215-EXRMO,Yes,No,No,No internet service,No internet service,No internet service,No internet service,No internet service,No internet service,Partial Protection
2305-MRGLV,Yes,No,Fiber optic,No,No,No,Yes,No,No,Partial Protection
8404-VIOMB,No,No phone service,DSL,Yes,Yes,Yes,Yes,Yes,Yes,Full Protection
5233-GEEAX,No,No phone service,DSL,No,No,Yes,No,No,No,Partial Protection
2359-KLTEK,Yes,No,Fiber optic,No,No,Yes,No,Yes,Yes,Partial Protection
5304-EFJLP,Yes,Yes,Fiber optic,No,Yes,Yes,Yes,Yes,Yes,Partial Protection
2673-ZALNP,Yes,No,No,No internet service,No internet service,No internet service,No internet service,No internet service,No internet service,Partial Protection
9184-GALIL,Yes,No,No,No internet service,No internet service,No internet service,No internet service,No internet service,No internet service,Partial Protection
4393-RYCRE,Yes,No,Fiber optic,Yes,Yes,Yes,No,Yes,Yes,Partial Protection
9746-MDMBK,Yes,Yes,Fiber optic,Yes,Yes,Yes,Yes,Yes,Yes,Full Protection
3162-ZJZFU,Yes,No,Fiber optic,No,Yes,No,Yes,Yes,No,Partial Protection
8404-GFGCZ,Yes,Yes,DSL,No,No,Yes,No,Yes,No,Partial Protection
8875-AKBYH,Yes,Yes,Fiber optic,No,No,No,No,Yes,No,No Protection
4432-ADRLB,Yes,No,DSL,No,No,No,No,No,No,No Protection
0533-UCAAU,Yes,Yes,DSL,No,Yes,Yes,No,Yes,No,Partial Protection
1394-SUIUH,Yes,No,Fiber optic,Yes,Yes,No,Yes,No,No,Partial Protection
3521-MNKLV,Yes,No,DSL,No,No,Yes,No,No,No,Partial Protection
2533-TIBIX,No,No phone service,DSL,Yes,No,No,No,No,No,Partial Protection
8993-PHFWD,No,No phone service,DSL,No,No,No,No,No,No,No Protection
1565-RHDJD,Yes,Yes,Fiber optic,No,Yes,Yes,No,No,No,Partial Protection
7137-RYLPP,Yes,Yes,Fiber optic,No,No,No,No,Yes,No,No Protection
3765-JXVKY,Yes,No,Fiber optic,No,Yes,No,No,No,No,Partial Protection
5092-STPKP,Yes,No,DSL,Yes,No,No,Yes,No,No,Partial Protection
7330-WZLNC,Yes,Yes,Fiber optic,No,Yes,No,No,Yes,No,Partial Protection
0114-PEGZZ,Yes,Yes,Fiber optic,No,Yes,Yes,No,Yes,Yes,Partial Protection
3359-DSRKA,Yes,No,No,No internet service,No internet service,No internet service,No internet service,No internet service,No internet service,Partial Protection
8639-NHQEI,Yes,Yes,Fiber optic,Yes,Yes,No,No,Yes,No,Partial Protection
7161-DFHUF,Yes,Yes,No,No internet service,No internet service,No internet service,No internet service,No internet service,No internet service,Partial Protection
3957-LXOLK,Yes,Yes,Fiber optic,No,Yes,Yes,No,Yes,Yes,Partial Protection
3720-DBRWL,Yes,No,DSL,Yes,Yes,Yes,Yes,Yes,Yes,Full Protection
6635-MYYYZ,Yes,No,DSL,Yes,Yes,Yes,Yes,Yes,Yes,Full Protection
8565-WUXZU,Yes,No,Fiber optic,Yes,Yes,No,Yes,No,No,Partial Protection
5281-BUZGT,Yes,Yes,Fiber optic,Yes,No,No,No,Yes,No,Partial Protection
4994-OBRSZ,Yes,No,DSL,Yes,Yes,Yes,Yes,No,Yes,Full Protection
0562-FGDCR,Yes,Yes,DSL,Yes,Yes,No,Yes,Yes,No,Partial Protection
2436-QBZFP,No,No phone service,DSL,No,Yes,No,No,Yes,No,Partial Protection
3420-YJLQT,Yes,Yes,Fiber optic,No,Yes,No,No,No,No,Partial Protection
6040-CGACY,Yes,No,No,No internet service,No internet service,No internet service,No internet service,No internet service,No internet service,Partial Protection
6582-PLFUU,Yes,No,No,No internet service,No internet service,No internet service,No internet service,No internet service,No internet service,Partial Protection
8242-PDSGJ,No,No phone service,DSL,Yes,No,Yes,Yes,No,No,Partial Protection
0264-CNITK,Yes,No,No,No internet service,No internet service,No internet service,No internet service,No internet service,No internet service,Partial Protection
0089-IIQKO,Yes,Yes,Fiber optic,No,No,No,Yes,Yes,Yes,Partial Protection
7839-NUIAA,Yes,Yes,DSL,Yes,Yes,No,No,No,No,Partial Protection
6075-QMNRR,Yes,No,DSL,Yes,No,No,No,No,No,Partial Protection
5378-IKEEG,No,No phone service,DSL,No,No,No,No,Yes,No,No Protection
5966-EMAZU,Yes,Yes,Fiber optic,Yes,No,Yes,Yes,Yes,Yes,Partial Protection
0440-EKDCF,Yes,No,DSL,No,Yes,Yes,Yes,No,No,Partial Protection
4774-HHGGS,Yes,No,No,No internet service,No internet service,No internet service,No internet service,No internet service,No internet service,Partial Protection
2718-GAXQD,Yes,No,DSL,No,No,No,No,No,No,No Protection
2055-BFOCC,Yes,No,DSL,Yes,Yes,Yes,Yes,Yes,Yes,Full Protection
8180-AKMJV,Yes,No,DSL,No,No,No,No,No,No,No Protection
4298-OYIFC,Yes,Yes,Fiber optic,No,No,Yes,Yes,Yes,Yes,Partial Protection
5566-SOEZD,Yes,No,Fiber optic,Yes,Yes,No,No,No,No,Partial Protection
9842-EFSYY,No,No phone service,DSL,Yes,Yes,Yes,No,Yes,Yes,Partial Protection
2272-WUSPA,Yes,Yes,Fiber optic,Yes,Yes,Yes,No,Yes,Yes,Partial Protection
4584-LBNMK,Yes,Yes,No,No internet service,No internet service,No internet service,No internet service,No internet service,No internet service,Partial Protection
3898-GUYTS,Yes,Yes,Fiber optic,Yes,Yes,No,Yes,Yes,No,Partial Protection
0930-EHUZA,Yes,No,DSL,Yes,Yes,Yes,Yes,Yes,No,Full Protection
6413-XKKPU,Yes,No,Fiber optic,Yes,No,Yes,No,Yes,No,Partial Protection
9975-SKRNR,Yes,No,No,No internet service,No internet service,No internet service,No internet service,No internet service,No internet service,Partial Protection
3703-KBKZP,Yes,Yes,Fiber optic,No,No,No,No,No,No,No Protection
1449-XQEMT,Yes,No,No,No internet service,No internet service,No internet service,No internet service,No internet service,No internet service,Partial Protection
2626-URJFX,Yes,Yes,DSL,No,No,No,No,No,No,No Protection
4973-MGTON,Yes,No,DSL,Yes,Yes,Yes,Yes,Yes,Yes,Full Protection
3682-YEUWS,Yes,Yes,No,No internet service,No internet service,No internet service,No internet service,No internet service,No internet service,Partial Protection
1223-UNPKS,Yes,No,No,No internet service,No internet service,No internet service,No internet service,No internet service,No internet service,Partial Protection
2612-RRIDN,Yes,No,Fiber optic,No,No,No,No,Yes,No,No Protection
4735-ASGMA,Yes,Yes,Fiber optic,No,No,Yes,No,Yes,Yes,Partial Protection
3446-QDSZF,Yes,No,DSL,No,No,No,No,Yes,No,No Protection
3669-LVWZB,No,No phone service,DSL,No,Yes,No,No,Yes,Yes,Partial Protection
6892-EZDTG,Yes,Yes,Fiber optic,No,Yes,No,No,Yes,No,Partial Protection
5117-IFGPS,Yes,Yes,Fiber optic,No,No,No,No,No,Yes,No Protection
7379-FNIUJ,Yes,No,Fiber optic,Yes,Yes,No,No,Yes,Yes,Partial Protection
1627-AFWVJ,Yes,No,No,No internet service,No internet service,No internet service,No internet service,No internet service,No internet service,Partial Protection
9725-SCPZG,Yes,No,Fiber optic,No,No,No,No,Yes,Yes,No Protection
5884-GCYMI,Yes,No,Fiber optic,No,No,No,No,No,No,No Protection
3217-FZDMN,Yes,No,Fiber optic,No,No,Yes,No,Yes,Yes,Partial Protection
4486-EFAEB,Yes,No,No,No internet service,No internet service,No internet service,No internet service,No internet service,No internet service,Partial Protection
0060-FUALY,Yes,Yes,Fiber optic,Yes,Yes,No,No,Yes,No,Partial Protection
7853-GVUDZ,Yes,No,No,No internet service,No internet service,No internet service,No internet service,No internet service,No internet service,Partial Protection
7480-QNVZJ,Yes,Yes,Fiber optic,No,No,No,No,Yes,Yes,No Protection
6954-OOYZZ,Yes,No,DSL,No,No,No,No,No,No,No Protection
7088-FBAWU,Yes,No,DSL,Yes,Yes,No,No,Yes,Yes,Partial Protection
8313-AFGBW,Yes,No,DSL,No,Yes,Yes,No,Yes,Yes,Partial Protection
3943-KDREE,Yes,Yes,Fiber optic,No,No,No,No,No,No,No Protection
9239-ZBZZV,No,No phone service,DSL,No,No,Yes,No,Yes,Yes,Partial Protection
3097-IDVPU,Yes,Yes,DSL,No,No,No,No,No,No,No Protection
4398-HSCJH,Yes,Yes,DSL,No,No,No,Yes,Yes,No,Partial Protection
2197-OMWGI,No,No phone service,DSL,No,Yes,Yes,No,Yes,Yes,Partial Protection
2303-PJYHN,Yes,No,No,No internet service,No internet service,No internet service,No internet service,No internet service,No internet service,Partial Protection
9795-VOWON,No,No phone service,DSL,No,No,No,No,No,No,No Protection
1237-WIYYZ,Yes,No,No,No internet service,No internet service,No internet service,No internet service,No internet service,No internet service,Partial Protection
1987-AUELQ,Yes,Yes,No,No internet service,No internet service,No internet service,No internet service,No internet service,No internet service,Partial Protection
7852-LECYP,Yes,Yes,Fiber optic,Yes,Yes,No,No,No,Yes,Partial Protection
4430-UZIPO,No,No phone service,DSL,No,Yes,No,Yes,No,No,Partial Protection
4822-LPTYJ,Yes,Yes,Fiber optic,No,Yes,Yes,No,Yes,Yes,Partial Protection
8165-CBKXO,No,No phone service,DSL,No,Yes,Yes,No,Yes,Yes,Partial Protection
6527-PZFPV,Yes,No,No,No internet service,No internet service,No internet service,No internet service,No internet service,No internet service,Partial Protection
4855-SNKMY,Yes,No,DSL,No,No,No,No,No,No,No Protection
9593-CVZKR,Yes,Yes,No,No internet service,No internet service,No internet service,No internet service,No internet service,No internet service,Partial Protection
8595-SIZNC,Yes,Yes,No,No internet service,No internet service,No internet service,No internet service,No internet service,No internet service,Partial Protection
8008-HAWED,No,No phone service,DSL,No,No,Yes,No,Yes,Yes,Partial Protection
7124-UGSUR,Yes,Yes,Fiber optic,No,Yes,Yes,No,Yes,Yes,Partial Protection
1862-SKORY,No,No phone service,DSL,No,Yes,No,No,Yes,No,Partial Protection
5236-XMZJY,Yes,No,DSL,Yes,Yes,Yes,No,No,No,Partial Protection
4827-DPADN,Yes,Yes,DSL,Yes,No,Yes,Yes,Yes,Yes,Partial Protection
2694-CIUMO,Yes,Yes,Fiber optic,No,No,No,Yes,No,No,Partial Protection
5846-ABOBJ,Yes,Yes,No,No internet service,No internet service,No internet service,No internet service,No internet service,No internet service,Partial Protection
1439-LCGVL,Yes,No,No,No internet service,No internet service,No internet service,No internet service,No internet service,No internet service,Partial Protection
0909-SDHNU,No,No phone service,DSL,Yes,No,No,No,No,No,Partial Protection
4647-XXZAM,Yes,No,DSL,No,No,No,No,No,No,No Protection
1502-XFCVR,Yes,No,Fiber optic,Yes,Yes,Yes,No,Yes,Yes,Partial Protection
7740-KKCXF,No,No phone service,DSL,No,Yes,No,No,No,No,Partial Protection
5360-XGYAZ,No,No phone service,DSL,Yes,Yes,Yes,Yes,Yes,Yes,Full Protection
9692-TUSXH,Yes,No,Fiber optic,Yes,No,No,No,Yes,Yes,Partial Protection
7912-SYRQT,Yes,Yes,Fiber optic,No,No,No,No,No,No,No Protection
3557-HTYWR,Yes,Yes,DSL,Yes,Yes,No,Yes,No,Yes,Partial Protection
4816-JBHOV,Yes,No,DSL,No,No,No,No,No,No,No Protection
8920-NAVAY,Yes,Yes,Fiber optic,No,Yes,Yes,Yes,Yes,Yes,Partial Protection
1699-TLDLZ,Yes,No,No,No internet service,No internet service,No internet service,No internet service,No internet service,No internet service,Partial Protection
5600-PDUJF,Yes,No,DSL,No,No,No,Yes,No,No,Partial Protection
8292-TYSPY,Yes,No,DSL,No,No,Yes,Yes,No,No,Partial Protection
0567-XRHCU,No,No phone service,DSL,Yes,No,Yes,No,No,Yes,Partial Protection
1867-BDVFH,Yes,Yes,Fiber optic,No,No,No,No,No,No,No Protection
2067-QYTCF,Yes,Yes,Fiber optic,No,Yes,Yes,Yes,Yes,Yes,Partial Protection
2359-QWQUL,Yes,No,Fiber optic,Yes,No,Yes,Yes,Yes,Yes,Partial Protection
9103-TCIHJ,Yes,Yes,DSL,Yes,No,No,No,No,No,Partial Protection
7407-SUJIZ,Yes,No,No,No internet service,No internet service,No internet service,No internet service,No internet service,No internet service,Partial Protection
9150-KPBJQ,Yes,No,No,No internet service,No internet service,No internet service,No internet service,No internet service,No internet service,Partial Protection
0052-DCKON,Yes,Yes,Fiber optic,Yes,Yes,Yes,Yes,Yes,Yes,Full Protection
3654-ARMGP,Yes,Yes,DSL,No,Yes,Yes,Yes,Yes,Yes,Partial Protection
9699-UBQFS,Yes,Yes,Fiber optic,Yes,Yes,No,No,Yes,No,Partial Protection
9367-TCUYN,Yes,No,No,No internet service,No internet service,No internet service,No internet service,No internet service,No internet service,Partial Protection
1261-FWTTE,No,No phone service,DSL,No,No,No,No,No,Yes,No Protection
3528-HFRIQ,No,No phone service,DSL,No,Yes,Yes,No,Yes,Yes,Partial Protection
0708-SJDIS,Yes,Yes,DSL,No,No,No,Yes,Yes,No,Partial Protection
4140-WJAWW,Yes,No,No,No internet service,No internet service,No internet service,No internet service,No internet service,No internet service,Partial Protection
2073-QBVBI,No,No phone service,DSL,No,Yes,No,Yes,No,No,Partial Protection
6928-ONTRW,Yes,No,No,No internet service,No internet service,No internet service,No internet service,No internet service,No internet service,Partial Protection
3320-VEOYC,Yes,Yes,Fiber optic,No,No,No,No,Yes,Yes,No Protection
5231-FIQPA,Yes,No,No,No internet service,No internet service,No internet service,No internet service,No internet service,No internet service,Partial Protection
6617-WLBQC,Yes,Yes,Fiber optic,Yes,No,No,No,No,No,Partial Protection
2599-CIPQE,Yes,No,Fiber optic,Yes,Yes,Yes,Yes,Yes,Yes,Full Protection
6653-CBBOM,Yes,No,Fiber optic,No,No,No,No,No,No,No Protection
8774-GSBUN,Yes,Yes,No,No internet service,No internet service,No internet service,No internet service,No internet service,No internet service,Partial Protection
7326-RIGQZ,Yes,No,Fiber optic,No,No,No,No,No,No,No Protection
1401-FTHFQ,Yes,No,No,No internet service,No internet service,No internet service,No internet service,No internet service,No internet service,Partial Protection
3247-ZVOUO,Yes,Yes,Fiber optic,No,No,No,No,No,Yes,No Protection
0254-FNMCI,Yes,No,Fiber optic,Yes,Yes,Yes,Yes,Yes,Yes,Full Protection
1848-LBZHY,Yes,No,DSL,Yes,No,No,No,No,No,Partial Protection
6101-IMRMM,Yes,No,Fiber optic,No,No,Yes,No,Yes,Yes,Partial Protection
8118-TJAFG,Yes,No,Fiber optic,No,Yes,No,Yes,Yes,Yes,Partial Protection
5429-LWCMV,Yes,Yes,Fiber optic,No,Yes,No,No,No,Yes,Partial Protection
7298-IZWLY,Yes,No,No,No internet service,No internet service,No internet service,No internet service,No internet service,No internet service,Partial Protection
9758-MFWGD,No,No phone service,DSL,No,Yes,No,No,No,No,Partial Protection
3955-JBZZM,Yes,No,Fiber optic,No,No,No,No,Yes,No,No Protection
1268-ASBGA,Yes,Yes,Fiber optic,No,No,No,No,No,Yes,No Protection
8943-URTMR,Yes,No,Fiber optic,No,No,No,No,Yes,No,No Protection
4815-TUMEQ,Yes,No,No,No internet service,No internet service,No internet service,No internet service,No internet service,No internet service,Partial Protection
4713-LZDRV,Yes,No,Fiber optic,No,No,No,No,No,Yes,No Protection
9909-IDLEK,Yes,Yes,Fiber optic,No,Yes,No,Yes,Yes,No,Partial Protection
4092-OFQZS,Yes,No,No,No internet service,No internet service,No internet service,No internet service,No internet service,No internet service,Partial Protection
1561-BWHIN,Yes,No,No,No internet service,No internet service,No internet service,No internet service,No internet service,No internet service,Partial Protection
4325-NFSKC,Yes,Yes,Fiber optic,Yes,No,No,No,Yes,No,Partial Protection
9927-DSWDF,Yes,No,Fiber optic,Yes,Yes,No,Yes,Yes,Yes,Partial Protection
9500-LTVBP,Yes,Yes,Fiber optic,No,No,No,Yes,No,No,Partial Protection
7252-NTGSS,Yes,No,DSL,No,No,No,No,No,No,No Protection
8149-AIQCG,Yes,Yes,Fiber optic,No,No,No,No,No,No,No Protection
1360-JYXKQ,Yes,No,Fiber optic,No,No,Yes,Yes,Yes,Yes,Partial Protection
2955-PSXOE,Yes,No,No,No internet service,No internet service,No internet service,No internet service,No internet service,No internet service,Partial Protection
7762-URZQH,Yes,Yes,Fiber optic,Yes,No,Yes,No,Yes,Yes,Partial Protection
0899-WZRSD,Yes,Yes,Fiber optic,Yes,No,No,Yes,Yes,Yes,Partial Protection
3255-GRXMG,Yes,No,DSL,No,No,No,No,No,No,No Protection
4828-FAZPK,Yes,Yes,Fiber optic,No,Yes,No,No,No,No,Partial Protection
6094-ZIVKX,Yes,No,DSL,Yes,No,Yes,No,No,No,Partial Protection
6925-BAYGL,Yes,Yes,No,No internet service,No internet service,No internet service,No internet service,No internet service,No internet service,Partial Protection
3262-EIDHV,Yes,Yes,DSL,Yes,No,Yes,Yes,Yes,Yes,Partial Protection
7354-OIJLX,Yes,Yes,Fiber optic,No,No,No,No,No,No,No Protection
1376-HHBDV,Yes,No,DSL,Yes,No,No,No,No,No,Partial Protection
6907-NZZIJ,Yes,Yes,Fiber optic,No,Yes,No,No,Yes,Yes,Partial Protection
6133-OZILE,No,No phone service,DSL,No,No,Yes,Yes,No,No,Partial Protection
4135-FRWKJ,Yes,Yes,DSL,Yes,No,Yes,Yes,Yes,No,Partial Protection
2911-UREFD,No,No phone service,DSL,Yes,No,Yes,No,Yes,Yes,Partial Protection
3744-ZRRDZ,Yes,Yes,Fiber optic,No,Yes,No,No,No,No,Partial Protection
5673-TIYIB,No,No phone service,DSL,No,Yes,Yes,Yes,No,No,Partial Protection
6551-ZCOTS,Yes,Yes,No,No internet service,No internet service,No internet service,No internet service,No internet service,No internet service,Partial Protection
7191-ADRGF,No,No phone service,DSL,No,Yes,Yes,No,Yes,Yes,Partial Protection
5018-LXQQG,Yes,No,DSL,Yes,No,No,Yes,No,Yes,Partial Protection
6892-BOGQE,Yes,No,No,No internet service,No internet service,No internet service,No internet service,No internet service,No internet service,Partial Protection
1602-IJQQE,Yes,Yes,Fiber optic,No,No,No,No,No,No,No Protection
4628-WQCQQ,Yes,No,Fiber optic,No,No,Yes,No,Yes,No,Partial Protection
1746-TGTWV,Yes,No,Fiber optic,No,No,Yes,No,No,No,Partial Protection
5995-SNNEW,Yes,Yes,Fiber optic,No,Yes,Yes,No,Yes,Yes,Partial Protection
8050-WYBND,No,No phone service,DSL,No,No,Yes,No,Yes,Yes,Partial Protection
2821-WARNZ,Yes,No,No,No internet service,No internet service,No internet service,No internet service,No internet service,No internet service,Partial Protection
4879-GZLFH,Yes,No,Fiber optic,No,No,Yes,No,Yes,Yes,Partial Protection
1644-IRKSF,Yes,No,Fiber optic,No,No,Yes,No,Yes,Yes,Partial Protection
8314-HTWVE,Yes,No,No,No internet service,No internet service,No internet service,No internet service,No internet service,No internet service,Partial Protection
9402-ROUMJ,Yes,Yes,Fiber optic,Yes,No,Yes,Yes,No,Yes,Partial Protection
2507-QZPQS,Yes,Yes,Fiber optic,No,Yes,No,Yes,No,Yes,Partial Protection
7159-NOKYQ,Yes,Yes,Fiber optic,No,Yes,Yes,No,No,Yes,Partial Protection
5707-ZMDJP,Yes,No,DSL,Yes,Yes,No,Yes,Yes,No,Partial Protection
8779-YIQQA,Yes,No,No,No internet service,No internet service,No internet service,No internet service,No internet service,No internet service,Partial Protection
7136-IHZJA,Yes,No,DSL,Yes,Yes,No,Yes,No,Yes,Partial Protection
8966-OIQHG,Yes,No,No,No internet service,No internet service,No internet service,No internet service,No internet service,No internet service,Partial Protection
7074-STDCN,No,No phone service,DSL,No,No,No,Yes,No,Yes,Partial Protection
3705-PSNGL,Yes,No,No,No internet service,No internet service,No internet service,No internet service,No internet service,No internet service,Partial Protection
8739-QOTTN,Yes,No,No,No internet service,No internet service,No internet service,No internet service,No internet service,No internet service,Partial Protection
1399-OUPJN,Yes,No,No,No internet service,No internet service,No internet service,No internet service,No internet service,No internet service,Partial Protection
0277-BKSQP,Yes,No,DSL,No,No,No,No,Yes,No,No Protection
6502-HCJTI,Yes,Yes,Fiber optic,Yes,Yes,No,No,No,Yes,Partial Protection
2606-RMDHZ,No,No phone service,DSL,No,Yes,No,No,No,No,Partial Protection
5774-XZTQC,Yes,No,No,No internet service,No internet service,No internet service,No internet service,No internet service,No internet service,Partial Protection
2676-SSLTO,Yes,Yes,DSL,No,No,No,Yes,Yes,No,Partial Protection
6266-QHOJZ,Yes,Yes,Fiber optic,Yes,Yes,No,Yes,No,No,Partial Protection
7269-JISCY,Yes,No,DSL,No,No,No,No,No,No,No Protection
0363-SVHYR,Yes,Yes,DSL,Yes,Yes,Yes,Yes,Yes,Yes,Full Protection
8547-NSBBO,Yes,Yes,Fiber optic,Yes,Yes,Yes,Yes,No,No,Full Protection
8258-GSTJK,Yes,Yes,Fiber optic,No,No,No,No,No,No,No Protection
6861-OKBCE,Yes,No,No,No internet service,No internet service,No internet service,No internet service,No internet service,No internet service,Partial Protection
9940-RHLFB,Yes,No,Fiber optic,No,No,Yes,No,No,No,Partial Protection
6591-QGOYB,Yes,Yes,Fiber optic,Yes,Yes,Yes,Yes,Yes,No,Full Protection
9070-BCKQP,Yes,Yes,Fiber optic,Yes,No,Yes,Yes,Yes,Yes,Partial Protection
6421-SZVEM,Yes,No,Fiber optic,Yes,No,No,No,No,Yes,Partial Protection
1328-EUZHC,Yes,No,No,No internet service,No internet service,No internet service,No internet service,No internet service,No internet service,Partial Protection
2995-UPRYS,Yes,No,Fiber optic,No,Yes,No,Yes,Yes,Yes,Partial Protection
8878-RYUKI,Yes,No,DSL,No,No,Yes,No,No,Yes,Partial Protection
9633-DENPU,Yes,No,DSL,No,Yes,No,No,Yes,No,Partial Protection
7811-JIVPF,Yes,No,DSL,No,No,Yes,No,No,No,Partial Protection
7113-HIPFI,Yes,No,DSL,Yes,Yes,Yes,Yes,No,No,Full Protection
8541-QVFKM,Yes,Yes,Fiber optic,No,No,No,No,No,No,No Protection
6686-YPGHK,Yes,No,Fiber optic,Yes,No,No,No,No,Yes,Partial Protection
1383-EZRWL,Yes,No,No,No internet service,No internet service,No internet service,No internet service,No internet service,No internet service,Partial Protection
9258-CNWAC,Yes,Yes,Fiber optic,Yes,Yes,Yes,Yes,Yes,Yes,Full Protection
5371-VYLSX,Yes,Yes,Fiber optic,Yes,Yes,No,No,No,No,Partial Protection
6374-AFWOX,Yes,No,DSL,Yes,Yes,Yes,Yes,No,No,Full Protection
4759-TRPLW,Yes,No,Fiber optic,No,No,No,No,No,No,No Protection
5317-FLPJF,No,No phone service,DSL,Yes,No,Yes,Yes,Yes,Yes,Partial Protection
7621-VPNET,Yes,Yes,Fiber optic,No,No,Yes,Yes,No,No,Partial Protection
6034-YMTOB,Yes,No,Fiber optic,No,No,No,Yes,No,No,Partial Protection
8563-IIOXK,Yes,No,DSL,Yes,No,No,No,No,No,Partial Protection
4903-CNOZC,Yes,Yes,DSL,No,Yes,Yes,No,No,Yes,Partial Protection
4353-HYOJD,Yes,No,DSL,No,Yes,No,No,No,No,Partial Protection
8020-BWHYL,Yes,No,Fiber optic,No,Yes,No,No,No,No,Partial Protection
7267-FRMJW,Yes,No,No,No internet service,No internet service,No internet service,No internet service,No internet service,No internet service,Partial Protection
2982-VPSGI,Yes,Yes,Fiber optic,No,No,No,No,Yes,Yes,No Protection
4188-FRABG,Yes,Yes,Fiber optic,Yes,Yes,Yes,Yes,Yes,No,Full Protection
8199-ZLLSA,Yes,Yes,Fiber optic,Yes,Yes,Yes,Yes,Yes,Yes,Full Protection
4128-ETESU,Yes,Yes,Fiber optic,No,No,Yes,No,Yes,Yes,Partial Protection
0620-DLSLK,Yes,No,Fiber optic,No,No,No,No,Yes,No,No Protection
4625-EWPTF,No,No phone service,DSL,Yes,No,No,No,No,No,Partial Protection
5980-NOPLP,Yes,Yes,Fiber optic,No,No,No,No,Yes,Yes,No Protection
3850-OKINF,Yes,Yes,DSL,Yes,No,No,No,Yes,No,Partial Protection
6892-XPFPU,Yes,Yes,Fiber optic,No,Yes,Yes,No,Yes,Yes,Partial Protection
8010-EZLOU,Yes,Yes,Fiber optic,No,Yes,No,No,No,No,Partial Protection
1156-ZFYDO,Yes,No,No,No internet service,No internet service,No internet service,No internet service,No internet service,No internet service,Partial Protection
3295-YVUSR,Yes,Yes,Fiber optic,No,No,No,No,No,No,No Protection
8016-NCFVO,Yes,Yes,Fiber optic,Yes,Yes,Yes,Yes,Yes,Yes,Full Protection
4119-ZYPZY,Yes,Yes,Fiber optic,No,Yes,No,Yes,Yes,Yes,Partial Protection
5549-ZGHFB,Yes,Yes,No,No internet service,No internet service,No internet service,No internet service,No internet service,No internet service,Partial Protection
7577-SWIFR,Yes,No,Fiber optic,No,No,No,No,Yes,Yes,No Protection
0303-WMMRN,Yes,No,No,No internet service,No internet service,No internet service,No internet service,No internet service,No internet service,Partial Protection
6408-OTUBZ,Yes,Yes,Fiber optic,Yes,Yes,Yes,Yes,Yes,No,Full Protection
5204-HMGYF,Yes,No,DSL,Yes,Yes,Yes,Yes,Yes,Yes,Full Protection
1078-TDCRN,No,No phone service,DSL,No,Yes,No,No,No,No,Partial Protection
3727-OVPRY,Yes,Yes,No,No internet service,No internet service,No internet service,No internet service,No internet service,No internet service,Partial Protection
3797-FKOGQ,Yes,Yes,Fiber optic,No,No,No,No,No,Yes,No Protection
7622-NXQZR,No,No phone service,DSL,No,No,No,Yes,No,No,Partial Protection
6196-HBOBZ,Yes,Yes,Fiber optic,Yes,Yes,Yes,No,Yes,No,Partial Protection
3970-XGJDU,Yes,No,No,No internet service,No internet service,No internet service,No internet service,No internet service,No internet service,Partial Protection
7017-VFULY,Yes,No,No,No internet service,No internet service,No internet service,No internet service,No internet service,No internet service,Partial Protection
5562-YJQGT,Yes,No,No,No internet service,No internet service,No internet service,No internet service,No internet service,No internet service,Partial Protection
8807-OPMBM,Yes,Yes,No,No internet service,No internet service,No internet service,No internet service,No internet service,No internet service,Partial Protection
5439-WIKXB,Yes,No,Fiber optic,No,Yes,No,No,Yes,Yes,Partial Protection
9874-QLCLH,Yes,Yes,Fiber optic,Yes,No,Yes,No,Yes,Yes,Partial Protection
8294-UIMBA,Yes,No,Fiber optic,No,No,No,Yes,Yes,Yes,Partial Protection
8109-YUOHE,Yes,No,DSL,Yes,Yes,No,No,No,No,Partial Protection
5840-NVDCG,Yes,No,DSL,Yes,Yes,No,Yes,No,Yes,Partial Protection
8092-NLTGF,Yes,Yes,No,No internet service,No internet service,No internet service,No internet service,No internet service,No internet service,Partial Protection
5928-QLDHB,Yes,Yes,Fiber optic,No,No,No,No,No,No,No Protection
9840-EFJQB,Yes,No,Fiber optic,No,Yes,No,No,No,No,Partial Protection
0696-UKTOX,Yes,No,DSL,No,Yes,No,Yes,No,No,Partial Protection
4801-KFYKL,Yes,No,No,No internet service,No internet service,No internet service,No internet service,No internet service,No internet service,Partial Protection
3472-OAOOR,No,No phone service,DSL,Yes,Yes,No,No,No,No,Partial Protection
6135-OZQVA,Yes,Yes,DSL,Yes,No,No,No,No,No,Partial Protection
8062-YBDOE,Yes,No,Fiber optic,No,No,No,No,No,No,No Protection
2252-JHJGE,Yes,Yes,Fiber optic,Yes,No,Yes,No,Yes,Yes,Partial Protection
4188-PCPIG,Yes,No,DSL,Yes,Yes,No,Yes,Yes,No,Partial Protection
6000-APYLU,Yes,No,Fiber optic,No,No,No,No,No,Yes,No Protection
7105-BENQF,Yes,No,DSL,Yes,No,Yes,No,No,Yes,Partial Protection
7721-DVEKZ,Yes,No,No,No internet service,No internet service,No internet service,No internet service,No internet service,No internet service,Partial Protection
3566-VVORZ,Yes,No,DSL,No,No,No,No,No,No,No Protection
9507-HSMMZ,Yes,No,No,No internet service,No internet service,No internet service,No internet service,No internet service,No internet service,Partial Protection
2480-SQIOB,Yes,No,DSL,No,No,No,No,No,No,No Protection
0947-IDHRQ,Yes,No,Fiber optic,No,No,No,No,Yes,No,No Protection
7813-TKCVO,Yes,No,No,No internet service,No internet service,No internet service,No internet service,No internet service,No internet service,Partial Protection
0128-MKWSG,No,No phone service,DSL,Yes,No,No,Yes,No,Yes,Partial Protection
3672-YITQD,Yes,Yes,Fiber optic,No,No,No,No,No,Yes,No Protection
4350-ZTLPI,Yes,Yes,Fiber optic,No,Yes,Yes,Yes,Yes,Yes,Partial Protection
9048-JVYVF,Yes,No,DSL,No,No,No,Yes,Yes,Yes,Partial Protection
0361-HJRDX,No,No phone service,DSL,Yes,Yes,Yes,Yes,Yes,Yes,Full Protection
5727-MYATE,Yes,Yes,DSL,Yes,Yes,Yes,Yes,Yes,Yes,Full Protection
3823-KYNQY,Yes,Yes,No,No internet service,No internet service,No internet service,No internet service,No internet service,No internet service,Partial Protection
8988-ECPJR,Yes,Yes,Fiber optic,No,Yes,No,No,No,No,Partial Protection
7570-WELNY,Yes,Yes,Fiber optic,Yes,Yes,No,No,No,No,Partial Protection
3021-VLNRJ,Yes,No,DSL,Yes,No,Yes,Yes,Yes,No,Partial Protection
3776-EKTKM,No,No phone service,DSL,No,No,No,No,Yes,No,No Protection
2080-CAZNM,Yes,Yes,Fiber optic,No,Yes,Yes,No,Yes,Yes,Partial Protection
1028-FFNJK,Yes,Yes,Fiber optic,No,No,No,Yes,Yes,Yes,Partial Protection
6907-FLBER,Yes,Yes,DSL,No,Yes,No,No,No,No,Partial Protection
3001-UNBTL,Yes,Yes,Fiber optic,No,No,Yes,No,Yes,Yes,Partial Protection
5982-PSMKW,Yes,Yes,DSL,Yes,Yes,Yes,Yes,Yes,Yes,Full Protection
3507-GASNP,Yes,No,No,No internet service,No internet service,No internet service,No internet service,No internet service,No internet service,Partial Protection
7096-ZNBZI,Yes,Yes,No,No internet service,No internet service,No internet service,No internet service,No internet service,No internet service,Partial Protection
1902-XBTFB,Yes,No,Fiber optic,No,Yes,Yes,No,Yes,No,Partial Protection
1676-MQAOA,Yes,No,DSL,Yes,Yes,Yes,Yes,Yes,No,Full Protection
0786-IVLAW,Yes,Yes,Fiber optic,No,Yes,Yes,No,Yes,Yes,Partial Protection
7566-DSRLQ,Yes,Yes,Fiber optic,No,Yes,Yes,Yes,Yes,Yes,Partial Protection
0643-OKLRP,Yes,Yes,Fiber optic,Yes,No,No,No,No,No,Partial Protection
7245-JMTTQ,Yes,Yes,Fiber optic,No,Yes,Yes,Yes,Yes,Yes,Partial Protection
6050-IJRHS,Yes,Yes,Fiber optic,No,Yes,Yes,No,Yes,Yes,Partial Protection
6202-JVYEU,Yes,No,No,No internet service,No internet service,No internet service,No internet service,No internet service,No internet service,Partial Protection
8591-TKMZH,Yes,Yes,Fiber optic,Yes,Yes,No,Yes,Yes,Yes,Partial Protection
0734-OXWBT,Yes,No,DSL,No,No,No,Yes,Yes,Yes,Partial Protection
4282-ACRXS,No,No phone service,DSL,No,No,No,No,No,No,No Protection
0365-TRTPY,Yes,Yes,Fiber optic,Yes,Yes,Yes,No,No,No,Partial Protection
7349-ALMUX,Yes,No,DSL,Yes,Yes,Yes,Yes,No,No,Full Protection
9381-NDKME,No,No phone service,DSL,No,No,Yes,No,No,Yes,Partial Protection
6502-KUGLL,Yes,No,DSL,Yes,Yes,No,Yes,No,No,Partial Protection
1841-YSJGV,Yes,Yes,Fiber optic,Yes,Yes,No,Yes,Yes,Yes,Partial Protection
2794-XIMMO,No,No phone service,DSL,No,Yes,Yes,Yes,Yes,Yes,Partial Protection
8382-SHQEH,Yes,Yes,Fiber optic,No,No,No,No,No,Yes,No Protection
3511-BFTJW,No,No phone service,DSL,Yes,Yes,Yes,No,No,No,Partial Protection
7668-XCFYV,Yes,Yes,Fiber optic,No,No,No,No,Yes,Yes,No Protection
2983-ZANRP,Yes,No,Fiber optic,No,Yes,No,No,No,No,Partial Protection
7845-URHJN,Yes,No,No,No internet service,No internet service,No internet service,No internet service,No internet service,No internet service,Partial Protection
3034-ZBEQN,No,No phone service,DSL,No,Yes,Yes,No,No,No,Partial Protection
5018-HEKFO,Yes,Yes,No,No internet service,No internet service,No internet service,No internet service,No internet service,No internet service,Partial Protection
2923-ARZLG,Yes,No,No,No internet service,No internet service,No internet service,No internet service,No internet service,No internet service,Partial Protection
3976-NLDEZ,Yes,No,No,No internet service,No internet service,No internet service,No internet service,No internet service,No internet service,Partial Protection
2282-YGNOR,Yes,No,DSL,Yes,No,Yes,Yes,No,No,Partial Protection
5336-UFNZP,Yes,Yes,Fiber optic,No,Yes,Yes,No,Yes,Yes,Partial Protection
6854-EXGSF,Yes,Yes,DSL,Yes,Yes,Yes,No,No,No,Partial Protection
1241-EZFMJ,Yes,Yes,No,No internet service,No internet service,No internet service,No internet service,No internet service,No internet service,Partial Protection
9233-PSYHO,Yes,Yes,Fiber optic,No,No,Yes,No,Yes,Yes,Partial Protection
5376-PCKNB,Yes,Yes,Fiber optic,No,Yes,Yes,No,Yes,Yes,Partial Protection
8044-BGWPI,Yes,No,No,No internet service,No internet service,No internet service,No internet service,No internet service,No internet service,Partial Protection
4060-LDNLU,Yes,Yes,Fiber optic,No,No,No,No,Yes,Yes,No Protection
3589-PPVKW,Yes,No,DSL,No,No,No,No,No,No,No Protection
8327-LZKAS,Yes,Yes,Fiber optic,No,No,Yes,Yes,Yes,Yes,Partial Protection
5887-IKKYO,Yes,Yes,Fiber optic,No,No,Yes,Yes,No,Yes,Partial Protection
1075-BGWOH,Yes,Yes,Fiber optic,No,No,Yes,No,Yes,Yes,Partial Protection
1755-RMCXH,Yes,No,No,No internet service,No internet service,No internet service,No internet service,No internet service,No internet service,Partial Protection
0302-JOIVN,Yes,No,Fiber optic,No,Yes,Yes,No,Yes,Yes,Partial Protection
3858-XHYJO,Yes,Yes,Fiber optic,Yes,No,Yes,No,Yes,Yes,Partial Protection
4299-SIMNS,Yes,Yes,Fiber optic,Yes,No,No,No,No,No,Partial Protection
7025-IWFHT,Yes,No,Fiber optic,No,Yes,No,Yes,Yes,No,Partial Protection
6261-LHRTG,Yes,No,DSL,No,Yes,Yes,No,No,No,Partial Protection
7841-FCRQD,Yes,No,DSL,No,Yes,No,Yes,No,No,Partial Protection
2056-EVGZL,Yes,No,Fiber optic,No,Yes,Yes,Yes,Yes,Yes,Partial Protection
8777-MBMTS,Yes,No,Fiber optic,No,Yes,Yes,Yes,Yes,Yes,Partial Protection
7753-USQYQ,Yes,No,DSL,No,Yes,No,Yes,No,Yes,Partial Protection
5366-IJEQJ,Yes,Yes,Fiber optic,No,No,Yes,No,Yes,No,Partial Protection
7661-CPURM,Yes,No,Fiber optic,No,No,No,Yes,No,Yes,Partial Protection
6233-HXJMX,Yes,Yes,Fiber optic,No,No,Yes,No,No,Yes,Partial Protection
5902-WBLSE,Yes,No,No,No internet service,No internet service,No internet service,No internet service,No internet service,No internet service,Partial Protection
1981-INRFU,Yes,No,Fiber optic,No,No,No,No,Yes,No,No Protection
4971-PUYQO,Yes,Yes,Fiber optic,No,No,No,No,Yes,Yes,No Protection
3239-TPHPZ,Yes,No,No,No internet service,No internet service,No internet service,No internet service,No internet service,No internet service,Partial Protection
5115-GZDEL,No,No phone service,DSL,Yes,Yes,Yes,Yes,Yes,Yes,Full Protection
3338-CVVEH,Yes,Yes,Fiber optic,No,No,No,No,Yes,Yes,No Protection
8485-GJCDN,Yes,No,Fiber optic,No,No,No,No,No,No,No Protection
2615-YVMYX,Yes,Yes,Fiber optic,Yes,Yes,Yes,No,Yes,Yes,Partial Protection
2851-STERV,Yes,No,DSL,No,No,Yes,Yes,Yes,Yes,Partial Protection
4393-GEADV,Yes,Yes,Fiber optic,Yes,Yes,Yes,Yes,Yes,Yes,Full Protection
8486-AYEQH,Yes,Yes,Fiber optic,No,No,No,No,No,No,No Protection
1527-SXDPN,Yes,Yes,Fiber optic,No,No,Yes,Yes,No,Yes,Partial Protection
6029-WTIPC,Yes,Yes,Fiber optic,No,No,Yes,No,Yes,Yes,Partial Protection
8634-CILSZ,Yes,Yes,Fiber optic,No,Yes,No,Yes,Yes,Yes,Partial Protection
5419-JKZNQ,Yes,Yes,Fiber optic,No,No,No,No,No,No,No Protection
2495-KZNFB,Yes,Yes,Fiber optic,Yes,No,No,No,No,Yes,Partial Protection
1409-PHXTF,Yes,Yes,Fiber optic,No,Yes,Yes,Yes,Yes,Yes,Partial Protection
4560-WQAQW,Yes,Yes,DSL,Yes,No,No,Yes,No,Yes,Partial Protection
9591-YVTEB,No,No phone service,DSL,Yes,Yes,No,No,Yes,No,Partial Protection
9309-BZGNT,No,No phone service,DSL,No,No,Yes,No,No,No,Partial Protection
4274-DRSQT,Yes,Yes,Fiber optic,No,Yes,No,No,Yes,No,Partial Protection
2027-DNKIV,Yes,No,DSL,Yes,No,Yes,Yes,No,No,Partial Protection
8075-GXIUB,Yes,No,No,No internet service,No internet service,No internet service,No internet service,No internet service,No internet service,Partial Protection
2885-HIJDH,Yes,Yes,DSL,Yes,No,Yes,Yes,Yes,Yes,Partial Protection
5424-RLQLC,Yes,No,DSL,No,Yes,No,No,Yes,No,Partial Protection
6682-QJDGB,Yes,No,DSL,Yes,Yes,No,No,No,No,Partial Protection
6507-DTJZV,Yes,No,DSL,No,No,No,No,Yes,Yes,No Protection
8780-IXSTS,Yes,Yes,Fiber optic,No,Yes,No,No,Yes,No,Partial Protection
7673-BQGKU,Yes,No,No,No internet service,No internet service,No internet service,No internet service,No internet service,No internet service,Partial Protection
6723-WSNTY,Yes,Yes,Fiber optic,No,Yes,Yes,Yes,Yes,Yes,Partial Protection
9530-EHPOH,Yes,Yes,DSL,No,No,Yes,No,No,No,Partial Protection
2725-IWWBA,Yes,No,DSL,Yes,No,Yes,Yes,No,No,Partial Protection
0345-HKJVM,Yes,No,Fiber optic,No,No,No,No,Yes,Yes,No Protection
1061-PNTHC,Yes,Yes,Fiber optic,Yes,No,Yes,Yes,Yes,Yes,Partial Protection
0394-YONDK,Yes,Yes,No,No internet service,No internet service,No internet service,No internet service,No internet service,No internet service,Partial Protection
6574-MCOEH,Yes,Yes,DSL,No,No,Yes,Yes,Yes,Yes,Partial Protection
7399-QHBJS,Yes,Yes,DSL,Yes,Yes,No,Yes,No,No,Partial Protection
3049-SOLAY,Yes,Yes,Fiber optic,No,No,No,No,Yes,Yes,No Protection
0997-YTLNY,Yes,No,DSL,No,No,No,Yes,No,No,Partial Protection
3317-HRTNN,No,No phone service,DSL,No,No,No,No,Yes,Yes,No Protection
9479-HYNYL,Yes,No,DSL,No,Yes,Yes,Yes,Yes,Yes,Partial Protection
3235-ETOOB,Yes,No,Fiber optic,Yes,No,No,No,No,No,Partial Protection
9708-KFDBY,Yes,No,No,No internet service,No internet service,No internet service,No internet service,No internet service,No internet service,Partial Protection
8058-INTPH,Yes,No,Fiber optic,No,No,No,No,Yes,No,No Protection
3642-GKTCT,Yes,Yes,Fiber optic,Yes,Yes,Yes,Yes,Yes,Yes,Full Protection
0774-RMNUW,No,No phone service,DSL,Yes,Yes,No,Yes,Yes,Yes,Partial Protection
1334-PDUKM,Yes,Yes,Fiber optic,No,Yes,Yes,No,No,No,Partial Protection
0756-MPZRL,No,No phone service,DSL,No,No,Yes,Yes,No,No,Partial Protection
2242-MFOTG,Yes,Yes,Fiber optic,Yes,No,No,No,No,No,Partial Protection
2927-CVULT,Yes,Yes,Fiber optic,Yes,Yes,Yes,Yes,No,Yes,Full Protection
2144-BFDSO,Yes,Yes,Fiber optic,Yes,Yes,Yes,No,Yes,Yes,Partial Protection
8745-PVESG,No,No phone service,DSL,Yes,No,Yes,Yes,No,No,Partial Protection
7647-GYYKX,Yes,No,No,No internet service,No internet service,No internet service,No internet service,No internet service,No internet service,Partial Protection
5647-FXOTP,Yes,Yes,Fiber optic,No,Yes,Yes,No,Yes,Yes,Partial Protection
5569-OUICF,Yes,Yes,Fiber optic,No,No,No,Yes,Yes,Yes,Partial Protection
8821-XNHVZ,Yes,No,Fiber optic,No,No,No,No,Yes,No,No Protection
2082-OJVTK,Yes,Yes,Fiber optic,No,No,Yes,No,No,Yes,Partial Protection
9700-ISPUP,Yes,No,DSL,No,Yes,No,Yes,No,Yes,Partial Protection
9839-ETQOE,No,No phone service,DSL,Yes,Yes,Yes,No,No,No,Partial Protection
6078-VESFR,Yes,No,Fiber optic,No,No,No,No,No,No,No Protection
9027-TMATR,Yes,No,DSL,Yes,No,Yes,Yes,Yes,Yes,Partial Protection
5940-NFXKV,Yes,Yes,Fiber optic,No,No,No,No,No,Yes,No Protection
1941-HOSAM,Yes,No,Fiber optic,No,No,No,No,Yes,Yes,No Protection
9110-HSGTV,Yes,No,DSL,Yes,No,Yes,Yes,Yes,Yes,Partial Protection
0704-VCUMB,Yes,No,No,No internet service,No internet service,No internet service,No internet service,No internet service,No internet service,Partial Protection
6171-ZTVYB,Yes,Yes,DSL,Yes,Yes,No,Yes,No,No,Partial Protection
8053-WWDRO,Yes,No,No,No internet service,No internet service,No internet service,No internet service,No internet service,No internet service,Partial Protection
9564-KCLHR,Yes,No,DSL,No,No,No,Yes,No,No,Partial Protection
1935-IMVBB,Yes,No,Fiber optic,No,No,No,No,Yes,Yes,No Protection
2535-PBCGC,No,No phone service,DSL,Yes,Yes,Yes,Yes,Yes,Yes,Full Protection
2082-CEFLT,Yes,No,DSL,No,No,No,No,No,No,No Protection
1470-PSXNM,Yes,Yes,Fiber optic,No,Yes,Yes,No,Yes,No,Partial Protection
1213-NGCUN,Yes,No,DSL,No,No,No,Yes,No,No,Partial Protection
2498-XLDZR,Yes,No,DSL,Yes,Yes,Yes,Yes,No,Yes,Full Protection
9866-OCCKE,Yes,Yes,Fiber optic,Yes,No,Yes,Yes,Yes,Yes,Partial Protection
5338-YHWYT,Yes,No,DSL,Yes,Yes,No,Yes,No,No,Partial Protection
7718-UPSKJ,Yes,No,Fiber optic,Yes,Yes,No,Yes,Yes,Yes,Partial Protection
8731-WBBMB,Yes,No,DSL,No,Yes,Yes,Yes,Yes,Yes,Partial Protection
1448-CYWKC,Yes,Yes,Fiber optic,No,Yes,Yes,No,Yes,Yes,Partial Protection
7901-IIDQV,Yes,Yes,DSL,No,No,No,Yes,No,No,Partial Protection
2690-DVRVK,Yes,No,No,No internet service,No internet service,No internet service,No internet service,No internet service,No internet service,Partial Protection
5688-KZTSN,Yes,No,No,No internet service,No internet service,No internet service,No internet service,No internet service,No internet service,Partial Protection
1270-XKUCC,Yes,No,No,No internet service,No internet service,No internet service,No internet service,No internet service,No internet service,Partial Protection
0334-ZFJSR,Yes,Yes,DSL,Yes,Yes,No,Yes,No,No,Partial Protection
2894-QOJRX,No,No phone service,DSL,No,No,No,No,Yes,No,No Protection
5747-PMBSQ,Yes,No,Fiber optic,No,Yes,Yes,Yes,Yes,No,Partial Protection
5583-EJXRD,No,No phone service,DSL,Yes,Yes,Yes,Yes,No,Yes,Full Protection
4565-EVZMJ,Yes,No,DSL,Yes,Yes,No,Yes,No,No,Partial Protection
3143-JQEGI,Yes,No,Fiber optic,No,No,No,No,Yes,Yes,No Protection
6386-SZZKH,Yes,Yes,Fiber optic,No,Yes,Yes,Yes,Yes,Yes,Partial Protection
3327-YBAKM,Yes,No,Fiber optic,Yes,No,No,Yes,Yes,Yes,Partial Protection
9441-QHEVC,Yes,No,No,No internet service,No internet service,No internet service,No internet service,No internet service,No internet service,Partial Protection
6705-LNMDD,Yes,No,DSL,No,No,No,Yes,No,No,Partial Protection
2580-ASVVY,No,No phone service,DSL,Yes,No,No,Yes,Yes,No,Partial Protection
3370-GQEAL,Yes,Yes,Fiber optic,No,No,No,No,Yes,No,No Protection
5032-USPKF,Yes,Yes,DSL,Yes,Yes,Yes,No,Yes,Yes,Partial Protection
2982-IHMFT,Yes,Yes,Fiber optic,No,No,No,No,No,No,No Protection
3521-SYVOR,Yes,No,DSL,No,No,No,No,Yes,Yes,No Protection
4254-QPEDE,No,No phone service,DSL,Yes,Yes,Yes,Yes,Yes,Yes,Full Protection
6283-GITPX,Yes,No,DSL,Yes,Yes,Yes,Yes,Yes,No,Full Protection
9526-JAWYF,Yes,No,Fiber optic,No,Yes,Yes,No,Yes,No,Partial Protection
0771-CHWSK,Yes,Yes,DSL,Yes,Yes,Yes,No,No,Yes,Partial Protection
9788-HNGUT,Yes,Yes,Fiber optic,Yes,Yes,Yes,Yes,Yes,Yes,Full Protection
9495-REDIY,No,No phone service,DSL,Yes,No,No,No,Yes,No,Partial Protection
5375-XLDOF,Yes,Yes,Fiber optic,Yes,Yes,Yes,Yes,Yes,Yes,Full Protection
1172-VIYBP,Yes,Yes,DSL,Yes,Yes,No,No,No,Yes,Partial Protection
5649-VUKMC,Yes,No,Fiber optic,No,No,Yes,No,Yes,Yes,Partial Protection
6559-PDZLR,Yes,No,Fiber optic,No,No,Yes,Yes,Yes,Yes,Partial Protection
8992-OBVDG,Yes,No,DSL,No,No,Yes,No,No,Yes,Partial Protection
4273-MBHYA,Yes,No,Fiber optic,No,No,No,No,Yes,Yes,No Protection
4724-WXVWF,Yes,Yes,Fiber optic,Yes,No,No,Yes,No,Yes,Partial Protection
5701-GUXDC,No,No phone service,DSL,Yes,No,Yes,No,No,No,Partial Protection
1460-UZPRJ,Yes,No,No,No internet service,No internet service,No internet service,No internet service,No internet service,No internet service,Partial Protection
6082-GLJIX,Yes,No,No,No internet service,No internet service,No internet service,No internet service,No internet service,No internet service,Partial Protection
5143-EGQFK,No,No phone service,DSL,No,No,No,Yes,No,No,Partial Protection
4919-IKATY,Yes,Yes,Fiber optic,Yes,No,Yes,No,No,No,Partial Protection
2495-TTHBQ,Yes,No,No,No internet service,No internet service,No internet service,No internet service,No internet service,No internet service,Partial Protection
0485-ZBSLN,Yes,Yes,No,No internet service,No internet service,No internet service,No internet service,No internet service,No internet service,Partial Protection
3810-PJUHR,Yes,Yes,No,No internet service,No internet service,No internet service,No internet service,No internet service,No internet service,Partial Protection
9050-QLROH,Yes,Yes,Fiber optic,No,No,Yes,No,No,Yes,Partial Protection
0847-HGRML,Yes,No,No,No internet service,No internet service,No internet service,No internet service,No internet service,No internet service,Partial Protection
8232-CTLKO,Yes,No,DSL,Yes,No,No,No,Yes,No,Partial Protection
9227-YBAXE,Yes,Yes,DSL,Yes,Yes,No,Yes,Yes,Yes,Partial Protection
6168-WFVVF,Yes,No,Fiber optic,No,No,No,No,No,No,No Protection
9860-LISIZ,Yes,No,No,No internet service,No internet service,No internet service,No internet service,No internet service,No internet service,Partial Protection
0112-QAWRZ,Yes,Yes,Fiber optic,No,No,Yes,No,Yes,No,Partial Protection
0877-SDMBN,Yes,Yes,Fiber optic,Yes,No,Yes,No,Yes,Yes,Partial Protection
2786-GCDPI,Yes,Yes,Fiber optic,No,No,Yes,Yes,Yes,Yes,Partial Protection
4043-MKDTV,Yes,No,Fiber optic,No,Yes,Yes,Yes,Yes,Yes,Partial Protection
8065-YKXKD,Yes,Yes,Fiber optic,No,No,No,No,No,No,No Protection
9637-EIHEQ,Yes,No,DSL,No,No,No,Yes,No,No,Partial Protection
9229-RQABD,Yes,Yes,No,No internet service,No internet service,No internet service,No internet service,No internet service,No internet service,Partial Protection
8313-KTIHG,Yes,No,DSL,No,No,No,Yes,Yes,No,Partial Protection
5320-BRKGK,Yes,Yes,DSL,Yes,No,Yes,Yes,Yes,No,Partial Protection
6284-KMNUF,Yes,Yes,Fiber optic,Yes,No,No,No,Yes,Yes,Partial Protection
9689-PTNPG,Yes,No,Fiber optic,No,No,No,No,Yes,No,No Protection
9465-RWMXL,Yes,Yes,Fiber optic,No,No,Yes,No,No,No,Partial Protection
6229-UOLQL,No,No phone service,DSL,Yes,Yes,No,Yes,Yes,No,Partial Protection
2362-IBOOY,Yes,Yes,Fiber optic,No,No,No,No,No,Yes,No Protection
3137-LUPIX,Yes,Yes,DSL,No,No,No,Yes,Yes,No,Partial Protection
0843-WTBXE,Yes,Yes,Fiber optic,No,No,No,No,Yes,No,No Protection
6143-JQKEA,Yes,No,DSL,No,No,No,No,No,No,No Protection
8676-OOQEJ,No,No phone service,DSL,No,No,No,Yes,No,No,Partial Protection
5515-IDEJJ,Yes,No,No,No internet service,No internet service,No internet service,No internet service,No internet service,No internet service,Partial Protection
9701-CDXHR,Yes,No,Fiber optic,No,No,No,No,No,No,No Protection
7450-NWRTR,Yes,Yes,Fiber optic,No,No,Yes,No,Yes,Yes,Partial Protection
8124-NZVGJ,No,No phone service,DSL,No,No,No,Yes,Yes,Yes,Partial Protection
2162-FRZAA,No,No phone service,DSL,No,Yes,Yes,Yes,No,No,Partial Protection
5376-DEQCP,Yes,No,Fiber optic,No,No,No,No,No,No,No Protection
5118-MUEYH,Yes,Yes,Fiber optic,No,Yes,No,Yes,Yes,Yes,Partial Protection
9095-HFAFX,Yes,No,Fiber optic,No,No,No,No,Yes,No,No Protection
5627-TVBPP,Yes,No,No,No internet service,No internet service,No internet service,No internet service,No internet service,No internet service,Partial Protection
2379-ENZGV,Yes,No,Fiber optic,No,Yes,No,No,Yes,No,Partial Protection
3936-QQFLL,Yes,No,No,No internet service,No internet service,No internet service,No internet service,No internet service,No internet service,Partial Protection
2589-AYCRP,Yes,No,No,No internet service,No internet service,No internet service,No internet service,No internet service,No internet service,Partial Protection
4067-HLYQI,Yes,No,Fiber optic,No,No,No,No,No,No,No Protection
5124-EOGYE,Yes,No,No,No internet service,No internet service,No internet service,No internet service,No internet service,No internet service,Partial Protection
5057-RKGLH,Yes,No,No,No internet service,No internet service,No internet service,No internet service,No internet service,No internet service,Partial Protection
0292-WEGCH,Yes,Yes,DSL,No,Yes,Yes,Yes,Yes,Yes,Partial Protection
8910-ICHIU,Yes,No,Fiber optic,Yes,Yes,Yes,No,Yes,No,Partial Protection
4097-YODCF,Yes,Yes,Fiber optic,Yes,Yes,No,No,Yes,Yes,Partial Protection
9715-WZCLW,Yes,Yes,Fiber optic,Yes,No,No,No,Yes,Yes,Partial Protection
9786-YWNHU,Yes,No,DSL,Yes,Yes,Yes,Yes,No,No,Full Protection
6407-GSJNL,Yes,Yes,No,No internet service,No internet service,No internet service,No internet service,No internet service,No internet service,Partial Protection
6005-OBZPH,Yes,Yes,Fiber optic,No,Yes,No,No,Yes,No,Partial Protection
4049-ZPALD,Yes,No,Fiber optic,Yes,No,Yes,No,Yes,Yes,Partial Protection
7932-WPTDS,No,No phone service,DSL,No,No,No,No,No,No,No Protection
3733-UOCWF,Yes,Yes,Fiber optic,No,Yes,No,Yes,No,No,Partial Protection
6833-JMZYP,Yes,No,Fiber optic,No,No,Yes,No,Yes,Yes,Partial Protection
2722-VOJQL,Yes,Yes,Fiber optic,No,Yes,No,Yes,Yes,Yes,Partial Protection
1310-QRITU,Yes,Yes,DSL,No,No,No,No,No,No,No Protection
8961-QDZZJ,Yes,No,Fiber optic,No,Yes,No,No,Yes,Yes,Partial Protection
9715-SBVSU,Yes,No,DSL,Yes,Yes,No,No,No,Yes,Partial Protection
8490-BXHEO,Yes,Yes,Fiber optic,No,Yes,No,No,No,No,Partial Protection
7173-TETGO,Yes,Yes,Fiber optic,Yes,No,No,No,No,No,Partial Protection
7929-SKFGK,Yes,Yes,Fiber optic,Yes,Yes,Yes,Yes,Yes,Yes,Full Protection
2300-RQGOI,Yes,No,No,No internet service,No internet service,No internet service,No internet service,No internet service,No internet service,Partial Protection
3563-SVYLG,Yes,No,DSL,Yes,Yes,Yes,Yes,No,No,Full Protection
5228-EXCET,Yes,No,Fiber optic,No,No,No,No,No,Yes,No Protection
6435-VWCCY,Yes,Yes,Fiber optic,Yes,Yes,No,No,Yes,No,Partial Protection
4998-IKFSE,Yes,Yes,Fiber optic,No,No,Yes,No,Yes,Yes,Partial Protection
8630-QSGXK,Yes,Yes,DSL,No,No,No,Yes,Yes,Yes,Partial Protection
2455-USLMV,Yes,Yes,Fiber optic,Yes,No,Yes,No,No,No,Partial Protection
7394-FKDNK,Yes,No,Fiber optic,No,No,No,No,Yes,Yes,No Protection
9488-FVZCC,Yes,Yes,DSL,Yes,Yes,Yes,Yes,No,Yes,Full Protection
6331-LWDTQ,Yes,Yes,DSL,No,No,No,No,Yes,Yes,No Protection
5995-WWKKG,Yes,No,No,No internet service,No internet service,No internet service,No internet service,No internet service,No internet service,Partial Protection
1597-FZREH,Yes,No,DSL,No,No,Yes,Yes,Yes,Yes,Partial Protection
7879-CGSFV,Yes,No,Fiber optic,Yes,Yes,No,No,Yes,Yes,Partial Protection
9921-EZKBY,Yes,Yes,Fiber optic,Yes,No,Yes,No,No,Yes,Partial Protection
7432-FFVAR,Yes,No,Fiber optic,No,No,Yes,Yes,No,Yes,Partial Protection
7246-ZGQDF,Yes,No,DSL,Yes,No,No,Yes,No,No,Partial Protection
7000-WCEVQ,Yes,Yes,DSL,No,No,No,No,No,Yes,No Protection
0727-IWKVK,Yes,No,Fiber optic,No,Yes,Yes,No,No,No,Partial Protection
5959-BELXA,Yes,Yes,Fiber optic,No,No,No,No,Yes,Yes,No Protection
4456-RHSNB,Yes,No,DSL,No,No,Yes,No,No,No,Partial Protection
3512-IZIKN,Yes,Yes,DSL,Yes,No,Yes,Yes,No,No,Partial Protection
2481-SBOYW,Yes,Yes,No,No internet service,No internet service,No internet service,No internet service,No internet service,No internet service,Partial Protection
7109-MFBYV,Yes,No,DSL,No,No,No,No,No,No,No Protection
1833-TCXKK,Yes,Yes,Fiber optic,No,Yes,Yes,No,Yes,Yes,Partial Protection
1832-PEUTS,Yes,Yes,Fiber optic,No,No,Yes,No,Yes,No,Partial Protection
6141-OOXUQ,Yes,No,No,No internet service,No internet service,No internet service,No internet service,No internet service,No internet service,Partial Protection
8660-BUETV,Yes,No,DSL,No,No,No,No,No,No,No Protection
0580-PIQHM,Yes,Yes,Fiber optic,Yes,Yes,Yes,No,No,Yes,Partial Protection
5696-CEIQJ,Yes,No,Fiber optic,No,Yes,Yes,Yes,Yes,Yes,Partial Protection
7503-ZGUZJ,Yes,Yes,Fiber optic,No,No,No,No,Yes,No,No Protection
1696-HXOWK,Yes,Yes,Fiber optic,Yes,Yes,No,No,Yes,No,Partial Protection
3026-ATZYV,Yes,No,DSL,Yes,Yes,No,No,Yes,Yes,Partial Protection
4012-YCFAI,Yes,No,DSL,Yes,Yes,No,Yes,No,No,Partial Protection
2506-TNFCO,Yes,No,Fiber optic,No,No,No,No,No,No,No Protection
9970-QBCDA,Yes,No,No,No internet service,No internet service,No internet service,No internet service,No internet service,No internet service,Partial Protection
8718-PTMEZ,No,No phone service,DSL,No,Yes,No,No,No,No,Partial Protection
9496-IVVRP,Yes,No,DSL,Yes,No,No,No,No,No,Partial Protection
2207-OBZNX,Yes,No,DSL,Yes,No,No,No,No,No,Partial Protection
2657-VPXTA,Yes,No,Fiber optic,No,No,No,No,Yes,Yes,No Protection
6551-VLJMV,Yes,No,No,No internet service,No internet service,No internet service,No internet service,No internet service,No internet service,Partial Protection
1221-GHZEP,Yes,No,DSL,Yes,No,No,Yes,No,Yes,Partial Protection
9289-LBQVU,Yes,Yes,DSL,No,Yes,No,Yes,No,Yes,Partial Protection
6142-VSJQO,Yes,No,DSL,No,No,No,No,No,No,No Protection
3458-IDMFK,Yes,No,No,No internet service,No internet service,No internet service,No internet service,No internet service,No internet service,Partial Protection
6933-FHBZC,Yes,No,DSL,No,Yes,Yes,No,No,No,Partial Protection
0221-NAUXK,Yes,No,No,No internet service,No internet service,No internet service,No internet service,No internet service,No internet service,Partial Protection
9770-KXGQU,Yes,Yes,Fiber optic,Yes,Yes,Yes,No,Yes,No,Partial Protection
6437-UKHMV,Yes,No,Fiber optic,No,No,No,No,Yes,No,No Protection
6538-POCHL,Yes,No,Fiber optic,No,Yes,Yes,No,No,No,Partial Protection
6726-NNFWD,Yes,No,Fiber optic,No,Yes,Yes,No,No,Yes,Partial Protection
3002-WQZWT,Yes,Yes,Fiber optic,No,No,No,No,No,No,No Protection
4277-UDIEF,Yes,Yes,DSL,Yes,No,No,Yes,Yes,Yes,Partial Protection
1208-NBVFH,Yes,No,DSL,No,No,Yes,No,No,No,Partial Protection
4912-PIGUY,Yes,Yes,Fiber optic,No,No,No,No,Yes,No,No Protection
1114-CENIM,Yes,Yes,DSL,No,Yes,No,No,No,No,Partial Protection
6060-DRTNL,Yes,No,Fiber optic,No,No,Yes,No,Yes,No,Partial Protection
2725-TTRIQ,Yes,Yes,DSL,Yes,No,Yes,Yes,Yes,Yes,Partial Protection
3374-TTZTK,Yes,No,Fiber optic,Yes,Yes,Yes,Yes,Yes,Yes,Full Protection
8990-ZXLSU,Yes,No,Fiber optic,No,No,No,No,No,No,No Protection
2275-RBYQS,Yes,No,DSL,No,No,No,No,No,No,No Protection
8473-VUVJN,Yes,Yes,Fiber optic,No,No,No,No,No,No,No Protection
6289-CPNLD,Yes,No,DSL,No,No,Yes,Yes,Yes,Yes,Partial Protection
5536-SLHPM,Yes,Yes,Fiber optic,No,No,Yes,No,No,No,Partial Protection
4419-UJMUS,Yes,Yes,Fiber optic,No,No,No,Yes,Yes,Yes,Partial Protection
7794-JASDG,Yes,No,DSL,Yes,No,No,No,No,No,Partial Protection
7609-YBPXG,Yes,Yes,DSL,Yes,No,Yes,Yes,Yes,Yes,Partial Protection
5519-TEEUH,Yes,No,No,No internet service,No internet service,No internet service,No internet service,No internet service,No internet service,Partial Protection
7856-GANIL,Yes,Yes,Fiber optic,No,Yes,Yes,Yes,Yes,No,Partial Protection
0804-XBFBV,No,No phone service,DSL,No,No,No,No,No,No,No Protection
2676-OXPPQ,Yes,No,DSL,Yes,Yes,No,No,No,No,Partial Protection
3703-TTEPD,Yes,No,DSL,Yes,No,Yes,No,Yes,No,Partial Protection
2799-TSLAG,Yes,Yes,No,No internet service,No internet service,No internet service,No internet service,No internet service,No internet service,Partial Protection
0196-VULGZ,Yes,Yes,Fiber optic,No,No,No,No,No,Yes,No Protection
8837-VVWLQ,Yes,No,Fiber optic,Yes,No,No,No,Yes,No,Partial Protection
2696-NARTR,Yes,No,Fiber optic,No,No,No,Yes,No,No,Partial Protection
2208-NKVVH,Yes,Yes,No,No internet service,No internet service,No internet service,No internet service,No internet service,No internet service,Partial Protection
7614-QVWQL,No,No phone service,DSL,No,Yes,No,No,Yes,Yes,Partial Protection
1976-CFOCS,Yes,No,DSL,No,No,No,No,No,No,No Protection
4631-OACRM,Yes,No,Fiber optic,No,No,No,No,No,Yes,No Protection
7139-JZFVG,Yes,No,DSL,Yes,Yes,Yes,No,No,No,Partial Protection
4987-GQWPO,No,No phone service,DSL,No,No,No,No,No,No,No Protection
3755-JBMNH,Yes,No,Fiber optic,No,No,No,No,No,No,No Protection
1757-TCATG,Yes,No,No,No internet service,No internet service,No internet service,No internet service,No internet service,No internet service,Partial Protection
6345-ULYRW,Yes,Yes,Fiber optic,No,Yes,No,No,No,Yes,Partial Protection
4776-XSKYQ,No,No phone service,DSL,No,No,No,Yes,No,No,Partial Protection
8048-DSDFQ,Yes,No,No,No internet service,No internet service,No internet service,No internet service,No internet service,No internet service,Partial Protection
5753-QQWPW,Yes,No,DSL,Yes,Yes,No,Yes,No,No,Partial Protection
6010-DDPPW,Yes,Yes,No,No internet service,No internet service,No internet service,No internet service,No internet service,No internet service,Partial Protection
1809-DMJHQ,Yes,No,DSL,No,No,No,No,No,No,No Protection
6693-FRIRW,Yes,No,Fiber optic,No,Yes,Yes,No,Yes,Yes,Partial Protection
6586-MYGKD,Yes,Yes,DSL,Yes,No,No,Yes,Yes,Yes,Partial Protection
3173-NVMPX,Yes,Yes,DSL,No,Yes,No,No,No,No,Partial Protection
0248-PGHBZ,Yes,No,Fiber optic,Yes,Yes,No,Yes,Yes,No,Partial Protection
0623-GDISB,Yes,No,DSL,Yes,No,No,No,No,No,Partial Protection
2892-GESUL,Yes,No,No,No internet service,No internet service,No internet service,No internet service,No internet service,No internet service,Partial Protection
6923-EFPNL,Yes,Yes,DSL,No,No,No,No,No,No,No Protection
7472-EQOAV,Yes,No,Fiber optic,Yes,Yes,Yes,No,No,No,Partial Protection
9574-RKJIF,Yes,Yes,Fiber optic,Yes,Yes,No,No,Yes,No,Partial Protection
2043-WVTQJ,Yes,No,DSL,Yes,No,Yes,No,No,No,Partial Protection
8034-RYTVV,Yes,Yes,Fiber optic,Yes,No,Yes,No,No,No,Partial Protection
3863-QSTYI,Yes,No,DSL,No,No,Yes,Yes,Yes,No,Partial Protection
2619-WFQWU,Yes,No,Fiber optic,No,No,No,No,No,No,No Protection
5044-LRQAQ,Yes,No,Fiber optic,No,No,No,No,No,No,No Protection
1716-LSAMB,Yes,No,DSL,Yes,No,No,Yes,No,No,Partial Protection
1333-PBMXB,Yes,Yes,No,No internet service,No internet service,No internet service,No internet service,No internet service,No internet service,Partial Protection
6546-OPBBH,Yes,Yes,No,No internet service,No internet service,No internet service,No internet service,No internet service,No internet service,Partial Protection
5985-BEHZK,Yes,Yes,Fiber optic,No,Yes,Yes,No,Yes,Yes,Partial Protection
9127-QRZMH,Yes,No,DSL,Yes,Yes,No,Yes,No,No,Partial Protection
5919-VCZYM,Yes,No,No,No internet service,No internet service,No internet service,No internet service,No internet service,No internet service,Partial Protection
9644-KVCNC,Yes,Yes,Fiber optic,No,No,Yes,No,Yes,No,Partial Protection
2137-DQMEV,No,No phone service,DSL,Yes,Yes,No,No,Yes,No,Partial Protection
8174-LNWMW,Yes,No,No,No internet service,No internet service,No internet service,No internet service,No internet service,No internet service,Partial Protection
9279-CJEOJ,Yes,Yes,Fiber optic,No,No,No,No,Yes,Yes,No Protection
7964-VEXDG,Yes,Yes,Fiber optic,Yes,No,No,No,No,No,Partial Protection
2404-JIBFC,Yes,Yes,DSL,Yes,No,Yes,Yes,Yes,Yes,Partial Protection
0778-NELLA,No,No phone service,DSL,No,No,No,No,Yes,No,No Protection
8029-XYPWT,Yes,Yes,Fiber optic,Yes,Yes,Yes,Yes,Yes,Yes,Full Protection
4614-NUVZD,Yes,No,Fiber optic,No,No,No,No,No,Yes,No Protection
4632-PAOYU,Yes,No,No,No internet service,No internet service,No internet service,No internet service,No internet service,No internet service,Partial Protection
3803-KMQFW,Yes,No,No,No internet service,No internet service,No internet service,No internet service,No internet service,No internet service,Partial Protection
6804-GDMOI,Yes,Yes,Fiber optic,No,No,Yes,Yes,Yes,Yes,Partial Protection
2990-OGYTD,Yes,Yes,DSL,No,Yes,Yes,Yes,Yes,Yes,Partial Protection
6646-JPPHA,Yes,No,Fiber optic,Yes,Yes,No,No,No,No,Partial Protection
9572-MTILT,Yes,Yes,Fiber optic,Yes,Yes,Yes,Yes,Yes,No,Full Protection
7658-UYUQS,Yes,No,Fiber optic,No,No,Yes,No,Yes,No,Partial Protection
7880-XSOJX,No,No phone service,DSL,Yes,Yes,No,Yes,No,No,Partial Protection
9611-CTWIH,Yes,No,Fiber optic,No,No,No,No,Yes,Yes,No Protection
4589-IUAJB,Yes,Yes,No,No internet service,No internet service,No internet service,No internet service,No internet service,No internet service,Partial Protection
0329-GTIAJ,Yes,No,Fiber optic,No,Yes,No,Yes,Yes,Yes,Partial Protection
8746-BFOAJ,Yes,No,No,No internet service,No internet service,No internet service,No internet service,No internet service,No internet service,Partial Protection
8457-XIGKN,Yes,No,No,No internet service,No internet service,No internet service,No internet service,No internet service,No internet service,Partial Protection
6072-NUQCB,Yes,No,No,No internet service,No internet service,No internet service,No internet service,No internet service,No internet service,Partial Protection
6629-CZTTH,Yes,No,DSL,No,No,No,No,No,Yes,No Protection
8838-GPHZP,Yes,No,No,No internet service,No internet service,No internet service,No internet service,No internet service,No internet service,Partial Protection
8750-QWZAJ,Yes,No,No,No internet service,No internet service,No internet service,No internet service,No internet service,No internet service,Partial Protection
5364-EVNIB,Yes,No,Fiber optic,No,Yes,Yes,No,No,No,Partial Protection
6918-UMQCG,Yes,No,Fiber optic,No,No,No,No,Yes,No,No Protection
0675-NCDYU,Yes,Yes,Fiber optic,Yes,Yes,Yes,Yes,Yes,Yes,Full Protection
6339-DKLMK,No,No phone service,DSL,No,Yes,No,No,No,No,Partial Protection
1346-PJWTK,Yes,No,Fiber optic,No,Yes,Yes,Yes,No,Yes,Partial Protection
5088-QZLRL,Yes,No,No,No internet service,No internet service,No internet service,No internet service,No internet service,No internet service,Partial Protection
8023-QHAIO,Yes,Yes,Fiber optic,No,No,No,Yes,No,No,Partial Protection
4397-FRLTA,Yes,No,No,No internet service,No internet service,No internet service,No internet service,No internet service,No internet service,Partial Protection
3057-VJJQE,Yes,Yes,DSL,Yes,No,No,No,No,No,Partial Protection
5087-SUURX,No,No phone service,DSL,No,No,Yes,No,Yes,No,Partial Protection
2302-OUZXB,Yes,Yes,DSL,No,Yes,Yes,No,Yes,Yes,Partial Protection
8133-ANHHJ,Yes,Yes,Fiber optic,Yes,Yes,Yes,Yes,No,Yes,Full Protection
2270-CHBFN,Yes,Yes,Fiber optic,Yes,Yes,Yes,Yes,No,No,Full Protection
0013-EXCHZ,Yes,No,Fiber optic,No,No,No,Yes,Yes,No,Partial Protection
5982-FPVQN,Yes,Yes,Fiber optic,No,Yes,Yes,No,No,Yes,Partial Protection
9107-UKCKY,Yes,Yes,DSL,No,Yes,Yes,No,Yes,Yes,Partial Protection
4654-ULTTN,Yes,Yes,DSL,Yes,No,Yes,Yes,No,Yes,Partial Protection
5550-VFRLC,Yes,No,Fiber optic,No,No,No,No,No,No,No Protection
5546-BYZSM,Yes,No,No,No internet service,No internet service,No internet service,No internet service,No internet service,No internet service,Partial Protection
1492-KGETH,Yes,Yes,DSL,Yes,Yes,Yes,Yes,No,Yes,Full Protection
4929-BSTRX,Yes,No,DSL,No,No,No,No,Yes,No,No Protection
4163-HFTUK,Yes,No,No,No internet service,No internet service,No internet service,No internet service,No internet service,No internet service,Partial Protection
8215-NGSPE,Yes,No,No,No internet service,No internet service,No internet service,No internet service,No internet service,No internet service,Partial Protection
2225-ZRGSG,Yes,Yes,Fiber optic,Yes,Yes,Yes,Yes,No,No,Full Protection
8859-YSTWS,Yes,No,No,No internet service,No internet service,No internet service,No internet service,No internet service,No internet service,Partial Protection
5271-YNWVR,Yes,Yes,Fiber optic,Yes,Yes,Yes,Yes,Yes,Yes,Full Protection
7601-DHFWZ,Yes,Yes,No,No internet service,No internet service,No internet service,No internet service,No internet service,No internet service,Partial Protection
2657-ALMWY,Yes,No,Fiber optic,No,Yes,No,No,No,Yes,Partial Protection
6330-JKLPC,Yes,Yes,Fiber optic,No,Yes,No,No,No,No,Partial Protection
4667-OHGKG,Yes,No,No,No internet service,No internet service,No internet service,No internet service,No internet service,No internet service,Partial Protection
1998-VHJHK,Yes,No,No,No internet service,No internet service,No internet service,No internet service,No internet service,No internet service,Partial Protection
1707-HABPF,Yes,No,Fiber optic,No,Yes,Yes,No,Yes,No,Partial Protection
1660-HSOOQ,Yes,No,DSL,No,No,Yes,No,No,No,Partial Protection
7253-UVNDW,Yes,No,DSL,No,No,Yes,Yes,No,No,Partial Protection
0487-VVUVK,Yes,No,No,No internet service,No internet service,No internet service,No internet service,No internet service,No internet service,Partial Protection
7228-OMTPN,Yes,No,Fiber optic,No,No,No,No,Yes,Yes,No Protection
5063-IUOKK,Yes,No,No,No internet service,No internet service,No internet service,No internet service,No internet service,No internet service,Partial Protection
4508-OEBEY,Yes,No,DSL,Yes,Yes,Yes,Yes,No,Yes,Full Protection
0027-KWYKW,Yes,Yes,Fiber optic,No,No,No,No,Yes,No,No Protection
2308-STERM,Yes,No,No,No internet service,No internet service,No internet service,No internet service,No internet service,No internet service,Partial Protection
5982-XMDEX,Yes,Yes,No,No internet service,No internet service,No internet service,No internet service,No internet service,No internet service,Partial Protection
6284-AHOOQ,Yes,Yes,Fiber optic,No,No,No,Yes,Yes,No,Partial Protection
6051-PTVNS,Yes,No,No,No internet service,No internet service,No internet service,No internet service,No internet service,No internet service,Partial Protection
2344-JMOGN,Yes,No,Fiber optic,No,Yes,Yes,Yes,Yes,No,Partial Protection
3799-ISUZQ,Yes,No,Fiber optic,No,No,No,No,No,No,No Protection
2877-VDUER,No,No phone service,DSL,No,No,No,Yes,Yes,No,Partial Protection
9152-AMKAK,Yes,No,DSL,Yes,No,Yes,Yes,Yes,Yes,Partial Protection
1794-HBQTJ,Yes,No,DSL,Yes,No,No,No,No,No,Partial Protection
9432-VOFYX,Yes,No,Fiber optic,No,No,No,No,No,No,No Protection
8049-WJCLQ,Yes,No,DSL,No,No,Yes,No,Yes,No,Partial Protection
6586-PSJOX,Yes,No,DSL,No,No,Yes,Yes,No,No,Partial Protection
2460-FPSYH,No,No phone service,DSL,Yes,Yes,No,No,Yes,Yes,Partial Protection
9705-ZJBCG,Yes,No,DSL,Yes,No,No,Yes,No,No,Partial Protection
4818-DRBQT,Yes,Yes,Fiber optic,No,Yes,No,No,No,No,Partial Protection
1320-HTRDR,Yes,Yes,Fiber optic,No,No,No,No,No,No,No Protection
6847-KJLTS,Yes,Yes,Fiber optic,No,No,No,Yes,Yes,Yes,Partial Protection
9670-BPNXF,Yes,No,DSL,Yes,Yes,No,Yes,No,No,Partial Protection
3913-FCUUW,Yes,Yes,DSL,Yes,Yes,Yes,Yes,No,No,Full Protection
3301-VKTGC,Yes,Yes,Fiber optic,Yes,Yes,No,No,No,No,Partial Protection
1493-AMTIE,Yes,No,No,No internet service,No internet service,No internet service,No internet service,No internet service,No internet service,Partial Protection
9555-SAHUZ,Yes,No,DSL,Yes,Yes,No,No,No,No,Partial Protection
0816-TSPHQ,Yes,No,No,No internet service,No internet service,No internet service,No internet service,No internet service,No internet service,Partial Protection
9932-WBWIK,Yes,No,No,No internet service,No internet service,No internet service,No internet service,No internet service,No internet service,Partial Protection
4619-EVPHY,Yes,No,Fiber optic,No,No,No,No,Yes,Yes,No Protection
5286-YHCVC,Yes,Yes,Fiber optic,No,Yes,Yes,No,Yes,Yes,Partial Protection
6424-ELEYH,Yes,Yes,Fiber optic,No,No,No,No,No,No,No Protection
4391-RESHN,Yes,Yes,Fiber optic,No,No,Yes,Yes,Yes,Yes,Partial Protection
9115-YQHGA,Yes,No,DSL,No,No,No,Yes,No,No,Partial Protection
4462-CYWMH,Yes,Yes,Fiber optic,No,Yes,No,No,No,Yes,Partial Protection
8963-MQVYN,Yes,No,No,No internet service,No internet service,No internet service,No internet service,No internet service,No internet service,Partial Protection
2458-EOMRE,Yes,No,DSL,Yes,No,Yes,No,No,Yes,Partial Protection
9334-GWGOW,Yes,Yes,Fiber optic,No,No,No,No,No,No,No Protection
6821-BUXUX,Yes,Yes,Fiber optic,Yes,Yes,No,No,Yes,No,Partial Protection
5028-HTLJB,Yes,No,No,No internet service,No internet service,No internet service,No internet service,No internet service,No internet service,Partial Protection
9801-GDWGV,Yes,Yes,Fiber optic,No,Yes,Yes,No,Yes,Yes,Partial Protection
6542-LWGXJ,No,No phone service,DSL,No,No,No,No,No,No,No Protection
5567-GZKQY,Yes,No,No,No internet service,No internet service,No internet service,No internet service,No internet service,No internet service,Partial Protection
1222-LRYKO,Yes,Yes,No,No internet service,No internet service,No internet service,No internet service,No internet service,No internet service,Partial Protection
2320-JRSDE,Yes,No,No,No internet service,No internet service,No internet service,No internet service,No internet service,No internet service,Partial Protection
2087-QAREY,Yes,No,DSL,No,Yes,Yes,No,No,No,Partial Protection
0601-WZHJF,No,No phone service,DSL,No,No,No,No,Yes,Yes,No Protection
4423-JWZJN,Yes,Yes,Fiber optic,No,No,Yes,No,No,Yes,Partial Protection
5143-WMWOG,Yes,No,No,No internet service,No internet service,No internet service,No internet service,No internet service,No internet service,Partial Protection
6490-FGZAT,Yes,No,No,No internet service,No internet service,No internet service,No internet service,No internet service,No internet service,Partial Protection
5393-RXQSZ,Yes,No,Fiber optic,No,No,No,No,No,Yes,No Protection
7452-FOLON,Yes,Yes,No,No internet service,No internet service,No internet service,No internet service,No internet service,No internet service,Partial Protection
2320-TZRRH,Yes,No,No,No internet service,No internet service,No internet service,No internet service,No internet service,No internet service,Partial Protection
0231-LXVAP,Yes,No,Fiber optic,No,No,No,Yes,No,No,Partial Protection
9444-JTXHZ,Yes,No,Fiber optic,No,No,Yes,No,No,No,Partial Protection
4942-VZZOM,Yes,Yes,DSL,Yes,No,No,No,Yes,No,Partial Protection
5510-BOIUJ,Yes,No,No,No internet service,No internet service,No internet service,No internet service,No internet service,No internet service,Partial Protection
7502-BNYGS,Yes,No,DSL,No,Yes,No,No,Yes,Yes,Partial Protection
4291-HYEBC,No,No phone service,DSL,No,Yes,No,No,No,Yes,Partial Protection
6147-CBCRA,Yes,No,No,No internet service,No internet service,No internet service,No internet service,No internet service,No internet service,Partial Protection
6047-SUHPR,Yes,No,DSL,Yes,Yes,Yes,No,No,No,Partial Protection
4471-KXAUH,Yes,Yes,Fiber optic,No,No,Yes,Yes,No,No,Partial Protection
9752-ZNQUT,Yes,No,DSL,No,Yes,No,No,No,No,Partial Protection
7638-QVMVY,Yes,No,Fiber optic,No,No,No,No,Yes,No,No Protection
1576-PFZIW,Yes,No,Fiber optic,Yes,Yes,Yes,No,Yes,Yes,Partial Protection
5666-MBJPT,Yes,Yes,No,No internet service,No internet service,No internet service,No internet service,No internet service,No internet service,Partial Protection
7312-XSBAT,Yes,No,DSL,Yes,No,No,No,No,No,Partial Protection
3096-GKWEB,Yes,Yes,Fiber optic,No,No,No,No,Yes,Yes,No Protection
2371-JQHZZ,Yes,Yes,Fiber optic,No,No,No,No,Yes,Yes,No Protection
0674-GCDXG,Yes,Yes,DSL,Yes,No,Yes,Yes,No,Yes,Partial Protection
1121-QSIVB,Yes,Yes,DSL,No,Yes,No,No,Yes,Yes,Partial Protection
4396-KLSEH,Yes,No,No,No internet service,No internet service,No internet service,No internet service,No internet service,No internet service,Partial Protection
3244-DCJWY,Yes,No,Fiber optic,No,No,No,No,No,No,No Protection
2824-MYYBN,Yes,Yes,Fiber optic,No,No,No,No,Yes,Yes,No Protection
0875-CABNR,Yes,No,Fiber optic,No,No,Yes,No,No,Yes,Partial Protection
6345-HOVES,No,No phone service,DSL,No,No,No,No,No,No,No Protection
8318-LCNBW,No,No phone service,DSL,Yes,No,Yes,No,Yes,Yes,Partial Protection
6469-QJKZW,Yes,No,No,No internet service,No internet service,No internet service,No internet service,No internet service,No internet service,Partial Protection
0147-ESWWR,Yes,Yes,Fiber optic,No,No,No,Yes,Yes,Yes,Partial Protection
1217-VASWC,Yes,No,Fiber optic,No,Yes,Yes,No,Yes,Yes,Partial Protection
7812-FZHPE,Yes,Yes,No,No internet service,No internet service,No internet service,No internet service,No internet service,No internet service,Partial Protection
6370-ZVHDV,Yes,Yes,No,No internet service,No internet service,No internet service,No internet service,No internet service,No internet service,Partial Protection
5915-DGNVC,Yes,Yes,DSL,Yes,Yes,Yes,No,No,Yes,Partial Protection
6260-XLACS,Yes,No,No,No internet service,No internet service,No internet service,No internet service,No internet service,No internet service,Partial Protection
3566-CAAYU,No,No phone service,DSL,No,Yes,Yes,Yes,No,Yes,Partial Protection
4983-CCWMC,Yes,No,Fiber optic,No,No,No,No,No,No,No Protection
9103-CXVOK,Yes,No,No,No internet service,No internet service,No internet service,No internet service,No internet service,No internet service,Partial Protection
2896-TBNBE,Yes,No,Fiber optic,No,Yes,Yes,No,No,No,Partial Protection
4797-AXPXK,Yes,No,DSL,Yes,Yes,No,Yes,No,No,Partial Protection
5229-PRWKT,Yes,Yes,Fiber optic,No,No,No,No,No,Yes,No Protection
6982-UQZLY,Yes,No,No,No internet service,No internet service,No internet service,No internet service,No internet service,No internet service,Partial Protection
2522-WLNSF,Yes,No,DSL,No,No,Yes,Yes,Yes,No,Partial Protection
3841-CONLJ,No,No phone service,DSL,No,No,No,No,No,Yes,No Protection
5057-LCOUI,No,No phone service,DSL,No,No,Yes,No,Yes,Yes,Partial Protection
0193-ESZXP,Yes,No,Fiber optic,Yes,Yes,No,Yes,Yes,Yes,Partial Protection
4475-NVTLU,Yes,No,No,No internet service,No internet service,No internet service,No internet service,No internet service,No internet service,Partial Protection
4369-HTUIF,Yes,No,Fiber optic,Yes,No,No,No,Yes,No,Partial Protection
9386-LDCZR,Yes,No,Fiber optic,Yes,Yes,Yes,Yes,No,No,Full Protection
9585-KKMFD,Yes,No,No,No internet service,No internet service,No internet service,No internet service,No internet service,No internet service,Partial Protection
5399-ZIMKF,Yes,No,Fiber optic,No,Yes,No,No,No,No,Partial Protection
0336-KXKFK,No,No phone service,DSL,Yes,No,Yes,Yes,Yes,Yes,Partial Protection
5619-XZZKR,Yes,No,No,No internet service,No internet service,No internet service,No internet service,No internet service,No internet service,Partial Protection
3948-FVVRP,Yes,No,DSL,No,Yes,No,Yes,No,No,Partial Protection
5327-XOKKY,Yes,Yes,DSL,No,No,Yes,No,Yes,Yes,Partial Protection
0983-TATYJ,Yes,No,DSL,No,No,No,Yes,No,No,Partial Protection
1813-JYWTO,Yes,Yes,Fiber optic,Yes,No,No,No,No,No,Partial Protection
0156-FVPTA,Yes,No,DSL,Yes,No,No,Yes,No,No,Partial Protection
1984-FCOWB,Yes,Yes,Fiber optic,No,Yes,Yes,Yes,Yes,Yes,Partial Protection
0654-HMSHN,Yes,Yes,Fiber optic,No,Yes,Yes,No,Yes,Yes,Partial Protection
6719-OXYBR,Yes,No,Fiber optic,No,No,Yes,No,Yes,No,Partial Protection
3312-ZWLGF,Yes,Yes,Fiber optic,No,No,No,Yes,No,No,Partial Protection
6476-YHMGA,Yes,No,DSL,No,Yes,Yes,Yes,Yes,Yes,Partial Protection
5287-QWLKY,Yes,Yes,Fiber optic,Yes,Yes,No,No,Yes,Yes,Partial Protection
0795-XCCTE,Yes,Yes,No,No internet service,No internet service,No internet service,No internet service,No internet service,No internet service,Partial Protection
0168-XZKBB,Yes,Yes,Fiber optic,No,No,No,No,Yes,No,No Protection
3785-NRHYR,Yes,No,No,No internet service,No internet service,No internet service,No internet service,No internet service,No internet service,Partial Protection
5196-SGOAK,Yes,No,Fiber optic,No,Yes,No,No,No,No,Partial Protection
4537-DKTAL,Yes,No,DSL,No,No,No,No,No,No,No Protection
7072-MBHEV,Yes,Yes,Fiber optic,No,No,Yes,No,No,No,Partial Protection
5602-BVFMK,Yes,No,No,No internet service,No internet service,No internet service,No internet service,No internet service,No internet service,Partial Protection
6297-NOOPG,Yes,Yes,Fiber optic,No,Yes,Yes,Yes,Yes,Yes,Partial Protection
1891-UAWWU,Yes,Yes,Fiber optic,No,No,Yes,No,Yes,No,Partial Protection
8204-TIFGJ,Yes,No,No,No internet service,No internet service,No internet service,No internet service,No internet service,No internet service,Partial Protection
8050-DVOJX,Yes,Yes,DSL,Yes,Yes,Yes,Yes,No,Yes,Full Protection
6108-OQZDQ,Yes,Yes,Fiber optic,No,Yes,No,No,Yes,Yes,Partial Protection
0363-QJVFX,Yes,Yes,Fiber optic,Yes,Yes,No,Yes,Yes,Yes,Partial Protection
8903-XEBGX,Yes,No,DSL,No,No,No,No,No,Yes,No Protection
8169-SAEJD,No,No phone service,DSL,Yes,Yes,No,No,Yes,Yes,Partial Protection
9840-DVNDC,Yes,No,Fiber optic,No,No,No,No,Yes,No,No Protection
1089-XZWHH,Yes,No,No,No internet service,No internet service,No internet service,No internet service,No internet service,No internet service,Partial Protection
2325-WINES,Yes,Yes,Fiber optic,No,Yes,Yes,No,Yes,Yes,Partial Protection
6064-ZATLR,Yes,No,DSL,Yes,Yes,No,No,No,No,Partial Protection
3096-JRDSO,Yes,Yes,Fiber optic,Yes,No,No,Yes,Yes,Yes,Partial Protection
7824-PANSQ,Yes,Yes,Fiber optic,No,No,No,Yes,No,No,Partial Protection
8042-JVNFH,Yes,No,Fiber optic,No,No,No,No,No,No,No Protection
9648-BCHKM,Yes,Yes,No,No internet service,No internet service,No internet service,No internet service,No internet service,No internet service,Partial Protection
2888-ADFAO,Yes,No,No,No internet service,No internet service,No internet service,No internet service,No internet service,No internet service,Partial Protection
8707-HOEDG,Yes,Yes,Fiber optic,No,Yes,Yes,Yes,Yes,Yes,Partial Protection
3374-LXDEV,Yes,Yes,Fiber optic,No,Yes,Yes,Yes,No,No,Partial Protection
4072-IPYLT,Yes,No,DSL,Yes,No,No,No,No,No,Partial Protection
7167-PCEYD,Yes,No,No,No internet service,No internet service,No internet service,No internet service,No internet service,No internet service,Partial Protection
4936-YPJNK,Yes,No,No,No internet service,No internet service,No internet service,No internet service,No internet service,No internet service,Partial Protection
1580-BMCMR,Yes,No,Fiber optic,Yes,No,No,No,No,Yes,Partial Protection
4817-KEQSP,Yes,No,No,No internet service,No internet service,No internet service,No internet service,No internet service,No internet service,Partial Protection
6408-WHTEF,Yes,Yes,DSL,Yes,Yes,Yes,Yes,Yes,Yes,Full Protection
9251-AWQGT,Yes,No,No,No internet service,No internet service,No internet service,No internet service,No internet service,No internet service,Partial Protection
8749-CLJXC,Yes,No,No,No internet service,No internet service,No internet service,No internet service,No internet service,No internet service,Partial Protection
7989-VCQOH,Yes,No,DSL,Yes,No,Yes,Yes,Yes,Yes,Partial Protection
5049-GLYVG,Yes,No,No,No internet service,No internet service,No internet service,No internet service,No internet service,No internet service,Partial Protection
4199-QHJNM,Yes,Yes,Fiber optic,No,Yes,No,Yes,Yes,Yes,Partial Protection
8882-TLVRW,No,No phone service,DSL,Yes,No,Yes,Yes,No,No,Partial Protection
5883-GTGVD,Yes,Yes,Fiber optic,No,Yes,No,No,Yes,Yes,Partial Protection
5135-GRQJV,Yes,Yes,Fiber optic,Yes,Yes,Yes,Yes,Yes,Yes,Full Protection
2384-OVPSA,Yes,No,No,No internet service,No internet service,No internet service,No internet service,No internet service,No internet service,Partial Protection
1371-WEPDS,Yes,No,DSL,No,No,No,No,No,Yes,No Protection
3580-GICBM,Yes,Yes,No,No internet service,No internet service,No internet service,No internet service,No internet service,No internet service,Partial Protection
4817-QRJSX,Yes,Yes,Fiber optic,No,Yes,No,No,No,No,Partial Protection
9730-DRTMJ,Yes,Yes,DSL,Yes,No,No,Yes,Yes,No,Partial Protection
4686-UXDML,Yes,Yes,Fiber optic,No,Yes,No,No,Yes,Yes,Partial Protection
3349-ANQNH,Yes,Yes,Fiber optic,No,No,Yes,No,Yes,Yes,Partial Protection
2398-YPMUR,Yes,No,Fiber optic,No,No,No,No,No,No,No Protection
0932-YIXYU,Yes,No,No,No internet service,No internet service,No internet service,No internet service,No internet service,No internet service,Partial Protection
7480-SPLEF,Yes,Yes,No,No internet service,No internet service,No internet service,No internet service,No internet service,No internet service,Partial Protection
7636-XUHWW,Yes,No,No,No internet service,No internet service,No internet service,No internet service,No internet service,No internet service,Partial Protection
1431-CYWMH,Yes,No,No,No internet service,No internet service,No internet service,No internet service,No internet service,No internet service,Partial Protection
5937-EORGB,Yes,Yes,Fiber optic,Yes,No,Yes,No,Yes,No,Partial Protection
6349-JDHQP,Yes,No,No,No internet service,No internet service,No internet service,No internet service,No internet service,No internet service,Partial Protection
5539-HIVAK,Yes,Yes,No,No internet service,No internet service,No internet service,No internet service,No internet service,No internet service,Partial Protection
5847-MXBEO,Yes,No,No,No internet service,No internet service,No internet service,No internet service,No internet service,No internet service,Partial Protection
9985-MWVIX,Yes,No,Fiber optic,No,No,No,No,No,No,No Protection
4583-PARNH,Yes,No,Fiber optic,No,No,Yes,Yes,No,Yes,Partial Protection
1116-FRYVH,No,No phone service,DSL,Yes,Yes,No,Yes,No,No,Partial Protection
1421-HCERK,Yes,Yes,Fiber optic,Yes,Yes,Yes,Yes,Yes,No,Full Protection
9633-XQABV,Yes,No,Fiber optic,No,No,No,No,No,No,No Protection
0716-BQNDX,Yes,Yes,Fiber optic,Yes,No,No,Yes,No,Yes,Partial Protection
1265-XTECC,Yes,Yes,Fiber optic,Yes,Yes,No,No,No,Yes,Partial Protection
1183-CANVH,Yes,No,DSL,No,No,No,Yes,Yes,No,Partial Protection
1972-XMUWV,Yes,No,DSL,No,No,No,Yes,Yes,No,Partial Protection
8679-LZBMD,Yes,No,Fiber optic,No,No,No,No,Yes,Yes,No Protection
3407-JMJQQ,Yes,Yes,Fiber optic,Yes,Yes,Yes,No,Yes,Yes,Partial Protection
6252-DFGTK,Yes,Yes,DSL,Yes,No,Yes,Yes,No,No,Partial Protection
1539-LNKHM,Yes,No,No,No internet service,No internet service,No internet service,No internet service,No internet service,No internet service,Partial Protection
8645-KOMJQ,Yes,Yes,DSL,No,Yes,Yes,Yes,Yes,Yes,Partial Protection
0289-IVARM,Yes,No,DSL,Yes,Yes,Yes,No,No,No,Partial Protection
9761-XUJWD,Yes,No,DSL,No,Yes,No,Yes,No,Yes,Partial Protection
4057-FKCZK,Yes,Yes,Fiber optic,No,No,No,No,Yes,No,No Protection
4291-TPNFG,Yes,Yes,DSL,Yes,Yes,Yes,Yes,No,Yes,Full Protection
6087-YPWHO,Yes,Yes,DSL,Yes,Yes,Yes,Yes,No,No,Full Protection
3090-QFUVD,Yes,No,No,No internet service,No internet service,No internet service,No internet service,No internet service,No internet service,Partial Protection
2237-ZFSMY,Yes,No,Fiber optic,Yes,No,Yes,Yes,Yes,No,Partial Protection
1722-LDZJS,Yes,No,No,No internet service,No internet service,No internet service,No internet service,No internet service,No internet service,Partial Protection
1818-ESQMW,Yes,No,Fiber optic,No,No,Yes,Yes,No,Yes,Partial Protection
4871-JTKJF,Yes,No,Fiber optic,No,No,No,No,No,No,No Protection
1415-YFWLT,Yes,No,Fiber optic,No,No,No,No,Yes,Yes,No Protection
7401-RUBNK,Yes,No,Fiber optic,Yes,No,No,No,No,No,Partial Protection
0506-YLVKJ,Yes,No,No,No internet service,No internet service,No internet service,No internet service,No internet service,No internet service,Partial Protection
8661-BOYNW,Yes,Yes,DSL,Yes,No,Yes,Yes,Yes,Yes,Partial Protection
6711-VTNRE,Yes,No,Fiber optic,No,No,Yes,Yes,No,Yes,Partial Protection
4815-GBTCD,No,No phone service,DSL,No,No,No,No,No,No,No Protection
2805-AUFQN,Yes,No,No,No internet service,No internet service,No internet service,No internet service,No internet service,No internet service,Partial Protection
0980-PVMRC,No,No phone service,DSL,No,Yes,No,No,Yes,Yes,Partial Protection
7233-DRTRF,Yes,Yes,Fiber optic,No,Yes,Yes,No,Yes,Yes,Partial Protection
3500-RMZLT,Yes,No,Fiber optic,Yes,No,Yes,Yes,No,Yes,Partial Protection
3873-NFTGI,Yes,Yes,DSL,No,Yes,No,No,No,No,Partial Protection
1162-ECVII,Yes,Yes,Fiber optic,No,Yes,Yes,Yes,Yes,Yes,Partial Protection
7048-GXDAY,Yes,Yes,Fiber optic,Yes,Yes,No,No,Yes,Yes,Partial Protection
8571-ZCMCX,No,No phone service,DSL,Yes,Yes,Yes,No,Yes,Yes,Partial Protection
1169-WCVAK,Yes,Yes,Fiber optic,Yes,Yes,No,Yes,No,No,Partial Protection
4548-SDBKE,Yes,Yes,Fiber optic,No,No,No,No,Yes,No,No Protection
8066-POXGX,No,No phone service,DSL,No,No,No,No,No,Yes,No Protection
7129-CAKJW,Yes,Yes,Fiber optic,No,No,Yes,No,No,No,Partial Protection
8695-ARGXZ,Yes,Yes,Fiber optic,No,No,No,No,No,No,No Protection
3570-YUEKJ,Yes,No,DSL,No,Yes,No,No,No,No,Partial Protection
4143-OOBWZ,Yes,Yes,Fiber optic,No,Yes,No,No,No,No,Partial Protection
1555-HAPSU,Yes,Yes,No,No internet service,No internet service,No internet service,No internet service,No internet service,No internet service,Partial Protection
1697-NVVGY,Yes,No,DSL,Yes,No,Yes,No,Yes,No,Partial Protection
7854-EKTJL,Yes,No,No,No internet service,No internet service,No internet service,No internet service,No internet service,No internet service,Partial Protection
8464-EETCQ,Yes,No,No,No internet service,No internet service,No internet service,No internet service,No internet service,No internet service,Partial Protection
2419-FSORS,Yes,Yes,Fiber optic,No,Yes,Yes,Yes,Yes,Yes,Partial Protection
8132-YPVBX,Yes,No,Fiber optic,No,Yes,No,No,No,Yes,Partial Protection
9102-IAYHT,Yes,Yes,Fiber optic,No,No,No,No,No,Yes,No Protection
6754-LZUKA,Yes,Yes,DSL,No,Yes,Yes,No,Yes,Yes,Partial Protection
3422-LYEPQ,Yes,No,Fiber optic,No,No,No,No,No,No,No Protection
8099-MZPUJ,Yes,Yes,Fiber optic,Yes,Yes,Yes,Yes,Yes,Yes,Full Protection
0787-LHDYT,Yes,No,No,No internet service,No internet service,No internet service,No internet service,No internet service,No internet service,Partial Protection
2642-DTVCO,Yes,Yes,Fiber optic,No,No,No,No,No,Yes,No Protection
0374-IOEGQ,Yes,No,DSL,No,No,No,No,No,No,No Protection
4361-JEIVL,Yes,No,DSL,No,No,No,No,No,No,No Protection
3197-NNYNB,Yes,Yes,Fiber optic,No,Yes,Yes,No,Yes,Yes,Partial Protection
3396-DKDEL,Yes,Yes,Fiber optic,Yes,Yes,Yes,Yes,Yes,Yes,Full Protection
1752-OZXFY,Yes,No,DSL,Yes,No,No,No,Yes,No,Partial Protection
9066-QRSDU,Yes,Yes,No,No internet service,No internet service,No internet service,No internet service,No internet service,No internet service,Partial Protection
9112-WSNPU,Yes,No,Fiber optic,No,No,No,No,No,No,No Protection
9867-NNXLC,Yes,No,No,No internet service,No internet service,No internet service,No internet service,No internet service,No internet service,Partial Protection
5321-NTRKC,Yes,Yes,DSL,No,Yes,Yes,No,Yes,Yes,Partial Protection
1363-TXLSL,Yes,No,Fiber optic,No,No,No,No,No,No,No Protection
9507-EXLTT,Yes,No,Fiber optic,No,No,No,No,Yes,No,No Protection
3161-GETRM,Yes,Yes,Fiber optic,No,No,Yes,No,No,Yes,Partial Protection
0402-OAMEN,Yes,Yes,No,No internet service,No internet service,No internet service,No internet service,No internet service,No internet service,Partial Protection
6933-VLYFX,No,No phone service,DSL,Yes,No,Yes,Yes,Yes,Yes,Partial Protection
6754-WKSHP,Yes,Yes,No,No internet service,No internet service,No internet service,No internet service,No internet service,No internet service,Partial Protection
9846-GKXAS,Yes,No,Fiber optic,No,No,No,No,Yes,Yes,No Protection
6017-PPLPX,Yes,No,Fiber optic,No,No,No,No,No,No,No Protection
4976-LNFVV,No,No phone service,DSL,No,Yes,Yes,No,No,No,Partial Protection
5055-MGMGF,Yes,Yes,Fiber optic,Yes,No,Yes,No,Yes,Yes,Partial Protection
4641-FROLU,Yes,No,No,No internet service,No internet service,No internet service,No internet service,No internet service,No internet service,Partial Protection
2862-JVEOY,Yes,No,No,No internet service,No internet service,No internet service,No internet service,No internet service,No internet service,Partial Protection
2969-QWUBZ,No,No phone service,DSL,No,Yes,No,No,Yes,Yes,Partial Protection
9822-BIIGN,Yes,Yes,DSL,Yes,No,No,Yes,No,Yes,Partial Protection
2077-MPJQO,Yes,Yes,Fiber optic,No,No,No,No,No,No,No Protection
1534-OULXE,Yes,No,DSL,Yes,No,No,No,No,No,Partial Protection
7136-RVDTZ,No,No phone service,DSL,No,No,No,No,Yes,Yes,No Protection
2971-SGAFL,Yes,Yes,DSL,Yes,No,Yes,No,Yes,Yes,Partial Protection
1480-IVEVR,Yes,Yes,Fiber optic,No,No,Yes,No,No,No,Partial Protection
2905-KFQUV,Yes,No,Fiber optic,No,No,No,No,No,No,No Protection
4581-SSPWD,Yes,Yes,Fiber optic,No,No,No,No,No,No,No Protection
3370-HXOPH,Yes,Yes,Fiber optic,No,No,No,No,No,No,No Protection
9391-YZEJW,Yes,Yes,Fiber optic,No,No,No,No,Yes,Yes,No Protection
9958-MEKUC,Yes,Yes,Fiber optic,Yes,Yes,Yes,Yes,No,Yes,Full Protection
0281-CNTZX,Yes,No,No,No internet service,No internet service,No internet service,No internet service,No internet service,No internet service,Partial Protection
6927-WTFIV,Yes,No,Fiber optic,No,No,No,No,No,No,No Protection
4118-CEVPF,Yes,Yes,Fiber optic,Yes,Yes,Yes,Yes,Yes,Yes,Full Protection
3398-ZOUAA,Yes,No,Fiber optic,No,No,No,No,No,No,No Protection
9114-VEPUF,Yes,Yes,Fiber optic,Yes,Yes,No,No,No,Yes,Partial Protection
7876-BEUTG,Yes,Yes,DSL,No,No,No,No,No,No,No Protection
2338-BQEZT,Yes,No,DSL,Yes,No,No,No,No,No,Partial Protection
9873-MNDKV,Yes,No,DSL,No,No,No,No,No,No,No Protection
0378-NHQXU,Yes,Yes,Fiber optic,No,No,Yes,No,Yes,No,Partial Protection
8241-JUIQO,Yes,No,No,No internet service,No internet service,No internet service,No internet service,No internet service,No internet service,Partial Protection
2194-IIQOF,Yes,Yes,DSL,Yes,Yes,Yes,Yes,Yes,Yes,Full Protection
4512-ZUIYL,Yes,No,Fiber optic,No,No,No,No,No,No,No Protection
9631-RXVJM,Yes,No,No,No internet service,No internet service,No internet service,No internet service,No internet service,No internet service,Partial Protection
9584-EXCDZ,Yes,No,Fiber optic,No,No,No,No,No,No,No Protection
7969-AULMZ,Yes,Yes,Fiber optic,No,No,No,No,Yes,Yes,No Protection
5093-FEGLU,Yes,No,No,No internet service,No internet service,No internet service,No internet service,No internet service,No internet service,Partial Protection
2621-UDNLU,Yes,No,No,No internet service,No internet service,No internet service,No internet service,No internet service,No internet service,Partial Protection
7526-IVLYU,Yes,No,No,No internet service,No internet service,No internet service,No internet service,No internet service,No internet service,Partial Protection
2428-HYUNX,Yes,No,No,No internet service,No internet service,No internet service,No internet service,No internet service,No internet service,Partial Protection
9214-EKVXR,Yes,No,DSL,No,No,No,No,No,No,No Protection
3410-MHHUM,Yes,Yes,Fiber optic,No,Yes,Yes,No,No,Yes,Partial Protection
0568-ONFPC,Yes,Yes,No,No internet service,No internet service,No internet service,No internet service,No internet service,No internet service,Partial Protection
0733-VUNUW,Yes,Yes,DSL,Yes,No,No,No,No,No,Partial Protection
4550-EVXNY,Yes,No,Fiber optic,No,No,No,No,No,No,No Protection
2122-YWVYA,Yes,No,Fiber optic,Yes,No,No,No,No,No,Partial Protection
2968-SSGAA,Yes,Yes,Fiber optic,No,No,Yes,No,Yes,Yes,Partial Protection
2296-DKZFP,Yes,No,DSL,Yes,Yes,Yes,No,No,Yes,Partial Protection
4844-JJWUY,Yes,No,Fiber optic,No,Yes,No,No,No,Yes,Partial Protection
6777-TGHTM,Yes,Yes,Fiber optic,Yes,No,Yes,No,Yes,Yes,Partial Protection
8909-BOLNL,Yes,No,No,No internet service,No internet service,No internet service,No internet service,No internet service,No internet service,Partial Protection
6603-YRDCJ,Yes,No,DSL,Yes,Yes,No,Yes,No,No,Partial Protection
3538-WZPHD,No,No phone service,DSL,No,Yes,No,No,No,No,Partial Protection
3229-USWAR,Yes,No,DSL,Yes,No,Yes,Yes,Yes,Yes,Partial Protection
2138-VFAPZ,Yes,No,No,No internet service,No internet service,No internet service,No internet service,No internet service,No internet service,Partial Protection
6131-JLWZM,Yes,No,No,No internet service,No internet service,No internet service,No internet service,No internet service,No internet service,Partial Protection
4785-QRJHC,No,No phone service,DSL,No,Yes,Yes,Yes,Yes,Yes,Partial Protection
0269-XFESX,Yes,Yes,No,No internet service,No internet service,No internet service,No internet service,No internet service,No internet service,Partial Protection
1709-EJDOX,Yes,No,No,No internet service,No internet service,No internet service,No internet service,No internet service,No internet service,Partial Protection
4316-XCSLJ,Yes,No,DSL,Yes,No,No,No,No,No,Partial Protection
8610-WFCJF,Yes,Yes,Fiber optic,No,No,No,No,Yes,Yes,No Protection
9693-XMUOB,No,No phone service,DSL,No,Yes,No,No,Yes,Yes,Partial Protection
0383-CLDDA,Yes,Yes,DSL,Yes,No,Yes,Yes,Yes,Yes,Partial Protection
4905-JEFDW,No,No phone service,DSL,No,No,Yes,No,Yes,No,Partial Protection
2709-UQGNP,Yes,No,DSL,Yes,No,No,No,No,No,Partial Protection
3549-ZTMNH,Yes,Yes,No,No internet service,No internet service,No internet service,No internet service,No internet service,No internet service,Partial Protection
7881-INRLC,Yes,Yes,Fiber optic,No,Yes,No,No,Yes,Yes,Partial Protection
8033-ATFAS,Yes,No,DSL,No,No,Yes,No,Yes,No,Partial Protection
1635-NZATJ,Yes,Yes,No,No internet service,No internet service,No internet service,No internet service,No internet service,No internet service,Partial Protection
0562-HKHML,Yes,Yes,No,No internet service,No internet service,No internet service,No internet service,No internet service,No internet service,Partial Protection
8277-RVRSV,Yes,Yes,No,No internet service,No internet service,No internet service,No internet service,No internet service,No internet service,Partial Protection
9943-VSZUV,Yes,Yes,Fiber optic,No,No,No,No,No,No,No Protection
0117-LFRMW,No,No phone service,DSL,Yes,Yes,Yes,No,No,No,Partial Protection
6172-FECYY,Yes,Yes,Fiber optic,No,No,No,No,Yes,No,No Protection
7054-ENNGU,Yes,No,DSL,No,Yes,No,No,No,No,Partial Protection
1455-HFBXA,Yes,Yes,Fiber optic,Yes,No,Yes,Yes,No,No,Partial Protection
9402-CXWPL,Yes,Yes,Fiber optic,No,Yes,No,No,Yes,Yes,Partial Protection
1628-BIZYP,Yes,No,Fiber optic,No,Yes,No,No,No,Yes,Partial Protection
1965-AKTSX,Yes,Yes,Fiber optic,No,Yes,No,No,No,No,Partial Protection
0082-LDZUE,Yes,No,DSL,No,No,No,No,No,No,No Protection
4786-UKSNZ,Yes,No,No,No internet service,No internet service,No internet service,No internet service,No internet service,No internet service,Partial Protection
5343-SGUBI,Yes,Yes,Fiber optic,No,Yes,No,No,No,No,Partial Protection
0856-NAOES,Yes,No,DSL,No,No,Yes,No,Yes,No,Partial Protection
1976-AZZPJ,No,No phone service,DSL,Yes,Yes,No,No,No,No,Partial Protection
7248-VZQLC,Yes,Yes,Fiber optic,No,Yes,Yes,No,No,No,Partial Protection
6156-UZDLF,Yes,No,Fiber optic,Yes,No,Yes,Yes,No,No,Partial Protection
3099-OONVS,Yes,No,DSL,Yes,No,No,Yes,No,No,Partial Protection
9500-WBGRP,Yes,No,No,No internet service,No internet service,No internet service,No internet service,No internet service,No internet service,Partial Protection
5183-KLYEM,Yes,Yes,Fiber optic,Yes,Yes,Yes,Yes,Yes,Yes,Full Protection
5144-PQCDZ,Yes,No,No,No internet service,No internet service,No internet service,No internet service,No internet service,No internet service,Partial Protection
8514-VZHEB,Yes,No,No,No internet service,No internet service,No internet service,No internet service,No internet service,No internet service,Partial Protection
6625-IUTTT,Yes,No,DSL,Yes,No,Yes,No,No,Yes,Partial Protection
9355-NPPFS,Yes,No,Fiber optic,No,No,No,No,No,Yes,No Protection
0068-FIGTF,Yes,No,DSL,No,Yes,Yes,Yes,Yes,Yes,Partial Protection
5965-GGPRW,Yes,Yes,Fiber optic,Yes,No,Yes,No,Yes,Yes,Partial Protection
8035-PWSEV,Yes,No,Fiber optic,No,No,Yes,Yes,No,Yes,Partial Protection
2236-HILPA,Yes,No,No,No internet service,No internet service,No internet service,No internet service,No internet service,No internet service,Partial Protection
1840-BIUOG,Yes,Yes,DSL,No,Yes,No,Yes,Yes,No,Partial Protection
1356-MKYSK,Yes,No,DSL,Yes,No,Yes,Yes,Yes,Yes,Partial Protection
6080-LNESI,Yes,Yes,No,No internet service,No internet service,No internet service,No internet service,No internet service,No internet service,Partial Protection
1830-IPXVJ,Yes,No,No,No internet service,No internet service,No internet service,No internet service,No internet service,No internet service,Partial Protection
5828-DWPIL,Yes,Yes,Fiber optic,Yes,Yes,Yes,No,No,No,Partial Protection
8398-TBIYD,Yes,Yes,Fiber optic,Yes,No,No,Yes,No,No,Partial Protection
0011-IGKFF,Yes,No,Fiber optic,No,Yes,Yes,No,Yes,Yes,Partial Protection
4192-GORJT,Yes,No,Fiber optic,No,No,Yes,No,Yes,Yes,Partial Protection
6496-SLWHQ,Yes,Yes,Fiber optic,No,Yes,Yes,No,Yes,Yes,Partial Protection
9912-GVSEQ,Yes,Yes,Fiber optic,No,Yes,Yes,No,No,Yes,Partial Protection
2931-FSOHN,Yes,No,DSL,No,Yes,No,No,Yes,No,Partial Protection
9418-RUKPH,Yes,No,No,No internet service,No internet service,No internet service,No internet service,No internet service,No internet service,Partial Protection
5383-MMTWC,Yes,Yes,Fiber optic,No,No,No,No,No,Yes,No Protection
9971-ZWPBF,Yes,Yes,Fiber optic,No,Yes,Yes,Yes,Yes,Yes,Partial Protection
4712-AUQZO,No,No phone service,DSL,Yes,No,Yes,No,No,No,Partial Protection
9711-FJTBX,Yes,No,Fiber optic,No,Yes,Yes,Yes,No,No,Partial Protection
2908-ZTPNF,No,No phone service,DSL,No,Yes,No,Yes,No,No,Partial Protection
7240-ETPTR,No,No phone service,DSL,No,No,Yes,No,Yes,Yes,Partial Protection
2202-CUYXZ,Yes,No,Fiber optic,No,No,Yes,No,Yes,No,Partial Protection
5995-OIGLP,Yes,No,DSL,Yes,No,No,Yes,No,No,Partial Protection
8421-WZOOW,Yes,No,Fiber optic,No,Yes,Yes,Yes,Yes,No,Partial Protection
6261-RCVNS,Yes,No,DSL,Yes,Yes,Yes,Yes,No,Yes,Full Protection
7951-QKZPL,Yes,Yes,No,No internet service,No internet service,No internet service,No internet service,No internet service,No internet service,Partial Protection
1414-YADCW,Yes,No,Fiber optic,Yes,Yes,No,Yes,No,No,Partial Protection
8756-RDDLT,No,No phone service,DSL,No,Yes,No,Yes,No,Yes,Partial Protection
2862-PFNIK,No,No phone service,DSL,No,No,No,No,No,No,No Protection
5816-QVHRX,Yes,Yes,Fiber optic,No,No,No,Yes,Yes,Yes,Partial Protection
4430-YHXGG,Yes,Yes,No,No internet service,No internet service,No internet service,No internet service,No internet service,No internet service,Partial Protection
6888-SBYAI,Yes,No,DSL,Yes,No,No,No,No,No,Partial Protection
7395-XWZOY,No,No phone service,DSL,Yes,Yes,Yes,Yes,Yes,No,Full Protection
7169-YWAMK,Yes,No,DSL,Yes,Yes,No,Yes,Yes,No,Partial Protection
3640-PHQXK,Yes,Yes,Fiber optic,No,No,Yes,No,No,Yes,Partial Protection
6877-LGWXO,Yes,No,Fiber optic,No,No,No,No,No,Yes,No Protection
6859-RKMZJ,Yes,No,DSL,No,No,No,No,Yes,No,No Protection
2729-VNVAP,Yes,No,No,No internet service,No internet service,No internet service,No internet service,No internet service,No internet service,Partial Protection
2957-JIRMN,Yes,Yes,Fiber optic,No,No,No,No,Yes,No,No Protection
2049-BAFNW,No,No phone service,DSL,No,No,Yes,Yes,No,No,Partial Protection
3842-QTGDL,Yes,No,Fiber optic,Yes,Yes,No,No,No,No,Partial Protection
7163-OCEQI,Yes,Yes,DSL,No,No,Yes,Yes,Yes,Yes,Partial Protection
9782-LGXMC,Yes,No,DSL,Yes,No,Yes,Yes,No,No,Partial Protection
5975-BAICR,Yes,No,DSL,Yes,No,Yes,No,No,Yes,Partial Protection
8019-ENHXU,Yes,Yes,Fiber optic,No,Yes,Yes,Yes,No,Yes,Partial Protection
5167-GBFRE,No,No phone service,DSL,No,No,No,No,No,No,No Protection
9033-EOXWV,Yes,Yes,DSL,No,No,No,Yes,Yes,Yes,Partial Protection
4673-KKSLS,Yes,No,Fiber optic,Yes,No,Yes,Yes,No,No,Partial Protection
4853-OITSN,Yes,Yes,Fiber optic,Yes,No,No,No,No,Yes,Partial Protection
9800-OUIGR,Yes,No,No,No internet service,No internet service,No internet service,No internet service,No internet service,No internet service,Partial Protection
1324-NLTJE,Yes,Yes,DSL,No,No,No,Yes,No,No,Partial Protection
2324-EFHVG,Yes,Yes,Fiber optic,No,Yes,Yes,No,Yes,Yes,Partial Protection
7094-MSZAO,Yes,No,No,No internet service,No internet service,No internet service,No internet service,No internet service,No internet service,Partial Protection
1522-VVDMG,Yes,No,Fiber optic,No,Yes,No,Yes,Yes,No,Partial Protection
6907-CQGPN,No,No phone service,DSL,No,Yes,No,Yes,No,No,Partial Protection
0780-XNZFN,Yes,No,No,No internet service,No internet service,No internet service,No internet service,No internet service,No internet service,Partial Protection
0239-OXEXL,Yes,Yes,Fiber optic,Yes,Yes,No,No,No,No,Partial Protection
2675-IJRGJ,Yes,No,No,No internet service,No internet service,No internet service,No internet service,No internet service,No internet service,Partial Protection
7049-GKVZY,Yes,No,DSL,Yes,Yes,No,Yes,Yes,Yes,Partial Protection
8577-QSOCG,Yes,No,No,No internet service,No internet service,No internet service,No internet service,No internet service,No internet service,Partial Protection
3721-CNZHX,Yes,No,No,No internet service,No internet service,No internet service,No internet service,No internet service,No internet service,Partial Protection
0212-ISBBF,No,No phone service,DSL,No,Yes,No,No,Yes,Yes,Partial Protection
9185-TQCVP,Yes,Yes,Fiber optic,No,No,No,No,No,Yes,No Protection
3585-YNADK,Yes,Yes,DSL,No,Yes,Yes,Yes,Yes,No,Partial Protection
5271-DBYSJ,Yes,No,Fiber optic,No,No,No,No,No,Yes,No Protection
1099-GODLO,Yes,No,No,No internet service,No internet service,No internet service,No internet service,No internet service,No internet service,Partial Protection
6828-HMKWP,Yes,No,No,No internet service,No internet service,No internet service,No internet service,No internet service,No internet service,Partial Protection
5567-WSELE,Yes,Yes,Fiber optic,No,No,No,No,Yes,Yes,No Protection
1472-TNCWL,Yes,No,Fiber optic,No,Yes,No,No,Yes,Yes,Partial Protection
8063-RJYNF,Yes,No,Fiber optic,Yes,No,No,No,Yes,Yes,Partial Protection
0687-ZVTHB,Yes,Yes,DSL,Yes,Yes,Yes,No,No,Yes,Partial Protection
2080-GKCWQ,Yes,No,Fiber optic,No,Yes,No,No,No,No,Partial Protection
9661-ACXBS,Yes,Yes,Fiber optic,Yes,No,Yes,No,Yes,Yes,Partial Protection
2193-SFWQW,Yes,No,Fiber optic,Yes,Yes,Yes,Yes,Yes,Yes,Full Protection
5656-JAMLX,Yes,No,No,No internet service,No internet service,No internet service,No internet service,No internet service,No internet service,Partial Protection
3462-BJQQA,Yes,Yes,Fiber optic,No,Yes,No,No,Yes,No,Partial Protection
0442-TDYUO,Yes,No,No,No internet service,No internet service,No internet service,No internet service,No internet service,No internet service,Partial Protection
6733-LRIZX,Yes,Yes,Fiber optic,Yes,No,Yes,Yes,Yes,Yes,Partial Protection
9503-XJUME,Yes,No,No,No internet service,No internet service,No internet service,No internet service,No internet service,No internet service,Partial Protection
4367-NHWMM,No,No phone service,DSL,No,No,No,No,No,No,No Protection
3727-RJMEO,Yes,Yes,Fiber optic,No,No,No,No,Yes,No,No Protection
3779-OSWCF,Yes,Yes,DSL,Yes,Yes,Yes,Yes,Yes,Yes,Full Protection
6736-DHUQI,Yes,No,Fiber optic,Yes,Yes,Yes,No,No,No,Partial Protection
3915-ODIYG,Yes,Yes,DSL,Yes,Yes,No,No,No,Yes,Partial Protection
1360-RCYRT,No,No phone service,DSL,No,No,No,Yes,No,No,Partial Protection
2724-FJDYW,No,No phone service,DSL,No,No,Yes,Yes,Yes,Yes,Partial Protection
4451-RWASJ,Yes,No,No,No internet service,No internet service,No internet service,No internet service,No internet service,No internet service,Partial Protection
6646-VRFOL,Yes,Yes,Fiber optic,No,Yes,Yes,No,Yes,Yes,Partial Protection
3460-TJBWI,Yes,Yes,No,No internet service,No internet service,No internet service,No internet service,No internet service,No internet service,Partial Protection
5917-HBSDW,Yes,No,No,No internet service,No internet service,No internet service,No internet service,No internet service,No internet service,Partial Protection
5685-IIXLY,Yes,No,Fiber optic,No,Yes,No,No,No,Yes,Partial Protection
5671-UUNXD,Yes,Yes,Fiber optic,No,No,No,Yes,Yes,Yes,Partial Protection
0956-ACVZC,Yes,No,Fiber optic,No,No,Yes,No,Yes,Yes,Partial Protection
2325-NBPZG,Yes,No,Fiber optic,Yes,No,No,No,No,No,Partial Protection
4250-ZBWLV,Yes,Yes,Fiber optic,No,Yes,Yes,Yes,Yes,Yes,Partial Protection
4482-FTFFX,Yes,No,DSL,No,No,Yes,Yes,No,No,Partial Protection
8859-DZTGQ,Yes,No,No,No internet service,No internet service,No internet service,No internet service,No internet service,No internet service,Partial Protection
0440-MOGPM,Yes,Yes,DSL,No,Yes,Yes,No,Yes,Yes,Partial Protection
0020-JDNXP,No,No phone service,DSL,Yes,No,Yes,Yes,Yes,Yes,Partial Protection
3752-CQSJI,Yes,No,No,No internet service,No internet service,No internet service,No internet service,No internet service,No internet service,Partial Protection
5025-GOOKI,Yes,No,No,No internet service,No internet service,No internet service,No internet service,No internet service,No internet service,Partial Protection
4698-KVLLG,Yes,No,No,No internet service,No internet service,No internet service,No internet service,No internet service,No internet service,Partial Protection
5095-AESKG,Yes,Yes,Fiber optic,No,Yes,No,No,No,Yes,Partial Protection
2887-JPYLU,Yes,No,DSL,No,No,No,No,No,No,No Protection
4770-QAZXN,Yes,No,No,No internet service,No internet service,No internet service,No internet service,No internet service,No internet service,Partial Protection
4896-CPRPF,Yes,Yes,No,No internet service,No internet service,No internet service,No internet service,No internet service,No internet service,Partial Protection
1871-MOWRM,Yes,No,Fiber optic,Yes,No,No,Yes,No,No,Partial Protection
9714-EDSUC,Yes,No,Fiber optic,Yes,Yes,No,Yes,No,Yes,Partial Protection
2027-OAQQC,No,No phone service,DSL,No,No,Yes,No,Yes,Yes,Partial Protection
0282-NVSJS,No,No phone service,DSL,No,No,No,Yes,No,No,Partial Protection
9090-SGQXL,Yes,Yes,Fiber optic,No,Yes,Yes,No,Yes,Yes,Partial Protection
6595-YGXIT,Yes,Yes,Fiber optic,No,Yes,No,No,Yes,No,Partial Protection
7353-YOWFP,Yes,No,No,No internet service,No internet service,No internet service,No internet service,No internet service,No internet service,Partial Protection
9835-ZIITK,Yes,Yes,Fiber optic,No,Yes,Yes,Yes,Yes,Yes,Partial Protection
8008-ESFLK,Yes,No,Fiber optic,Yes,Yes,Yes,Yes,Yes,Yes,Full Protection
7537-CBQUZ,Yes,Yes,Fiber optic,Yes,Yes,Yes,No,Yes,Yes,Partial Protection
1555-DJEQW,Yes,Yes,Fiber optic,Yes,Yes,Yes,Yes,Yes,Yes,Full Protection
5649-TJHOV,No,No phone service,DSL,No,No,No,No,No,Yes,No Protection
0519-XUZJU,Yes,No,Fiber optic,No,No,No,No,No,No,No Protection
3363-EWLGO,Yes,No,No,No internet service,No internet service,No internet service,No internet service,No internet service,No internet service,Partial Protection
4750-UKWJK,Yes,No,No,No internet service,No internet service,No internet service,No internet service,No internet service,No internet service,Partial Protection
6338-AVWCY,No,No phone service,DSL,No,No,Yes,No,Yes,No,Partial Protection
1689-YQBYY,Yes,Yes,Fiber optic,No,No,No,No,No,No,No Protection
4487-ZYJZK,Yes,No,No,No internet service,No internet service,No internet service,No internet service,No internet service,No internet service,Partial Protection
2959-FENLU,Yes,No,Fiber optic,No,No,Yes,No,No,Yes,Partial Protection
0708-LGSMF,Yes,Yes,DSL,Yes,No,No,No,No,Yes,Partial Protection
9253-QXKBE,Yes,Yes,Fiber optic,No,No,No,No,Yes,Yes,No Protection
7634-HLQJR,Yes,No,No,No internet service,No internet service,No internet service,No internet service,No internet service,No internet service,Partial Protection
0487-RPVUM,Yes,Yes,Fiber optic,Yes,No,Yes,Yes,Yes,No,Partial Protection
4079-ULGFR,Yes,No,No,No internet service,No internet service,No internet service,No internet service,No internet service,No internet service,Partial Protection
2516-XSJKX,Yes,No,DSL,Yes,Yes,No,Yes,Yes,Yes,Partial Protection
0057-QBUQH,Yes,Yes,No,No internet service,No internet service,No internet service,No internet service,No internet service,No internet service,Partial Protection
9445-SZLCH,Yes,Yes,Fiber optic,No,Yes,Yes,No,Yes,No,Partial Protection
6599-SFQVE,Yes,No,DSL,No,No,No,No,No,Yes,No Protection
8331-ZXFOE,Yes,Yes,DSL,Yes,Yes,Yes,Yes,No,No,Full Protection
4003-FUSHP,Yes,No,DSL,No,No,No,Yes,Yes,No,Partial Protection
0356-ERHVT,Yes,No,DSL,No,No,No,No,No,No,No Protection
7325-ENZFI,No,No phone service,DSL,Yes,Yes,No,Yes,No,No,Partial Protection
4884-ZTHVF,Yes,No,Fiber optic,No,Yes,No,No,Yes,No,Partial Protection
3920-HIHMQ,Yes,Yes,DSL,No,No,No,No,No,No,No Protection
3055-OYMSE,Yes,No,Fiber optic,No,Yes,No,No,No,No,Partial Protection
0613-WUXUM,Yes,No,No,No internet service,No internet service,No internet service,No internet service,No internet service,No internet service,Partial Protection
7568-PODML,No,No phone service,DSL,No,No,No,No,Yes,Yes,No Protection
4458-KVRBJ,Yes,Yes,No,No internet service,No internet service,No internet service,No internet service,No internet service,No internet service,Partial Protection
5349-IECLD,Yes,No,Fiber optic,No,No,Yes,No,Yes,Yes,Partial Protection
1397-XKKWR,No,No phone service,DSL,Yes,No,Yes,No,No,No,Partial Protection
3945-GFWQL,Yes,No,DSL,No,No,No,No,No,No,No Protection
8097-OMULG,Yes,No,DSL,No,Yes,Yes,Yes,Yes,Yes,Partial Protection
6013-BHCAW,Yes,Yes,DSL,No,No,Yes,Yes,Yes,Yes,Partial Protection
0401-WDBXM,Yes,Yes,Fiber optic,Yes,No,Yes,No,Yes,Yes,Partial Protection
3387-PLKUI,Yes,No,No,No internet service,No internet service,No internet service,No internet service,No internet service,No internet service,Partial Protection
6096-EGVTU,Yes,Yes,No,No internet service,No internet service,No internet service,No internet service,No internet service,No internet service,Partial Protection
3797-VTIDR,No,No phone service,DSL,No,No,No,No,No,No,No Protection
5081-NWSUP,Yes,No,DSL,No,Yes,No,Yes,No,Yes,Partial Protection
2580-ATZSQ,Yes,No,DSL,Yes,Yes,Yes,No,No,No,Partial Protection
8085-MSNLK,Yes,Yes,Fiber optic,Yes,Yes,Yes,Yes,Yes,Yes,Full Protection
9691-HKOVS,Yes,Yes,DSL,Yes,Yes,Yes,Yes,Yes,Yes,Full Protection
9881-VCZEP,Yes,Yes,DSL,No,Yes,No,No,No,No,Partial Protection
9526-BIHHD,No,No phone service,DSL,Yes,No,No,No,No,No,Partial Protection
8757-TFHHJ,Yes,No,DSL,Yes,No,No,No,No,No,Partial Protection
4523-WXCEF,Yes,Yes,Fiber optic,No,Yes,No,No,Yes,Yes,Partial Protection
1468-DEFNC,Yes,Yes,No,No internet service,No internet service,No internet service,No internet service,No internet service,No internet service,Partial Protection
5119-KEPFY,Yes,Yes,Fiber optic,No,No,No,No,Yes,Yes,No Protection
8364-TRMMK,Yes,Yes,DSL,No,No,No,No,No,No,No Protection
0916-KNFAJ,Yes,Yes,DSL,Yes,No,Yes,No,No,Yes,Partial Protection
8319-QBEHW,No,No phone service,DSL,No,Yes,No,No,Yes,No,Partial Protection
3063-QFSZL,Yes,No,DSL,No,No,No,No,No,Yes,No Protection
8775-LHDJH,Yes,Yes,Fiber optic,No,Yes,No,No,Yes,No,Partial Protection
9625-QNLUX,Yes,No,Fiber optic,Yes,Yes,Yes,No,Yes,Yes,Partial Protection
3097-NQYSN,Yes,Yes,Fiber optic,No,No,No,No,Yes,No,No Protection
4024-CSNBY,Yes,Yes,Fiber optic,Yes,Yes,Yes,Yes,No,No,Full Protection
7110-BDTWG,No,No phone service,DSL,No,No,Yes,Yes,No,Yes,Partial Protection
7493-GVFIO,Yes,No,No,No internet service,No internet service,No internet service,No internet service,No internet service,No internet service,Partial Protection
0690-SRQID,Yes,No,No,No internet service,No internet service,No internet service,No internet service,No internet service,No internet service,Partial Protection
9605-WGJVW,Yes,No,Fiber optic,No,No,No,No,No,No,No Protection
9114-DPSIA,Yes,Yes,DSL,Yes,Yes,Yes,Yes,No,Yes,Full Protection
4700-UBQMV,Yes,Yes,DSL,Yes,No,No,No,Yes,Yes,Partial Protection
7711-GQBZC,Yes,Yes,No,No internet service,No internet service,No internet service,No internet service,No internet service,No internet service,Partial Protection
3565-UNOCC,Yes,Yes,Fiber optic,No,No,Yes,No,Yes,Yes,Partial Protection
4627-MIHJH,Yes,Yes,Fiber optic,Yes,No,Yes,Yes,Yes,Yes,Partial Protection
9795-NREXC,Yes,Yes,DSL,Yes,No,Yes,Yes,Yes,Yes,Partial Protection
8573-CGOCC,Yes,No,No,No internet service,No internet service,No internet service,No internet service,No internet service,No internet service,Partial Protection
7356-AYNJP,Yes,Yes,No,No internet service,No internet service,No internet service,No internet service,No internet service,No internet service,Partial Protection
9249-FXSCK,Yes,Yes,Fiber optic,Yes,Yes,No,Yes,Yes,Yes,Partial Protection
5493-SDRDQ,Yes,No,DSL,Yes,No,Yes,No,No,No,Partial Protection
6286-SUUWT,Yes,No,No,No internet service,No internet service,No internet service,No internet service,No internet service,No internet service,Partial Protection
4819-HJPIW,No,No phone service,DSL,No,No,No,No,No,No,No Protection
8654-DHAOW,Yes,Yes,DSL,No,Yes,No,No,No,No,Partial Protection
5438-QMDDL,Yes,No,DSL,No,Yes,No,No,No,Yes,Partial Protection
9812-GHVRI,Yes,Yes,Fiber optic,No,No,No,No,No,Yes,No Protection
5553-AOINX,Yes,Yes,Fiber optic,No,Yes,Yes,No,Yes,Yes,Partial Protection
1228-ZLNBX,Yes,Yes,Fiber optic,No,No,No,No,No,No,No Protection
4226-KKDON,Yes,No,DSL,No,Yes,No,Yes,Yes,No,Partial Protection
3831-YCPUO,Yes,No,Fiber optic,Yes,Yes,Yes,Yes,Yes,Yes,Full Protection
7445-WMRBW,Yes,Yes,DSL,No,Yes,Yes,Yes,Yes,No,Partial Protection
3308-DGHKL,Yes,No,No,No internet service,No internet service,No internet service,No internet service,No internet service,No internet service,Partial Protection
9924-JPRMC,Yes,Yes,Fiber optic,Yes,Yes,Yes,Yes,Yes,Yes,Full Protection
0080-EMYVY,Yes,No,DSL,No,Yes,No,No,No,No,Partial Protection
6218-KNUBD,Yes,No,DSL,No,Yes,No,No,Yes,No,Partial Protection
7337-CINUD,Yes,No,No,No internet service,No internet service,No internet service,No internet service,No internet service,No internet service,Partial Protection
7609-NRNCA,Yes,No,No,No internet service,No internet service,No internet service,No internet service,No internet service,No internet service,Partial Protection
0623-EJQEG,Yes,Yes,Fiber optic,Yes,No,No,Yes,No,Yes,Partial Protection
7153-CHRBV,Yes,No,DSL,Yes,No,Yes,Yes,No,No,Partial Protection
0871-URUWO,Yes,Yes,Fiber optic,No,No,Yes,No,Yes,Yes,Partial Protection
9190-MFJLN,Yes,No,Fiber optic,No,No,Yes,No,Yes,Yes,Partial Protection
6198-PNNSZ,Yes,Yes,Fiber optic,Yes,Yes,Yes,No,Yes,Yes,Partial Protection
3317-VLGQT,Yes,No,Fiber optic,No,No,No,No,No,Yes,No Protection
4132-POCZS,No,No phone service,DSL,Yes,No,No,No,No,Yes,Partial Protection
5614-DNZCE,Yes,No,DSL,Yes,Yes,Yes,Yes,No,No,Full Protection
1095-JUDTC,Yes,Yes,Fiber optic,No,Yes,No,Yes,Yes,No,Partial Protection
3896-RCYYE,No,No phone service,DSL,No,No,Yes,Yes,Yes,Yes,Partial Protection
9638-JIQYA,No,No phone service,DSL,No,No,No,No,No,No,No Protection
3258-SANFR,Yes,No,DSL,No,No,No,No,No,No,No Protection
3726-TBHQT,Yes,Yes,Fiber optic,Yes,Yes,Yes,Yes,Yes,Yes,Full Protection
3190-ITQXP,Yes,No,No,No internet service,No internet service,No internet service,No internet service,No internet service,No internet service,Partial Protection
0870-VEMYL,Yes,No,DSL,Yes,No,No,Yes,No,No,Partial Protection
4833-QTJNO,Yes,Yes,Fiber optic,Yes,Yes,No,No,No,No,Partial Protection
3039-MJSLN,Yes,No,No,No internet service,No internet service,No internet service,No internet service,No internet service,No internet service,Partial Protection
0178-CIIKR,Yes,No,No,No internet service,No internet service,No internet service,No internet service,No internet service,No internet service,Partial Protection
5385-SUIRI,Yes,Yes,Fiber optic,Yes,No,Yes,No,Yes,Yes,Partial Protection
3982-XWFZQ,Yes,Yes,DSL,No,No,No,No,No,No,No Protection
5774-QPLTF,Yes,No,No,No internet service,No internet service,No internet service,No internet service,No internet service,No internet service,Partial Protection
2322-VCZHZ,Yes,No,Fiber optic,Yes,Yes,No,No,No,Yes,Partial Protection
5010-IPEAQ,No,No phone service,DSL,Yes,Yes,Yes,Yes,Yes,No,Full Protection
4009-ALQFH,Yes,No,Fiber optic,No,Yes,Yes,No,Yes,Yes,Partial Protection
6383-ZTSIW,Yes,No,Fiber optic,Yes,Yes,No,No,Yes,Yes,Partial Protection
8990-YOZLV,Yes,Yes,DSL,Yes,Yes,No,Yes,No,No,Partial Protection
3069-SSVSN,No,No phone service,DSL,No,No,No,No,No,No,No Protection
5222-IMUKT,Yes,No,Fiber optic,No,No,No,No,Yes,Yes,No Protection
3627-FCRDW,Yes,No,Fiber optic,No,No,No,No,No,No,No Protection
7562-GSUHK,Yes,No,Fiber optic,No,Yes,Yes,No,No,Yes,Partial Protection
6685-XSHHU,Yes,No,No,No internet service,No internet service,No internet service,No internet service,No internet service,No internet service,Partial Protection
8901-UPRHR,Yes,Yes,Fiber optic,No,Yes,Yes,Yes,Yes,Yes,Partial Protection
4903-UYAVB,Yes,No,No,No internet service,No internet service,No internet service,No internet service,No internet service,No internet service,Partial Protection
0118-JPNOY,Yes,No,Fiber optic,Yes,No,No,No,Yes,No,Partial Protection
6776-TLWOI,Yes,No,No,No internet service,No internet service,No internet service,No internet service,No internet service,No internet service,Partial Protection
3845-FXCYS,Yes,No,No,No internet service,No internet service,No internet service,No internet service,No internet service,No internet service,Partial Protection
5857-XRECV,Yes,No,No,No internet service,No internet service,No internet service,No internet service,No internet service,No internet service,Partial Protection
0725-CXOTM,Yes,Yes,DSL,Yes,No,Yes,Yes,Yes,Yes,Partial Protection
4343-EJVQB,Yes,No,Fiber optic,Yes,No,No,No,No,No,Partial Protection
9000-PLFUZ,No,No phone service,DSL,No,Yes,No,No,Yes,Yes,Partial Protection
3427-GGZZI,Yes,Yes,Fiber optic,No,Yes,No,No,No,Yes,Partial Protection
7779-ORAEL,Yes,Yes,DSL,Yes,No,Yes,Yes,No,Yes,Partial Protection
0644-OQMDK,Yes,No,Fiber optic,No,No,No,No,No,No,No Protection
4077-CROMM,Yes,Yes,Fiber optic,No,No,Yes,Yes,Yes,Yes,Partial Protection
3154-CFSZG,Yes,No,Fiber optic,Yes,No,Yes,No,No,Yes,Partial Protection
2868-MZAGQ,Yes,No,Fiber optic,No,No,No,No,No,Yes,No Protection
4847-QNOKA,Yes,No,DSL,No,No,No,No,No,No,No Protection
2220-IAHLS,Yes,No,No,No internet service,No internet service,No internet service,No internet service,No internet service,No internet service,Partial Protection
1658-XUHBX,Yes,Yes,Fiber optic,No,No,Yes,No,No,Yes,Partial Protection
6379-RXJRQ,Yes,No,Fiber optic,No,No,No,No,No,No,No Protection
2378-HTWFW,Yes,Yes,Fiber optic,Yes,No,No,No,No,Yes,Partial Protection
8650-RHRKE,No,No phone service,DSL,No,No,Yes,No,No,No,Partial Protection
4377-VDHYI,Yes,No,Fiber optic,Yes,Yes,No,No,No,Yes,Partial Protection
0475-RIJEP,Yes,Yes,Fiber optic,No,Yes,No,No,No,No,Partial Protection
1260-TTRXI,Yes,No,DSL,No,No,No,No,No,Yes,No Protection
3719-TDVQB,Yes,No,No,No internet service,No internet service,No internet service,No internet service,No internet service,No internet service,Partial Protection
6328-ZPBGN,Yes,Yes,Fiber optic,No,No,No,No,Yes,Yes,No Protection
0201-MIBOL,Yes,Yes,Fiber optic,Yes,No,No,No,Yes,Yes,Partial Protection
4937-QPZPO,Yes,Yes,Fiber optic,No,No,Yes,No,Yes,Yes,Partial Protection
2925-VDZHY,Yes,Yes,DSL,Yes,Yes,Yes,Yes,Yes,Yes,Full Protection
6981-TDRFT,No,No phone service,DSL,No,No,Yes,Yes,Yes,Yes,Partial Protection
3413-CSSTH,Yes,Yes,DSL,No,No,Yes,No,No,No,Partial Protection
8033-VCZGH,Yes,Yes,Fiber optic,Yes,No,Yes,No,Yes,Yes,Partial Protection
4789-KWMXN,Yes,Yes,Fiber optic,Yes,No,Yes,Yes,Yes,Yes,Partial Protection
0224-NIJLP,Yes,No,No,No internet service,No internet service,No internet service,No internet service,No internet service,No internet service,Partial Protection
7542-CYDDM,Yes,No,No,No internet service,No internet service,No internet service,No internet service,No internet service,No internet service,Partial Protection
4718-WXBGI,Yes,Yes,DSL,Yes,Yes,Yes,Yes,Yes,Yes,Full Protection
2867-UIMSS,Yes,No,Fiber optic,No,No,No,No,No,Yes,No Protection
8495-PRWFH,Yes,Yes,DSL,No,No,Yes,No,No,No,Partial Protection
0439-IFYUN,Yes,No,Fiber optic,No,Yes,No,No,No,No,Partial Protection
5716-LIBJC,Yes,Yes,Fiber optic,No,Yes,Yes,No,Yes,Yes,Partial Protection
2868-LLSKM,Yes,Yes,Fiber optic,No,Yes,No,Yes,No,No,Partial Protection
8111-RKSPX,Yes,Yes,Fiber optic,No,No,No,No,No,No,No Protection
2988-QRAJY,Yes,Yes,Fiber optic,Yes,Yes,Yes,No,Yes,Yes,Partial Protection
1585-MQSSU,Yes,No,DSL,No,No,No,Yes,No,No,Partial Protection
0071-NDAFP,Yes,Yes,No,No internet service,No internet service,No internet service,No internet service,No internet service,No internet service,Partial Protection
2856-NNASM,Yes,No,Fiber optic,No,No,No,No,Yes,Yes,No Protection
7328-ZJAJO,Yes,No,No,No internet service,No internet service,No internet service,No internet service,No internet service,No internet service,Partial Protection
6458-CYIDZ,Yes,No,Fiber optic,Yes,Yes,No,No,No,No,Partial Protection
8559-CIZFV,Yes,Yes,DSL,Yes,Yes,No,Yes,Yes,No,Partial Protection
1090-PYKCI,Yes,Yes,Fiber optic,Yes,Yes,Yes,Yes,Yes,No,Full Protection
3058-WQDRE,No,No phone service,DSL,No,No,No,No,No,No,No Protection
7547-EKNFS,Yes,Yes,Fiber optic,No,Yes,Yes,No,Yes,No,Partial Protection
2279-AXJJK,Yes,Yes,Fiber optic,No,Yes,No,Yes,No,Yes,Partial Protection
6769-DYBQN,Yes,No,Fiber optic,Yes,No,No,No,No,Yes,Partial Protection
0909-SELIE,Yes,Yes,DSL,Yes,Yes,Yes,Yes,No,Yes,Full Protection
3417-TSCIC,No,No phone service,DSL,No,No,No,No,No,No,No Protection
1042-HFUCW,Yes,No,DSL,No,Yes,No,Yes,No,No,Partial Protection
4439-JMPMT,Yes,No,Fiber optic,No,No,No,Yes,Yes,No,Partial Protection
6537-OTKMY,No,No phone service,DSL,No,No,Yes,No,Yes,Yes,Partial Protection
8999-EXMNO,Yes,No,No,No internet service,No internet service,No internet service,No internet service,No internet service,No internet service,Partial Protection
6725-TPKJO,Yes,No,No,No internet service,No internet service,No internet service,No internet service,No internet service,No internet service,Partial Protection
2446-BEGGB,Yes,Yes,Fiber optic,No,Yes,No,No,Yes,Yes,Partial Protection
7162-WPHPM,Yes,Yes,DSL,Yes,Yes,Yes,Yes,No,No,Full Protection
1599-MMYRQ,Yes,No,Fiber optic,Yes,Yes,No,No,No,No,Partial Protection
8821-KVZKQ,No,No phone service,DSL,No,Yes,Yes,Yes,Yes,Yes,Partial Protection
1496-GGSUK,No,No phone service,DSL,No,No,No,No,No,No,No Protection
6434-TTGJP,No,No phone service,DSL,Yes,Yes,Yes,Yes,No,Yes,Full Protection
0042-JVWOJ,Yes,No,No,No internet service,No internet service,No internet service,No internet service,No internet service,No internet service,Partial Protection
0130-SXOUN,Yes,Yes,Fiber optic,No,Yes,No,No,No,Yes,Partial Protection
2575-GFSOE,Yes,No,Fiber optic,No,No,No,No,No,No,No Protection
2330-PQGDQ,Yes,Yes,Fiber optic,No,Yes,No,Yes,No,No,Partial Protection
1452-UZOSF,Yes,Yes,Fiber optic,Yes,Yes,Yes,Yes,Yes,No,Full Protection
2097-YVPKN,Yes,Yes,No,No internet service,No internet service,No internet service,No internet service,No internet service,No internet service,Partial Protection
2842-JTCCU,Yes,No,DSL,No,No,No,No,No,No,No Protection
8597-CTXVJ,Yes,Yes,DSL,Yes,Yes,No,Yes,No,No,Partial Protection
6631-HMANX,Yes,Yes,DSL,No,Yes,Yes,Yes,Yes,Yes,Partial Protection
9962-BFPDU,Yes,No,No,No internet service,No internet service,No internet service,No internet service,No internet service,No internet service,Partial Protection
3296-SILRA,Yes,No,Fiber optic,No,Yes,No,No,No,No,Partial Protection
9681-OXGVC,Yes,Yes,Fiber optic,No,No,Yes,No,Yes,Yes,Partial Protection
6394-HHHZM,Yes,No,No,No internet service,No internet service,No internet service,No internet service,No internet service,No internet service,Partial Protection
5995-LFTLE,Yes,Yes,No,No internet service,No internet service,No internet service,No internet service,No internet service,No internet service,Partial Protection
5180-UCIIQ,No,No phone service,DSL,Yes,No,No,No,No,Yes,Partial Protection
1932-UEDCX,Yes,Yes,Fiber optic,No,Yes,No,No,Yes,Yes,Partial Protection
7153-OANIO,Yes,No,Fiber optic,No,No,No,No,No,No,No Protection
5188-HGMLP,Yes,Yes,Fiber optic,No,No,No,No,No,No,No Protection
0665-XHDJU,Yes,Yes,Fiber optic,No,Yes,No,No,Yes,Yes,Partial Protection
6521-YYTYI,Yes,Yes,Fiber optic,No,No,No,No,Yes,Yes,No Protection
8878-HMWBV,Yes,No,DSL,No,No,Yes,No,No,No,Partial Protection
8265-HKSOW,Yes,Yes,Fiber optic,Yes,Yes,Yes,Yes,No,Yes,Full Protection
3544-FBCAS,Yes,Yes,DSL,Yes,Yes,Yes,No,Yes,Yes,Partial Protection
5331-RGMTT,Yes,Yes,Fiber optic,No,No,Yes,No,Yes,Yes,Partial Protection
4759-PXTAN,Yes,Yes,DSL,No,Yes,No,Yes,Yes,Yes,Partial Protection
7054-DMVAS,Yes,No,DSL,Yes,Yes,No,No,Yes,No,Partial Protection
3428-MMGUB,Yes,Yes,Fiber optic,No,No,Yes,No,Yes,No,Partial Protection
6549-BTYPG,No,No phone service,DSL,No,Yes,Yes,Yes,Yes,Yes,Partial Protection
7823-JSOAG,Yes,Yes,Fiber optic,No,No,No,No,No,No,No Protection
3705-RHRFR,Yes,Yes,Fiber optic,Yes,No,No,No,Yes,Yes,Partial Protection
9374-YOLBJ,Yes,No,No,No internet service,No internet service,No internet service,No internet service,No internet service,No internet service,Partial Protection
9074-KGVOX,No,No phone service,DSL,Yes,No,No,No,Yes,No,Partial Protection
6128-DAFVY,No,No phone service,DSL,No,No,No,No,Yes,Yes,No Protection
9933-QRGTX,Yes,No,Fiber optic,Yes,No,No,Yes,Yes,Yes,Partial Protection
4476-OSWTN,Yes,Yes,Fiber optic,Yes,No,Yes,Yes,Yes,Yes,Partial Protection
3751-KTZEL,No,No phone service,DSL,No,No,No,No,No,Yes,No Protection
1977-STDKI,Yes,No,Fiber optic,No,Yes,No,No,No,No,Partial Protection
5066-GFJMM,Yes,No,No,No internet service,No internet service,No internet service,No internet service,No internet service,No internet service,Partial Protection
2661-GKBTK,Yes,No,DSL,No,Yes,No,Yes,Yes,Yes,Partial Protection
0458-HEUZG,No,No phone service,DSL,No,No,Yes,Yes,No,No,Partial Protection
7268-WNTCP,Yes,No,No,No internet service,No internet service,No internet service,No internet service,No internet service,No internet service,Partial Protection
0824-VWDPO,Yes,Yes,Fiber optic,Yes,Yes,No,No,No,Yes,Partial Protection
8409-WQJUX,No,No phone service,DSL,No,No,Yes,Yes,Yes,Yes,Partial Protection
2578-JQPHZ,Yes,No,Fiber optic,No,No,Yes,Yes,Yes,Yes,Partial Protection
3278-FSIXX,Yes,No,DSL,No,No,No,No,No,No,No Protection
5813-UECBU,Yes,Yes,Fiber optic,No,Yes,Yes,No,No,No,Partial Protection
0328-GRPMV,Yes,No,Fiber optic,No,No,No,No,No,No,No Protection
9746-UGFAC,Yes,No,No,No internet service,No internet service,No internet service,No internet service,No internet service,No internet service,Partial Protection
2946-KIQSP,No,No phone service,DSL,No,No,Yes,Yes,No,No,Partial Protection
0625-AFOHS,Yes,No,No,No internet service,No internet service,No internet service,No internet service,No internet service,No internet service,Partial Protection
6726-WEXXK,Yes,Yes,Fiber optic,Yes,No,Yes,No,No,No,Partial Protection
4636-OLWOE,Yes,No,DSL,No,Yes,Yes,Yes,No,No,Partial Protection
4342-HENTK,Yes,No,Fiber optic,No,No,No,No,No,No,No Protection
4685-ERGHK,Yes,Yes,Fiber optic,No,No,No,No,Yes,No,No Protection
0885-HMGPY,Yes,Yes,DSL,Yes,Yes,Yes,Yes,No,No,Full Protection
5003-OKNNK,Yes,No,No,No internet service,No internet service,No internet service,No internet service,No internet service,No internet service,Partial Protection
4195-SMMNX,Yes,No,No,No internet service,No internet service,No internet service,No internet service,No internet service,No internet service,Partial Protection
7208-PSIHR,Yes,Yes,Fiber optic,No,No,Yes,Yes,Yes,Yes,Partial Protection
4012-ZTHBR,Yes,No,DSL,No,No,No,No,No,No,No Protection
0489-WMEMG,Yes,No,DSL,No,No,No,Yes,No,No,Partial Protection
7435-ZNUYY,Yes,No,No,No internet service,No internet service,No internet service,No internet service,No internet service,No internet service,Partial Protection
1354-YZFNB,Yes,No,No,No internet service,No internet service,No internet service,No internet service,No internet service,No internet service,Partial Protection
6956-SMUCM,Yes,No,Fiber optic,Yes,No,Yes,No,Yes,Yes,Partial Protection
2985-FMWYF,Yes,Yes,Fiber optic,No,No,No,No,Yes,Yes,No Protection
2812-ENYMO,No,No phone service,DSL,Yes,No,No,Yes,Yes,Yes,Partial Protection
2717-HVIZY,Yes,No,No,No internet service,No internet service,No internet service,No internet service,No internet service,No internet service,Partial Protection
3223-WZWJM,Yes,Yes,Fiber optic,No,No,No,No,No,Yes,No Protection
3422-GALYP,Yes,Yes,Fiber optic,No,Yes,No,No,No,No,Partial Protection
9053-JZFKV,Yes,Yes,Fiber optic,Yes,Yes,Yes,Yes,Yes,Yes,Full Protection
2530-ENDWQ,Yes,Yes,Fiber optic,No,No,No,No,Yes,Yes,No Protection
2890-WFBHU,Yes,Yes,DSL,Yes,Yes,Yes,Yes,No,Yes,Full Protection
0327-WFZSY,Yes,Yes,Fiber optic,No,No,Yes,No,Yes,Yes,Partial Protection
7977-HXJKU,Yes,No,No,No internet service,No internet service,No internet service,No internet service,No internet service,No internet service,Partial Protection
6615-ZGEDR,Yes,No,No,No internet service,No internet service,No internet service,No internet service,No internet service,No internet service,Partial Protection
7033-CLAMM,Yes,No,No,No internet service,No internet service,No internet service,No internet service,No internet service,No internet service,Partial Protection
4023-RTIQM,No,No phone service,DSL,Yes,Yes,Yes,No,No,Yes,Partial Protection
0864-FVJNJ,Yes,Yes,Fiber optic,Yes,Yes,Yes,Yes,Yes,Yes,Full Protection
7356-IWLFW,Yes,Yes,Fiber optic,No,Yes,No,No,No,No,Partial Protection
9541-PWTWO,Yes,Yes,DSL,No,No,Yes,Yes,Yes,Yes,Partial Protection
3967-VQOGC,Yes,Yes,No,No internet service,No internet service,No internet service,No internet service,No internet service,No internet service,Partial Protection
7872-RDDLZ,Yes,Yes,DSL,No,Yes,No,No,No,No,Partial Protection
9250-WYPLL,Yes,Yes,Fiber optic,No,No,No,No,No,No,No Protection
6308-CQRBU,Yes,Yes,Fiber optic,No,Yes,Yes,Yes,Yes,Yes,Partial Protection
2754-XBHTB,Yes,No,Fiber optic,No,No,No,No,Yes,No,No Protection
1597-LHYNC,Yes,Yes,Fiber optic,Yes,Yes,No,No,No,Yes,Partial Protection
0186-CAERR,Yes,Yes,Fiber optic,Yes,Yes,Yes,Yes,Yes,Yes,Full Protection
3043-SUDUA,Yes,No,No,No internet service,No internet service,No internet service,No internet service,No internet service,No internet service,Partial Protection
5442-BHQNG,Yes,No,Fiber optic,No,No,No,No,No,No,No Protection
2169-RRLFW,Yes,Yes,No,No internet service,No internet service,No internet service,No internet service,No internet service,No internet service,Partial Protection
5872-OEQNH,No,No phone service,DSL,Yes,No,Yes,No,No,Yes,Partial Protection
3162-KKZXO,Yes,Yes,Fiber optic,No,No,Yes,No,Yes,Yes,Partial Protection
7055-VKGDA,Yes,No,Fiber optic,Yes,Yes,No,Yes,Yes,Yes,Partial Protection
0754-UKWQP,Yes,No,Fiber optic,No,No,Yes,No,Yes,Yes,Partial Protection
8873-GLDMH,Yes,Yes,Fiber optic,No,No,No,No,No,No,No Protection
5696-JVVQY,Yes,No,DSL,Yes,Yes,Yes,No,No,Yes,Partial Protection
8946-BFWSG,Yes,Yes,No,No internet service,No internet service,No internet service,No internet service,No internet service,No internet service,Partial Protection
7493-TPUWZ,Yes,Yes,Fiber optic,No,Yes,No,No,No,No,Partial Protection
0547-HURJB,Yes,No,No,No internet service,No internet service,No internet service,No internet service,No internet service,No internet service,Partial Protection
8904-OPDCK,No,No phone service,DSL,No,No,No,No,No,No,No Protection
8845-LWKGE,Yes,No,DSL,No,No,Yes,Yes,Yes,No,Partial Protection
1577-HKTFG,Yes,No,No,No internet service,No internet service,No internet service,No internet service,No internet service,No internet service,Partial Protection
8752-STIVR,Yes,No,Fiber optic,No,No,No,No,Yes,No,No Protection
0691-NIKRI,Yes,Yes,Fiber optic,No,No,Yes,Yes,Yes,Yes,Partial Protection
5022-JNQEQ,Yes,No,Fiber optic,No,No,No,Yes,No,No,Partial Protection
4558-FANTW,Yes,No,Fiber optic,Yes,No,No,Yes,Yes,No,Partial Protection
3249-VHRIP,No,No phone service,DSL,No,Yes,Yes,No,No,Yes,Partial Protection
3736-BLEPA,Yes,No,Fiber optic,No,Yes,No,Yes,Yes,No,Partial Protection
4701-LKOZD,Yes,Yes,DSL,Yes,Yes,Yes,Yes,Yes,Yes,Full Protection
6603-QWSPR,Yes,No,Fiber optic,No,Yes,Yes,Yes,Yes,Yes,Partial Protection
9921-QFQUL,Yes,Yes,Fiber optic,No,No,Yes,No,No,Yes,Partial Protection
1929-ZCBHE,No,No phone service,DSL,Yes,No,Yes,Yes,No,No,Partial Protection
4378-MYPGO,Yes,No,Fiber optic,Yes,Yes,Yes,No,Yes,Yes,Partial Protection
8651-ENBZX,Yes,Yes,Fiber optic,No,No,Yes,Yes,Yes,Yes,Partial Protection
4129-LYCOI,Yes,Yes,Fiber optic,No,Yes,No,Yes,Yes,Yes,Partial Protection
7798-JVXYM,Yes,No,DSL,No,No,No,Yes,Yes,Yes,Partial Protection
8647-SDTWQ,Yes,Yes,Fiber optic,No,No,No,No,No,No,No Protection
2696-ECXKC,Yes,Yes,Fiber optic,Yes,No,No,No,Yes,Yes,Partial Protection
2081-KJSQF,Yes,No,No,No internet service,No internet service,No internet service,No internet service,No internet service,No internet service,Partial Protection
7623-TRNQN,Yes,No,DSL,No,No,No,Yes,No,No,Partial Protection
3323-CPBWR,Yes,Yes,Fiber optic,No,No,Yes,Yes,Yes,No,Partial Protection
9330-IJWIO,Yes,Yes,Fiber optic,Yes,No,No,No,Yes,Yes,Partial Protection
3384-CTMSF,Yes,Yes,Fiber optic,No,Yes,Yes,No,Yes,Yes,Partial Protection
0902-RFHOF,Yes,No,No,No internet service,No internet service,No internet service,No internet service,No internet service,No internet service,Partial Protection
9286-DOJGF,Yes,Yes,Fiber optic,No,No,No,No,No,No,No Protection
6048-QBXKL,Yes,Yes,DSL,No,Yes,No,No,No,No,Partial Protection
9661-MHUMO,Yes,No,DSL,No,No,No,Yes,No,No,Partial Protection
7718-RXDGG,Yes,No,Fiber optic,No,No,No,No,No,No,No Protection
1025-FALIX,Yes,No,Fiber optic,No,No,No,No,No,No,No Protection
3451-VAWLI,Yes,No,No,No internet service,No internet service,No internet service,No internet service,No internet service,No internet service,Partial Protection
3407-QGWLG,Yes,No,No,No internet service,No internet service,No internet service,No internet service,No internet service,No internet service,Partial Protection
1842-EZJMK,Yes,Yes,Fiber optic,No,Yes,No,Yes,Yes,Yes,Partial Protection
2347-WKKAE,Yes,Yes,Fiber optic,Yes,No,Yes,No,No,Yes,Partial Protection
8735-DCXNF,Yes,No,DSL,Yes,No,No,Yes,No,No,Partial Protection
3214-IYUUQ,Yes,No,Fiber optic,Yes,Yes,No,Yes,No,Yes,Partial Protection
1936-UAFEH,Yes,Yes,Fiber optic,Yes,Yes,No,Yes,Yes,Yes,Partial Protection
3587-PMCOY,Yes,No,Fiber optic,Yes,No,Yes,No,Yes,Yes,Partial Protection
8079-XRJRS,Yes,Yes,Fiber optic,Yes,Yes,Yes,No,No,No,Partial Protection
1027-LKKQQ,Yes,No,DSL,Yes,No,Yes,Yes,Yes,Yes,Partial Protection
7148-XZPHA,Yes,No,Fiber optic,No,Yes,No,Yes,No,No,Partial Protection
8073-IJDCM,Yes,No,No,No internet service,No internet service,No internet service,No internet service,No internet service,No internet service,Partial Protection
5309-TAIKL,Yes,No,DSL,No,No,Yes,Yes,No,Yes,Partial Protection
6856-RAURS,Yes,Yes,Fiber optic,No,No,No,No,No,No,No Protection
8778-LMWTJ,Yes,No,Fiber optic,Yes,No,No,No,No,No,Partial Protection
9717-IOAAF,Yes,Yes,No,No internet service,No internet service,No internet service,No internet service,No internet service,No internet service,Partial Protection
8884-ADFVN,Yes,Yes,Fiber optic,No,No,Yes,No,Yes,Yes,Partial Protection
2845-KDHVX,Yes,No,DSL,No,Yes,Yes,Yes,No,Yes,Partial Protection
0848-SOMKO,No,No phone service,DSL,Yes,No,Yes,Yes,No,Yes,Partial Protection
2720-WGKHP,Yes,Yes,Fiber optic,No,No,No,No,Yes,Yes,No Protection
6734-FQAJX,Yes,No,Fiber optic,Yes,Yes,No,Yes,Yes,Yes,Partial Protection
2869-ADAWR,Yes,Yes,Fiber optic,No,Yes,No,No,Yes,No,Partial Protection
1535-VTJOQ,Yes,Yes,No,No internet service,No internet service,No internet service,No internet service,No internet service,No internet service,Partial Protection
6368-TZZDT,Yes,No,No,No internet service,No internet service,No internet service,No internet service,No internet service,No internet service,Partial Protection
0943-ZQPXH,Yes,No,Fiber optic,No,No,Yes,No,Yes,Yes,Partial Protection
1293-BSEUN,Yes,No,No,No internet service,No internet service,No internet service,No internet service,No internet service,No internet service,Partial Protection
9894-EZEWG,Yes,No,Fiber optic,No,Yes,No,No,No,No,Partial Protection
1302-TPUBN,Yes,No,No,No internet service,No internet service,No internet service,No internet service,No internet service,No internet service,Partial Protection
7851-FLGGQ,No,No phone service,DSL,No,Yes,No,Yes,No,Yes,Partial Protection
0637-UBJRP,Yes,No,Fiber optic,Yes,No,No,No,No,Yes,Partial Protection
0940-OUQEC,Yes,Yes,Fiber optic,No,Yes,No,No,No,No,Partial Protection
2378-VTKDH,Yes,Yes,Fiber optic,No,Yes,Yes,No,Yes,Yes,Partial Protection
0927-CNGRH,Yes,No,No,No internet service,No internet service,No internet service,No internet service,No internet service,No internet service,Partial Protection
8608-OZTLB,Yes,No,DSL,Yes,Yes,Yes,Yes,Yes,No,Full Protection
2335-GSODA,No,No phone service,DSL,Yes,No,Yes,Yes,No,No,Partial Protection
1952-DVVSW,Yes,No,No,No internet service,No internet service,No internet service,No internet service,No internet service,No internet service,Partial Protection
0702-PGIBZ,Yes,Yes,Fiber optic,No,Yes,No,No,Yes,Yes,Partial Protection
6656-GULJQ,Yes,Yes,DSL,Yes,No,Yes,Yes,Yes,Yes,Partial Protection
9853-JFZDU,Yes,No,DSL,No,Yes,No,Yes,No,No,Partial Protection
1963-VAUKV,Yes,No,No,No internet service,No internet service,No internet service,No internet service,No internet service,No internet service,Partial Protection
3777-XROBG,Yes,No,No,No internet service,No internet service,No internet service,No internet service,No internet service,No internet service,Partial Protection
6994-FGRHH,Yes,No,Fiber optic,No,Yes,Yes,Yes,Yes,Yes,Partial Protection
4000-VGMQP,Yes,Yes,DSL,No,Yes,Yes,No,Yes,Yes,Partial Protection
3999-WRNGR,No,No phone service,DSL,No,Yes,No,No,Yes,Yes,Partial Protection
3466-RITXD,Yes,Yes,Fiber optic,Yes,Yes,No,No,Yes,No,Partial Protection
2680-XKKNJ,Yes,No,DSL,Yes,Yes,No,Yes,No,No,Partial Protection
3058-HJCUY,Yes,Yes,Fiber optic,No,No,Yes,Yes,Yes,Yes,Partial Protection
2974-GGUXS,Yes,Yes,Fiber optic,No,Yes,No,No,Yes,No,Partial Protection
7994-XIRTR,Yes,No,DSL,No,No,Yes,Yes,No,Yes,Partial Protection
3259-FDWOY,Yes,Yes,Fiber optic,No,Yes,Yes,No,Yes,Yes,Partial Protection
2101-RANCD,Yes,Yes,Fiber optic,No,No,No,No,No,No,No Protection
7921-BEPCI,Yes,Yes,DSL,Yes,Yes,No,No,No,No,Partial Protection
0807-ZABDG,Yes,No,DSL,Yes,No,No,Yes,No,No,Partial Protection
8510-TMWYB,Yes,Yes,DSL,No,Yes,Yes,No,No,No,Partial Protection
3258-ZKPAI,Yes,Yes,Fiber optic,Yes,Yes,Yes,Yes,Yes,Yes,Full Protection
1428-IEDPR,Yes,Yes,Fiber optic,Yes,No,Yes,Yes,Yes,Yes,Partial Protection
5298-GSTLM,Yes,Yes,Fiber optic,Yes,No,No,No,Yes,Yes,Partial Protection
4450-YOOHP,No,No phone service,DSL,No,No,Yes,No,Yes,Yes,Partial Protection
6728-CZFEI,Yes,No,DSL,No,No,No,No,Yes,No,No Protection
5748-RNCJT,Yes,Yes,Fiber optic,No,No,Yes,Yes,Yes,Yes,Partial Protection
3653-NCRDJ,Yes,No,No,No internet service,No internet service,No internet service,No internet service,No internet service,No internet service,Partial Protection
6121-TNHBO,Yes,Yes,DSL,Yes,Yes,Yes,Yes,Yes,No,Full Protection
5119-NZPTV,Yes,No,Fiber optic,No,No,No,No,No,No,No Protection
6519-ZHPXP,Yes,No,Fiber optic,Yes,Yes,Yes,Yes,Yes,Yes,Full Protection
7739-LAXOG,Yes,Yes,Fiber optic,No,No,Yes,No,No,Yes,Partial Protection
3472-QPRCH,Yes,Yes,No,No internet service,No internet service,No internet service,No internet service,No internet service,No internet service,Partial Protection
8224-UAXBZ,No,No phone service,DSL,Yes,Yes,No,No,Yes,No,Partial Protection
9610-WCESF,No,No phone service,DSL,Yes,No,No,Yes,Yes,No,Partial Protection
9776-CLUJA,Yes,Yes,Fiber optic,Yes,No,No,No,No,No,Partial Protection
2486-WYVVE,Yes,Yes,DSL,No,No,Yes,Yes,Yes,Yes,Partial Protection
3865-ZYKAD,Yes,Yes,Fiber optic,Yes,Yes,No,No,No,No,Partial Protection
1422-DGUBX,Yes,Yes,Fiber optic,No,No,No,Yes,No,No,Partial Protection
2999-AANRQ,Yes,No,DSL,Yes,Yes,No,Yes,Yes,No,Partial Protection
8668-KNZTI,Yes,No,DSL,Yes,No,Yes,No,No,No,Partial Protection
0480-KYJVA,Yes,Yes,No,No internet service,No internet service,No internet service,No internet service,No internet service,No internet service,Partial Protection
6034-ZRYCV,No,No phone service,DSL,No,Yes,Yes,No,Yes,Yes,Partial Protection
9746-YKGXB,No,No phone service,DSL,Yes,No,Yes,No,No,Yes,Partial Protection
3926-YZVVX,Yes,No,DSL,No,No,No,Yes,No,No,Partial Protection
6000-UKLWI,Yes,No,No,No internet service,No internet service,No internet service,No internet service,No internet service,No internet service,Partial Protection
2079-FBMZK,Yes,No,Fiber optic,No,No,No,No,No,No,No Protection
6332-FBZRI,Yes,Yes,DSL,Yes,Yes,Yes,Yes,No,No,Full Protection
2096-XOTMO,Yes,No,No,No internet service,No internet service,No internet service,No internet service,No internet service,No internet service,Partial Protection
3266-FTKHB,Yes,No,No,No internet service,No internet service,No internet service,No internet service,No internet service,No internet service,Partial Protection
8221-EQDGL,Yes,No,DSL,Yes,Yes,Yes,No,No,No,Partial Protection
2346-LOCWC,Yes,No,No,No internet service,No internet service,No internet service,No internet service,No internet service,No internet service,Partial Protection
6608-QQLVK,Yes,No,DSL,No,No,Yes,No,No,No,Partial Protection
0298-XACET,No,No phone service,DSL,No,Yes,Yes,Yes,Yes,No,Partial Protection
7560-QJAVJ,Yes,No,DSL,Yes,No,Yes,Yes,Yes,Yes,Partial Protection
2995-YWTCD,Yes,Yes,No,No internet service,No internet service,No internet service,No internet service,No internet service,No internet service,Partial Protection
3551-HUAZH,Yes,Yes,Fiber optic,No,No,No,No,No,No,No Protection
9137-UIYPG,Yes,No,Fiber optic,Yes,No,Yes,Yes,Yes,Yes,Partial Protection
2809-ZMYOQ,Yes,Yes,Fiber optic,No,No,Yes,No,Yes,Yes,Partial Protection
5084-OOVCJ,Yes,No,DSL,Yes,No,No,Yes,No,No,Partial Protection
0254-WWRKD,Yes,No,DSL,No,Yes,No,No,No,No,Partial Protection
7727-SHVZV,Yes,No,No,No internet service,No internet service,No internet service,No internet service,No internet service,No internet service,Partial Protection
6302-JGYRJ,Yes,Yes,DSL,No,Yes,No,Yes,Yes,Yes,Partial Protection
5339-PXDVH,Yes,Yes,Fiber optic,Yes,No,No,No,Yes,No,Partial Protection
2205-LPVGL,Yes,Yes,Fiber optic,Yes,Yes,No,Yes,No,No,Partial Protection
8782-NUUOL,Yes,No,DSL,Yes,No,Yes,Yes,Yes,Yes,Partial Protection
3685-YLCMQ,Yes,Yes,Fiber optic,No,No,Yes,Yes,Yes,Yes,Partial Protection
7601-WFVZV,Yes,No,No,No internet service,No internet service,No internet service,No internet service,No internet service,No internet service,Partial Protection
4609-KNNWG,Yes,No,No,No internet service,No internet service,No internet service,No internet service,No internet service,No internet service,Partial Protection
4868-AADLV,Yes,Yes,Fiber optic,Yes,Yes,Yes,Yes,Yes,Yes,Full Protection
9529-OFXHY,Yes,Yes,Fiber optic,Yes,No,No,No,Yes,No,Partial Protection
8634-MPHTR,Yes,Yes,Fiber optic,No,No,Yes,No,Yes,Yes,Partial Protection
2669-QVCRG,Yes,Yes,Fiber optic,Yes,No,No,No,No,No,Partial Protection
2478-EEWWM,No,No phone service,DSL,No,No,No,No,Yes,Yes,No Protection
9174-IHETN,Yes,No,Fiber optic,No,No,No,No,No,No,No Protection
2233-TXSIU,No,No phone service,DSL,Yes,No,Yes,No,Yes,No,Partial Protection
9644-UMGQA,Yes,No,DSL,Yes,No,No,No,No,No,Partial Protection
3256-EZDBI,No,No phone service,DSL,No,Yes,No,No,No,No,Partial Protection
8761-NSOBC,Yes,No,Fiber optic,No,Yes,No,Yes,Yes,Yes,Partial Protection
0419-YAAPX,Yes,No,Fiber optic,No,Yes,No,No,Yes,No,Partial Protection
8413-VONUO,Yes,No,Fiber optic,No,Yes,No,No,Yes,Yes,Partial Protection
0872-CASZJ,Yes,Yes,DSL,Yes,No,No,Yes,No,Yes,Partial Protection
4726-DLWQN,Yes,Yes,DSL,Yes,Yes,No,No,Yes,No,Partial Protection
8164-OCKUJ,Yes,No,No,No internet service,No internet service,No internet service,No internet service,No internet service,No internet service,Partial Protection
3094-JOJAI,Yes,Yes,Fiber optic,No,No,No,No,No,No,No Protection
9494-MRNYX,Yes,Yes,Fiber optic,No,No,No,No,No,No,No Protection
2599-CZABP,Yes,No,DSL,No,No,No,No,No,No,No Protection
7945-PRBVF,Yes,No,No,No internet service,No internet service,No internet service,No internet service,No internet service,No internet service,Partial Protection
4544-RXFMG,Yes,No,DSL,No,No,No,No,No,No,No Protection
0859-YGKFW,Yes,No,No,No internet service,No internet service,No internet service,No internet service,No internet service,No internet service,Partial Protection
1150-FTQGN,Yes,Yes,Fiber optic,Yes,Yes,No,No,Yes,No,Partial Protection
9223-UCPVT,Yes,No,Fiber optic,No,No,Yes,No,Yes,Yes,Partial Protection
7196-LIWRH,Yes,No,No,No internet service,No internet service,No internet service,No internet service,No internet service,No internet service,Partial Protection
5448-VWNAM,Yes,Yes,DSL,Yes,Yes,No,Yes,Yes,No,Partial Protection
1177-XZBJL,Yes,Yes,DSL,Yes,Yes,No,Yes,No,No,Partial Protection
3518-FSTWG,Yes,Yes,Fiber optic,Yes,Yes,Yes,No,Yes,Yes,Partial Protection
9330-VOFSZ,Yes,Yes,Fiber optic,No,Yes,Yes,Yes,Yes,Yes,Partial Protection
4351-QLCSU,Yes,No,DSL,No,No,No,No,Yes,No,No Protection
0939-EREMR,Yes,No,DSL,No,No,Yes,Yes,No,No,Partial Protection
9389-ACWBI,Yes,No,Fiber optic,No,No,No,No,No,No,No Protection
5419-JPRRN,Yes,Yes,Fiber optic,No,No,Yes,No,Yes,Yes,Partial Protection
3644-QXEHN,Yes,No,Fiber optic,No,No,Yes,No,Yes,Yes,Partial Protection
2911-IJORQ,Yes,Yes,DSL,Yes,Yes,Yes,Yes,Yes,Yes,Full Protection
5921-NGYRH,Yes,No,Fiber optic,Yes,No,No,No,No,No,Partial Protection
2100-BDNSN,Yes,Yes,DSL,No,No,Yes,Yes,Yes,No,Partial Protection
5998-DZLYR,Yes,Yes,Fiber optic,No,Yes,No,Yes,No,Yes,Partial Protection
0488-GSLFR,Yes,No,Fiber optic,No,No,No,No,No,No,No Protection
9318-NKNFC,Yes,No,No,No internet service,No internet service,No internet service,No internet service,No internet service,No internet service,Partial Protection
3985-HOYPM,Yes,No,No,No internet service,No internet service,No internet service,No internet service,No internet service,No internet service,Partial Protection
9728-FTTVZ,Yes,No,Fiber optic,No,No,No,No,No,No,No Protection
9548-LERKT,Yes,No,No,No internet service,No internet service,No internet service,No internet service,No internet service,No internet service,Partial Protection
6576-FBXOJ,No,No phone service,DSL,No,No,Yes,Yes,Yes,Yes,Partial Protection
4310-KEDTB,No,No phone service,DSL,No,No,Yes,No,No,No,Partial Protection
7254-IQWOZ,Yes,No,Fiber optic,No,No,No,No,No,No,No Protection
2474-BRUCM,Yes,Yes,Fiber optic,Yes,No,No,No,Yes,Yes,Partial Protection
4062-HBMOS,Yes,Yes,Fiber optic,No,Yes,Yes,No,Yes,Yes,Partial Protection
0742-NXBGR,Yes,No,Fiber optic,No,Yes,Yes,No,No,No,Partial Protection
2676-ISHSF,Yes,No,No,No internet service,No internet service,No internet service,No internet service,No internet service,No internet service,Partial Protection
9236-NDUCW,No,No phone service,DSL,Yes,No,No,Yes,No,No,Partial Protection
4753-PADAS,Yes,Yes,Fiber optic,No,Yes,Yes,No,Yes,Yes,Partial Protection
6103-QCKFX,Yes,No,DSL,Yes,No,No,Yes,No,No,Partial Protection
7781-EWARA,No,No phone service,DSL,No,Yes,Yes,Yes,Yes,Yes,Partial Protection
6110-OHIHY,Yes,No,Fiber optic,No,No,No,No,Yes,No,No Protection
7018-FPXHH,Yes,No,DSL,Yes,Yes,Yes,No,No,No,Partial Protection
5889-LFOLL,Yes,Yes,Fiber optic,No,No,No,No,No,Yes,No Protection
5708-EVONK,Yes,Yes,Fiber optic,Yes,Yes,No,No,No,Yes,Partial Protection
8708-XPXHZ,Yes,Yes,Fiber optic,No,No,No,No,Yes,Yes,No Protection
0616-ATFGB,No,No phone service,DSL,No,No,No,No,No,No,No Protection
0572-ZJKLT,Yes,Yes,Fiber optic,Yes,No,Yes,Yes,No,Yes,Partial Protection
5135-RDDQL,Yes,No,DSL,Yes,No,No,No,No,No,Partial Protection
1353-LJWEM,Yes,No,DSL,No,Yes,Yes,Yes,No,No,Partial Protection
1794-SWWKL,Yes,Yes,DSL,No,No,Yes,Yes,No,No,Partial Protection
6166-YIPFO,No,No phone service,DSL,Yes,Yes,Yes,Yes,Yes,Yes,Full Protection
7016-BPGEU,No,No phone service,DSL,No,No,No,No,No,No,No Protection
6876-ADESB,Yes,No,DSL,No,No,Yes,No,No,No,Partial Protection
9332-GYWLO,Yes,No,DSL,No,No,No,No,Yes,No,No Protection
1963-SVUCV,Yes,No,DSL,No,No,No,No,No,No,No Protection
4184-VODJZ,Yes,Yes,Fiber optic,No,Yes,No,No,No,Yes,Partial Protection
0220-EBGCE,Yes,No,Fiber optic,No,No,Yes,No,No,Yes,Partial Protection
1092-WPIVQ,Yes,Yes,No,No internet service,No internet service,No internet service,No internet service,No internet service,No internet service,Partial Protection
7233-IOQNP,No,No phone service,DSL,Yes,No,No,Yes,No,No,Partial Protection
2834-JKOOW,No,No phone service,DSL,Yes,Yes,Yes,Yes,No,No,Full Protection
2754-VDLTR,Yes,Yes,Fiber optic,No,No,No,No,Yes,Yes,No Protection
2400-FEQME,Yes,No,No,No internet service,No internet service,No internet service,No internet service,No internet service,No internet service,Partial Protection
3190-XFANI,Yes,Yes,Fiber optic,No,No,No,Yes,Yes,Yes,Partial Protection
7551-DACSP,Yes,No,DSL,No,Yes,Yes,No,No,No,Partial Protection
4957-SREEC,Yes,No,No,No internet service,No internet service,No internet service,No internet service,No internet service,No internet service,Partial Protection
7235-NXZCP,Yes,Yes,Fiber optic,No,No,No,No,No,No,No Protection
0230-UBYPQ,No,No phone service,DSL,Yes,No,No,Yes,No,No,Partial Protection
4923-ADWXJ,Yes,No,DSL,No,Yes,No,Yes,No,Yes,Partial Protection
1763-KUAAW,Yes,No,No,No internet service,No internet service,No internet service,No internet service,No internet service,No internet service,Partial Protection
1104-TNLZA,Yes,Yes,Fiber optic,No,Yes,No,Yes,Yes,Yes,Partial Protection
5195-KPUNQ,Yes,No,Fiber optic,Yes,Yes,No,Yes,No,Yes,Partial Protection
0520-FDVVT,Yes,No,Fiber optic,No,Yes,Yes,No,Yes,Yes,Partial Protection
3439-GVUSX,No,No phone service,DSL,No,No,No,No,No,No,No Protection
1444-VVSGW,Yes,Yes,Fiber optic,Yes,Yes,Yes,Yes,Yes,Yes,Full Protection
5712-PTIWW,Yes,No,Fiber optic,No,No,Yes,Yes,No,No,Partial Protection
5949-HGVJL,Yes,No,DSL,No,Yes,No,Yes,Yes,Yes,Partial Protection
5203-XEHAX,Yes,No,DSL,Yes,Yes,No,No,No,Yes,Partial Protection
1635-HDGFT,Yes,No,No,No internet service,No internet service,No internet service,No internet service,No internet service,No internet service,Partial Protection
3315-TOTBP,Yes,Yes,Fiber optic,No,No,No,No,No,No,No Protection
8050-XGRVL,Yes,No,DSL,Yes,No,Yes,No,No,No,Partial Protection
6661-HBGWL,Yes,Yes,Fiber optic,No,Yes,Yes,No,Yes,Yes,Partial Protection
1518-VOWAV,Yes,No,DSL,Yes,Yes,No,No,Yes,Yes,Partial Protection
9828-QHFBK,Yes,No,DSL,Yes,No,No,No,No,No,Partial Protection
3908-MKIMJ,No,No phone service,DSL,Yes,Yes,Yes,No,No,No,Partial Protection
5012-YSPJJ,Yes,No,DSL,No,No,Yes,Yes,No,No,Partial Protection
5909-ECHUI,Yes,No,DSL,No,No,No,No,No,Yes,No Protection
1309-BXVOQ,Yes,Yes,Fiber optic,No,No,Yes,Yes,Yes,Yes,Partial Protection
6728-VOIFY,Yes,No,Fiber optic,No,Yes,No,No,Yes,Yes,Partial Protection
9317-WZPGV,Yes,No,Fiber optic,No,No,No,No,No,Yes,No Protection
4891-NLUBA,No,No phone service,DSL,No,Yes,Yes,Yes,Yes,Yes,Partial Protection
2856-HYAPG,Yes,No,Fiber optic,No,No,No,No,No,No,No Protection
8969-PRHFK,Yes,No,No,No internet service,No internet service,No internet service,No internet service,No internet service,No internet service,Partial Protection
0661-KQHNK,Yes,No,No,No internet service,No internet service,No internet service,No internet service,No internet service,No internet service,Partial Protection
8709-KRDVL,Yes,Yes,Fiber optic,No,Yes,No,No,Yes,Yes,Partial Protection
4488-PSYCG,Yes,No,No,No internet service,No internet service,No internet service,No internet service,No internet service,No internet service,Partial Protection
1427-VERSM,Yes,No,Fiber optic,No,No,Yes,Yes,Yes,Yes,Partial Protection
9801-NOSHQ,Yes,No,No,No internet service,No internet service,No internet service,No internet service,No internet service,No internet service,Partial Protection
6339-YPSAH,Yes,No,Fiber optic,No,No,Yes,No,No,No,Partial Protection
3621-CEOVK,Yes,Yes,Fiber optic,No,Yes,No,No,Yes,Yes,Partial Protection
6906-ANDWJ,Yes,Yes,Fiber optic,No,No,No,No,No,No,No Protection
2159-TURXX,Yes,No,No,No internet service,No internet service,No internet service,No internet service,No internet service,No internet service,Partial Protection
1548-FEHVL,Yes,Yes,Fiber optic,Yes,Yes,No,No,Yes,Yes,Partial Protection
3795-CAWEX,Yes,Yes,Fiber optic,Yes,Yes,Yes,Yes,Yes,Yes,Full Protection
6215-NQCPY,Yes,Yes,Fiber optic,Yes,No,No,No,Yes,Yes,Partial Protection
5647-URDKA,Yes,No,No,No internet service,No internet service,No internet service,No internet service,No internet service,No internet service,Partial Protection
2229-DPMBI,Yes,No,No,No internet service,No internet service,No internet service,No internet service,No internet service,No internet service,Partial Protection
9626-WEQRM,No,No phone service,DSL,Yes,No,No,No,No,No,Partial Protection
2188-SXWVT,Yes,No,DSL,Yes,Yes,No,No,No,No,Partial Protection
6258-PVZWJ,Yes,Yes,DSL,Yes,Yes,Yes,Yes,Yes,Yes,Full Protection
1094-BKOSX,No,No phone service,DSL,No,Yes,Yes,Yes,No,Yes,Partial Protection
6969-MVBAI,Yes,Yes,Fiber optic,No,No,Yes,No,Yes,No,Partial Protection
2978-XXSOG,Yes,Yes,DSL,Yes,No,No,Yes,No,No,Partial Protection
2342-CKIAO,Yes,No,No,No internet service,No internet service,No internet service,No internet service,No internet service,No internet service,Partial Protection
6953-PBDIN,Yes,Yes,DSL,No,Yes,Yes,Yes,Yes,No,Partial Protection
3898-BSJYF,Yes,Yes,DSL,Yes,No,Yes,Yes,No,Yes,Partial Protection
3938-YFPXD,Yes,Yes,DSL,Yes,No,Yes,Yes,Yes,Yes,Partial Protection
7696-AMHOD,Yes,No,DSL,No,Yes,Yes,No,Yes,Yes,Partial Protection
2453-SAFNS,Yes,Yes,DSL,No,Yes,No,Yes,Yes,No,Partial Protection
9558-IHEZX,Yes,Yes,Fiber optic,Yes,Yes,Yes,No,Yes,Yes,Partial Protection
9617-UDPEU,Yes,No,No,No internet service,No internet service,No internet service,No internet service,No internet service,No internet service,Partial Protection
6340-DACFT,Yes,No,No,No internet service,No internet service,No internet service,No internet service,No internet service,No internet service,Partial Protection
4955-VCWBI,Yes,No,No,No internet service,No internet service,No internet service,No internet service,No internet service,No internet service,Partial Protection
6813-GZQCG,Yes,Yes,No,No internet service,No internet service,No internet service,No internet service,No internet service,No internet service,Partial Protection
7426-GSWPO,Yes,Yes,Fiber optic,Yes,Yes,No,No,Yes,Yes,Partial Protection
3389-KTRXV,Yes,Yes,No,No internet service,No internet service,No internet service,No internet service,No internet service,No internet service,Partial Protection
3118-UHVVQ,Yes,Yes,No,No internet service,No internet service,No internet service,No internet service,No internet service,No internet service,Partial Protection
1031-IIDEO,Yes,No,Fiber optic,No,No,No,No,No,No,No Protection
5832-XKAES,Yes,No,Fiber optic,No,No,No,No,No,No,No Protection
3205-MXZRA,Yes,No,DSL,No,No,No,Yes,Yes,No,Partial Protection
4701-AHWMW,No,No phone service,DSL,No,No,Yes,Yes,Yes,Yes,Partial Protection
8317-BVKSO,Yes,No,No,No internet service,No internet service,No internet service,No internet service,No internet service,No internet service,Partial Protection
5702-KVQRD,Yes,No,DSL,Yes,No,Yes,Yes,Yes,Yes,Partial Protection
0083-PIVIK,Yes,Yes,DSL,Yes,Yes,Yes,Yes,Yes,No,Full Protection
9210-IAHGH,Yes,No,DSL,No,No,No,Yes,Yes,Yes,Partial Protection
6169-PGNCD,Yes,No,DSL,Yes,Yes,Yes,Yes,Yes,No,Full Protection
0023-XUOPT,Yes,Yes,Fiber optic,No,Yes,Yes,No,Yes,No,Partial Protection
4592-IWTJI,No,No phone service,DSL,Yes,No,No,No,No,No,Partial Protection
4909-JOUPP,Yes,Yes,Fiber optic,No,Yes,Yes,Yes,Yes,Yes,Partial Protection
4657-FWVFY,Yes,Yes,Fiber optic,No,Yes,Yes,No,Yes,No,Partial Protection
2257-BOVXD,Yes,Yes,DSL,No,No,No,Yes,Yes,No,Partial Protection
7729-JTEEC,Yes,No,DSL,No,No,No,No,No,No,No Protection
7632-MNYOY,Yes,Yes,Fiber optic,No,Yes,Yes,Yes,Yes,Yes,Partial Protection
6518-LGAOV,Yes,Yes,Fiber optic,No,No,Yes,Yes,Yes,Yes,Partial Protection
7242-QZLXF,No,No phone service,DSL,No,No,No,No,No,No,No Protection
4576-CSAJH,Yes,No,DSL,No,Yes,No,Yes,No,No,Partial Protection
1000-AJSLD,Yes,No,No,No internet service,No internet service,No internet service,No internet service,No internet service,No internet service,Partial Protection
9696-RMYBA,Yes,No,Fiber optic,No,No,No,No,Yes,No,No Protection
8690-UPCZI,Yes,Yes,DSL,Yes,No,No,Yes,Yes,No,Partial Protection
1062-LHZOD,Yes,No,Fiber optic,No,No,No,No,No,No,No Protection
9770-LXDBK,Yes,No,No,No internet service,No internet service,No internet service,No internet service,No internet service,No internet service,Partial Protection
4086-WITJG,Yes,No,No,No internet service,No internet service,No internet service,No internet service,No internet service,No internet service,Partial Protection
8344-WFMFH,Yes,No,DSL,No,Yes,No,No,No,No,Partial Protection
9600-NAXZN,Yes,Yes,Fiber optic,No,Yes,No,No,Yes,Yes,Partial Protection
8822-KNBHV,Yes,Yes,DSL,Yes,Yes,Yes,No,Yes,Yes,Partial Protection
8404-FYDIB,Yes,Yes,Fiber optic,Yes,Yes,No,No,No,No,Partial Protection
2791-SFVEW,Yes,No,No,No internet service,No internet service,No internet service,No internet service,No internet service,No internet service,Partial Protection
6457-USBER,Yes,No,Fiber optic,No,No,No,No,No,Yes,No Protection
6762-NSODU,Yes,No,No,No internet service,No internet service,No internet service,No internet service,No internet service,No internet service,Partial Protection
4662-EKDPQ,Yes,Yes,DSL,No,No,No,No,No,Yes,No Protection
9248-OJYKK,Yes,Yes,Fiber optic,No,No,No,No,No,No,No Protection
9888-ZCUMM,No,No phone service,DSL,Yes,No,Yes,Yes,Yes,Yes,Partial Protection
3398-FSHON,Yes,Yes,Fiber optic,No,Yes,No,No,Yes,No,Partial Protection
3319-DWOEP,Yes,No,Fiber optic,No,No,Yes,No,Yes,Yes,Partial Protection
1074-WVEVG,Yes,No,No,No internet service,No internet service,No internet service,No internet service,No internet service,No internet service,Partial Protection
9979-RGMZT,Yes,No,Fiber optic,No,Yes,No,No,Yes,Yes,Partial Protection
6437-UDQJM,Yes,Yes,DSL,Yes,Yes,Yes,No,Yes,Yes,Partial Protection
1226-IENZN,Yes,No,Fiber optic,No,No,No,No,No,Yes,No Protection
2108-GLPQB,Yes,Yes,DSL,No,No,Yes,No,No,No,Partial Protection
9259-PACGQ,Yes,Yes,DSL,Yes,Yes,No,Yes,No,No,Partial Protection
4415-IJZTP,Yes,Yes,Fiber optic,No,No,No,No,No,No,No Protection
1465-VINDH,Yes,Yes,Fiber optic,No,Yes,Yes,No,Yes,Yes,Partial Protection
5474-LAMUQ,Yes,No,No,No internet service,No internet service,No internet service,No internet service,No internet service,No internet service,Partial Protection
3468-DRVQJ,Yes,Yes,DSL,Yes,Yes,No,No,Yes,No,Partial Protection
1122-YJBCS,Yes,No,DSL,Yes,Yes,No,No,No,No,Partial Protection
4990-ALDGW,Yes,No,No,No internet service,No internet service,No internet service,No internet service,No internet service,No internet service,Partial Protection
4816-OKWNX,Yes,No,Fiber optic,No,Yes,Yes,Yes,Yes,Yes,Partial Protection
3315-IKYZQ,No,No phone service,DSL,Yes,No,Yes,Yes,Yes,No,Partial Protection
2810-FTLEM,Yes,No,DSL,Yes,No,No,No,No,No,Partial Protection
4747-LCAQL,Yes,No,DSL,Yes,Yes,No,Yes,Yes,Yes,Partial Protection
3411-WLRSQ,Yes,No,Fiber optic,No,Yes,No,No,No,No,Partial Protection
0898-XCGTF,Yes,Yes,Fiber optic,No,No,No,No,Yes,Yes,No Protection
8006-PYCSW,Yes,No,No,No internet service,No internet service,No internet service,No internet service,No internet service,No internet service,Partial Protection
8249-THVEC,Yes,No,No,No internet service,No internet service,No internet service,No internet service,No internet service,No internet service,Partial Protection
8722-PRFDV,Yes,No,DSL,Yes,No,Yes,No,Yes,Yes,Partial Protection
2164-SOQXL,Yes,No,No,No internet service,No internet service,No internet service,No internet service,No internet service,No internet service,Partial Protection
4020-KIUDI,Yes,No,No,No internet service,No internet service,No internet service,No internet service,No internet service,No internet service,Partial Protection
5850-BDWCY,Yes,No,No,No internet service,No internet service,No internet service,No internet service,No internet service,No internet service,Partial Protection
2038-YSEZE,Yes,Yes,DSL,Yes,Yes,No,Yes,No,No,Partial Protection
0827-ITJPH,Yes,No,No,No internet service,No internet service,No internet service,No internet service,No internet service,No internet service,Partial Protection
8799-OXZMD,No,No phone service,DSL,No,No,Yes,No,No,No,Partial Protection
1925-TIBLE,Yes,Yes,Fiber optic,No,No,No,No,Yes,No,No Protection
1705-GUHPV,Yes,Yes,No,No internet service,No internet service,No internet service,No internet service,No internet service,No internet service,Partial Protection
4779-ZGICK,Yes,Yes,No,No internet service,No internet service,No internet service,No internet service,No internet service,No internet service,Partial Protection
0048-PIHNL,Yes,No,No,No internet service,No internet service,No internet service,No internet service,No internet service,No internet service,Partial Protection
0818-OCPZO,Yes,Yes,Fiber optic,No,Yes,No,No,No,No,Partial Protection
3967-KXAPS,Yes,Yes,DSL,Yes,Yes,Yes,Yes,Yes,Yes,Full Protection
1447-GIQMR,Yes,No,Fiber optic,No,No,No,No,No,No,No Protection
3704-IEAXF,No,No phone service,DSL,No,Yes,No,Yes,Yes,Yes,Partial Protection
6810-VCAEX,No,No phone service,DSL,Yes,Yes,No,Yes,No,No,Partial Protection
0674-EYYZV,Yes,No,DSL,No,No,No,No,Yes,No,No Protection
4480-MBMLB,Yes,Yes,Fiber optic,No,Yes,Yes,No,Yes,Yes,Partial Protection
1395-OFUWC,No,No phone service,DSL,No,Yes,No,No,No,No,Partial Protection
0822-QGCXA,Yes,Yes,DSL,No,Yes,Yes,Yes,Yes,Yes,Partial Protection
0872-NXJYS,Yes,No,Fiber optic,No,No,No,No,No,Yes,No Protection
2832-KJCRD,Yes,Yes,Fiber optic,No,No,Yes,Yes,Yes,Yes,Partial Protection
3588-WSTTJ,Yes,Yes,Fiber optic,Yes,No,No,No,Yes,Yes,Partial Protection
4075-WKNIU,Yes,Yes,DSL,No,Yes,Yes,Yes,Yes,No,Partial Protection
5090-EMGTC,Yes,No,Fiber optic,No,Yes,No,Yes,Yes,Yes,Partial Protection
2346-CZYIL,Yes,No,No,No internet service,No internet service,No internet service,No internet service,No internet service,No internet service,Partial Protection
3798-EPWRR,Yes,No,DSL,No,No,No,No,No,No,No Protection
6258-NGCNG,Yes,Yes,No,No internet service,No internet service,No internet service,No internet service,No internet service,No internet service,Partial Protection
4186-ZBUEW,Yes,Yes,DSL,No,Yes,No,Yes,No,Yes,Partial Protection
5274-XHAKY,Yes,Yes,Fiber optic,Yes,Yes,No,No,Yes,No,Partial Protection
1442-BQPVU,No,No phone service,DSL,No,Yes,No,No,No,No,Partial Protection
3978-YNKDD,Yes,No,No,No internet service,No internet service,No internet service,No internet service,No internet service,No internet service,Partial Protection
4940-KHCWD,No,No phone service,DSL,Yes,Yes,No,Yes,No,No,Partial Protection
9412-ARGBX,Yes,No,Fiber optic,No,Yes,Yes,Yes,Yes,No,Partial Protection
1389-CXMLU,Yes,Yes,Fiber optic,No,No,Yes,No,Yes,No,Partial Protection
9589-ABEPT,Yes,Yes,Fiber optic,No,Yes,No,Yes,Yes,No,Partial Protection
9388-ZEYVT,No,No phone service,DSL,No,No,Yes,Yes,No,Yes,Partial Protection
0305-SQECB,No,No phone service,DSL,Yes,No,No,Yes,No,No,Partial Protection
7605-SNLQG,Yes,No,DSL,No,No,Yes,No,No,No,Partial Protection
4670-TABXH,Yes,Yes,Fiber optic,No,Yes,Yes,Yes,Yes,Yes,Partial Protection
5561-NWEVX,Yes,Yes,Fiber optic,No,No,Yes,No,No,No,Partial Protection
0064-SUDOG,Yes,No,No,No internet service,No internet service,No internet service,No internet service,No internet service,No internet service,Partial Protection
8561-NMTBD,Yes,Yes,Fiber optic,No,Yes,Yes,Yes,Yes,Yes,Partial Protection
5161-XEUVX,Yes,Yes,Fiber optic,No,No,Yes,Yes,Yes,No,Partial Protection
8292-FRFZQ,No,No phone service,DSL,Yes,Yes,No,Yes,No,No,Partial Protection
8591-NXRCV,Yes,Yes,DSL,Yes,No,Yes,Yes,No,Yes,Partial Protection
7895-VONWT,No,No phone service,DSL,No,No,Yes,No,Yes,Yes,Partial Protection
4526-RMTLL,Yes,Yes,DSL,Yes,Yes,No,Yes,No,Yes,Partial Protection
6253-GNHWH,Yes,Yes,DSL,Yes,Yes,Yes,Yes,No,No,Full Protection
4566-NECEV,Yes,Yes,Fiber optic,No,Yes,Yes,No,No,Yes,Partial Protection
8080-POTJR,Yes,Yes,DSL,Yes,No,Yes,No,Yes,Yes,Partial Protection
6906-MPARY,Yes,No,Fiber optic,No,Yes,No,Yes,No,Yes,Partial Protection
3662-FXJFO,Yes,No,No,No internet service,No internet service,No internet service,No internet service,No internet service,No internet service,Partial Protection
8107-RZLNV,Yes,Yes,Fiber optic,No,Yes,Yes,No,Yes,Yes,Partial Protection
0516-OOHAR,Yes,No,Fiber optic,No,Yes,Yes,No,Yes,Yes,Partial Protection
2027-CWDNU,Yes,No,Fiber optic,No,No,No,Yes,No,Yes,Partial Protection
2737-WFVYW,No,No phone service,DSL,No,No,No,No,Yes,Yes,No Protection
9912-OMZDS,Yes,Yes,Fiber optic,No,Yes,Yes,No,Yes,Yes,Partial Protection
3733-ZEECP,Yes,No,DSL,No,No,No,Yes,No,No,Partial Protection
7878-RTCZG,Yes,No,No,No internet service,No internet service,No internet service,No internet service,No internet service,No internet service,Partial Protection
2452-MRMZF,Yes,Yes,No,No internet service,No internet service,No internet service,No internet service,No internet service,No internet service,Partial Protection
2272-QAGFO,Yes,Yes,Fiber optic,No,No,No,No,No,No,No Protection
7103-IPXPJ,Yes,Yes,Fiber optic,No,No,No,Yes,Yes,Yes,Partial Protection
4342-HFXWS,Yes,No,DSL,Yes,No,Yes,Yes,Yes,No,Partial Protection
3545-CNWRG,Yes,Yes,Fiber optic,No,Yes,No,No,Yes,Yes,Partial Protection
1785-BPHTP,Yes,No,Fiber optic,No,No,Yes,No,Yes,No,Partial Protection
4989-LIXVT,Yes,Yes,Fiber optic,No,Yes,Yes,No,No,Yes,Partial Protection
7315-WYOAW,Yes,Yes,Fiber optic,No,No,No,Yes,Yes,Yes,Partial Protection
1173-XZPYF,Yes,Yes,Fiber optic,No,No,Yes,No,Yes,No,Partial Protection
9850-OWRHQ,Yes,Yes,Fiber optic,No,No,No,No,No,No,No Protection
3768-NLUBH,Yes,Yes,Fiber optic,No,No,Yes,No,Yes,Yes,Partial Protection
8676-TRMJS,Yes,Yes,Fiber optic,No,No,No,No,No,No,No Protection
2509-TFPJU,Yes,Yes,No,No internet service,No internet service,No internet service,No internet service,No internet service,No internet service,Partial Protection
9530-GRMJG,Yes,Yes,DSL,No,Yes,Yes,Yes,Yes,Yes,Partial Protection
6898-RBTLU,Yes,Yes,DSL,No,Yes,No,Yes,Yes,Yes,Partial Protection
5481-NTDOH,Yes,Yes,Fiber optic,Yes,No,Yes,No,Yes,Yes,Partial Protection
2068-WWXQZ,Yes,No,No,No internet service,No internet service,No internet service,No internet service,No internet service,No internet service,Partial Protection
7359-SSBJK,Yes,No,DSL,Yes,Yes,No,Yes,Yes,No,Partial Protection
2061-VVFST,Yes,No,No,No internet service,No internet service,No internet service,No internet service,No internet service,No internet service,Partial Protection
0685-MLYYM,Yes,No,Fiber optic,No,No,No,No,No,No,No Protection
0749-IRGQE,No,No phone service,DSL,No,No,No,No,Yes,Yes,No Protection
2380-DAMQP,Yes,Yes,Fiber optic,Yes,Yes,Yes,Yes,Yes,Yes,Full Protection
2256-YLYLP,Yes,No,DSL,No,No,Yes,Yes,Yes,Yes,Partial Protection
1272-ILHFG,Yes,No,No,No internet service,No internet service,No internet service,No internet service,No internet service,No internet service,Partial Protection
0164-XAIRP,Yes,No,No,No internet service,No internet service,No internet service,No internet service,No internet service,No internet service,Partial Protection
5666-CYCYZ,Yes,Yes,Fiber optic,No,No,No,Yes,No,Yes,Partial Protection
4011-ARPHK,Yes,No,DSL,Yes,No,No,No,No,No,Partial Protection
8182-PNAGI,Yes,No,DSL,No,No,No,Yes,No,No,Partial Protection
6365-HITVU,Yes,No,DSL,Yes,Yes,Yes,Yes,Yes,Yes,Full Protection
7558-IMLMT,Yes,No,No,No internet service,No internet service,No internet service,No internet service,No internet service,No internet service,Partial Protection
9488-FYQAU,Yes,Yes,Fiber optic,No,Yes,Yes,Yes,Yes,Yes,Partial Protection
3590-TCXTB,Yes,No,No,No internet service,No internet service,No internet service,No internet service,No internet service,No internet service,Partial Protection
6994-KERXL,Yes,No,DSL,No,No,No,No,No,Yes,No Protection
7957-RYHQD,Yes,No,Fiber optic,Yes,Yes,No,No,No,No,Partial Protection
2180-DXNEG,Yes,No,Fiber optic,No,No,Yes,No,Yes,Yes,Partial Protection
1960-UOTYM,Yes,No,DSL,Yes,Yes,Yes,No,Yes,Yes,Partial Protection
2740-JFBOK,Yes,Yes,No,No internet service,No internet service,No internet service,No internet service,No internet service,No internet service,Partial Protection
6500-JVEGC,Yes,Yes,Fiber optic,Yes,Yes,Yes,No,Yes,No,Partial Protection
5515-AKOAJ,Yes,Yes,Fiber optic,No,No,No,Yes,Yes,Yes,Partial Protection
8976-OQHGT,Yes,No,DSL,No,Yes,No,Yes,No,No,Partial Protection
5245-VDBUR,No,No phone service,DSL,Yes,No,Yes,No,No,No,Partial Protection
6230-BSUXY,Yes,No,Fiber optic,No,No,Yes,No,No,Yes,Partial Protection
8469-SNFFH,Yes,Yes,DSL,Yes,Yes,Yes,Yes,Yes,No,Full Protection
2144-ESWKO,No,No phone service,DSL,Yes,No,Yes,No,No,No,Partial Protection
1241-FPMOF,Yes,No,No,No internet service,No internet service,No internet service,No internet service,No internet service,No internet service,Partial Protection
9928-BZVLZ,No,No phone service,DSL,Yes,No,Yes,Yes,No,Yes,Partial Protection
4114-QMKVN,Yes,Yes,DSL,Yes,Yes,No,No,No,Yes,Partial Protection
2775-SEFEE,Yes,Yes,DSL,Yes,Yes,No,Yes,No,No,Partial Protection
9003-CPATH,Yes,Yes,Fiber optic,No,No,Yes,No,No,No,Partial Protection
1754-GKYPY,Yes,No,Fiber optic,No,No,No,No,Yes,Yes,No Protection
5294-CDGWY,No,No phone service,DSL,Yes,Yes,Yes,No,Yes,Yes,Partial Protection
7956-XQWGU,Yes,No,No,No internet service,No internet service,No internet service,No internet service,No internet service,No internet service,Partial Protection
1591-MQJTP,Yes,Yes,Fiber optic,Yes,No,Yes,No,No,Yes,Partial Protection
5295-PCJOO,Yes,No,DSL,Yes,No,No,No,No,No,Partial Protection
2369-FEVNO,Yes,No,No,No internet service,No internet service,No internet service,No internet service,No internet service,No internet service,Partial Protection
9863-JZAIC,Yes,No,DSL,No,No,No,No,Yes,No,No Protection
7471-MQPOS,Yes,Yes,DSL,No,Yes,Yes,Yes,No,Yes,Partial Protection
7660-HDPJV,Yes,No,Fiber optic,No,No,No,No,No,No,No Protection
5115-SQAAU,Yes,Yes,No,No internet service,No internet service,No internet service,No internet service,No internet service,No internet service,Partial Protection
9845-QOMAD,Yes,No,No,No internet service,No internet service,No internet service,No internet service,No internet service,No internet service,Partial Protection
7672-VFMXZ,Yes,No,DSL,Yes,No,No,Yes,No,No,Partial Protection
9739-JLPQJ,Yes,Yes,Fiber optic,Yes,Yes,Yes,Yes,Yes,Yes,Full Protection
9916-AYHTC,Yes,No,No,No internet service,No internet service,No internet service,No internet service,No internet service,No internet service,Partial Protection
3855-ONCAR,Yes,No,Fiber optic,No,No,No,No,Yes,No,No Protection
1488-SYSFC,Yes,No,No,No internet service,No internet service,No internet service,No internet service,No internet service,No internet service,Partial Protection
7931-PXHFC,Yes,No,DSL,No,No,Yes,Yes,No,Yes,Partial Protection
3990-QYKBE,Yes,Yes,Fiber optic,No,No,No,No,Yes,Yes,No Protection
0970-QXPXW,Yes,No,No,No internet service,No internet service,No internet service,No internet service,No internet service,No internet service,Partial Protection
3259-KNMRR,Yes,Yes,DSL,No,Yes,Yes,No,Yes,Yes,Partial Protection
6120-RJKLU,Yes,No,DSL,Yes,No,Yes,Yes,Yes,Yes,Partial Protection
9572-WUKSB,No,No phone service,DSL,No,No,No,Yes,No,No,Partial Protection
5893-KCLGT,Yes,No,No,No internet service,No internet service,No internet service,No internet service,No internet service,No internet service,Partial Protection
0076-LVEPS,No,No phone service,DSL,Yes,Yes,Yes,Yes,No,No,Full Protection
3640-JQGJG,Yes,No,DSL,No,No,No,No,No,No,No Protection
4919-MOAVT,Yes,No,Fiber optic,No,No,No,No,No,No,No Protection
1596-OQSPS,Yes,No,DSL,No,Yes,No,No,No,No,Partial Protection
9867-XOBQA,No,No phone service,DSL,Yes,Yes,Yes,Yes,Yes,No,Full Protection
9546-KDTRB,Yes,Yes,No,No internet service,No internet service,No internet service,No internet service,No internet service,No internet service,Partial Protection
3090-HAWSU,Yes,Yes,Fiber optic,Yes,No,Yes,Yes,Yes,Yes,Partial Protection
9820-RMCQV,Yes,No,DSL,Yes,No,No,No,No,No,Partial Protection
3174-RKMOW,Yes,Yes,Fiber optic,No,Yes,Yes,Yes,Yes,Yes,Partial Protection
1760-CAZHT,Yes,No,No,No internet service,No internet service,No internet service,No internet service,No internet service,No internet service,Partial Protection
7839-QRKXN,Yes,No,No,No internet service,No internet service,No internet service,No internet service,No internet service,No internet service,Partial Protection
8441-SHIPE,Yes,Yes,No,No internet service,No internet service,No internet service,No internet service,No internet service,No internet service,Partial Protection
5204-QZXPU,No,No phone service,DSL,No,No,Yes,No,Yes,No,Partial Protection
4597-ELFTS,Yes,Yes,No,No internet service,No internet service,No internet service,No internet service,No internet service,No internet service,Partial Protection
1320-GVNHT,Yes,Yes,Fiber optic,Yes,Yes,Yes,No,Yes,Yes,Partial Protection
1047-RNXZV,Yes,No,No,No internet service,No internet service,No internet service,No internet service,No internet service,No internet service,Partial Protection
3541-ZNUHK,Yes,Yes,Fiber optic,Yes,Yes,No,No,No,No,Partial Protection
8450-JOVAH,Yes,Yes,DSL,Yes,No,No,No,No,No,Partial Protection
8725-JEDFD,Yes,No,Fiber optic,No,No,No,No,No,No,No Protection
7562-UXTPG,Yes,No,Fiber optic,No,No,No,No,No,No,No Protection
8071-SBTRN,Yes,Yes,Fiber optic,Yes,Yes,Yes,No,Yes,Yes,Partial Protection
1113-IUJYX,Yes,No,Fiber optic,Yes,Yes,No,Yes,Yes,Yes,Partial Protection
6668-CNMFP,Yes,Yes,Fiber optic,No,No,No,Yes,No,Yes,Partial Protection
5626-MGTUK,Yes,Yes,Fiber optic,Yes,No,No,No,Yes,No,Partial Protection
5681-LLOEI,Yes,Yes,Fiber optic,Yes,No,Yes,Yes,No,No,Partial Protection
8212-DJRCH,Yes,No,Fiber optic,Yes,No,Yes,No,No,Yes,Partial Protection
4323-OHFOW,Yes,Yes,Fiber optic,No,Yes,No,Yes,Yes,Yes,Partial Protection
4933-BSAIP,Yes,No,No,No internet service,No internet service,No internet service,No internet service,No internet service,No internet service,Partial Protection
2030-BTZRO,Yes,No,No,No internet service,No internet service,No internet service,No internet service,No internet service,No internet service,Partial Protection
1116-DXXDF,Yes,No,Fiber optic,Yes,No,Yes,No,Yes,Yes,Partial Protection
9274-CNFMO,Yes,Yes,Fiber optic,No,No,No,No,No,No,No Protection
7758-XKCBS,No,No phone service,DSL,No,No,No,Yes,No,No,Partial Protection
8992-JQYUN,No,No phone service,DSL,No,No,Yes,No,Yes,Yes,Partial Protection
6563-VNPMN,Yes,No,Fiber optic,Yes,Yes,No,Yes,No,No,Partial Protection
0617-AQNWT,No,No phone service,DSL,Yes,No,Yes,Yes,No,Yes,Partial Protection
2267-WTPYD,Yes,Yes,Fiber optic,No,Yes,Yes,No,No,Yes,Partial Protection
0270-THENM,Yes,Yes,DSL,Yes,Yes,Yes,Yes,No,No,Full Protection
2446-PLQVO,Yes,No,Fiber optic,No,No,No,No,No,No,No Protection
4707-MAXGU,Yes,Yes,No,No internet service,No internet service,No internet service,No internet service,No internet service,No internet service,Partial Protection
2710-WYVXG,Yes,No,DSL,Yes,Yes,No,Yes,No,Yes,Partial Protection
3005-NFMTA,Yes,Yes,Fiber optic,Yes,No,No,No,Yes,Yes,Partial Protection
6300-BWMJX,Yes,Yes,Fiber optic,No,No,Yes,Yes,Yes,No,Partial Protection
8784-CGILN,Yes,Yes,Fiber optic,No,No,No,Yes,Yes,Yes,Partial Protection
5389-FFVKB,Yes,No,Fiber optic,No,No,No,No,No,Yes,No Protection
7009-LGECI,Yes,No,DSL,Yes,No,No,No,No,No,Partial Protection
8444-WRIDW,Yes,Yes,Fiber optic,No,Yes,No,No,No,No,Partial Protection
5022-KVDQT,Yes,Yes,Fiber optic,No,No,Yes,No,No,No,Partial Protection
7976-CICYS,Yes,No,No,No internet service,No internet service,No internet service,No internet service,No internet service,No internet service,Partial Protection
1036-GUDCL,Yes,No,DSL,Yes,Yes,No,Yes,Yes,Yes,Partial Protection
2005-DWQZJ,Yes,No,No,No internet service,No internet service,No internet service,No internet service,No internet service,No internet service,Partial Protection
8148-WOCMK,Yes,No,No,No internet service,No internet service,No internet service,No internet service,No internet service,No internet service,Partial Protection
7815-PDTHL,Yes,No,No,No internet service,No internet service,No internet service,No internet service,No internet service,No internet service,Partial Protection
9451-LPGOO,Yes,Yes,Fiber optic,No,No,No,No,No,Yes,No Protection
9173-IVZVP,Yes,No,No,No internet service,No internet service,No internet service,No internet service,No internet service,No internet service,Partial Protection
9129-UXERG,Yes,Yes,Fiber optic,No,Yes,No,Yes,Yes,Yes,Partial Protection
3635-JBPSG,No,No phone service,DSL,No,Yes,No,No,No,Yes,Partial Protection
7964-ZRKKG,Yes,Yes,Fiber optic,No,Yes,No,No,Yes,No,Partial Protection
5868-YWPDW,Yes,No,Fiber optic,No,Yes,No,No,No,Yes,Partial Protection
6229-LSCKB,Yes,No,Fiber optic,No,No,No,No,Yes,No,No Protection
2025-JKFWI,Yes,Yes,Fiber optic,No,No,No,Yes,Yes,Yes,Partial Protection
4078-SAYYN,Yes,Yes,Fiber optic,No,No,Yes,No,Yes,Yes,Partial Protection
1724-IQWNM,Yes,No,No,No internet service,No internet service,No internet service,No internet service,No internet service,No internet service,Partial Protection
8217-QYOHV,Yes,No,DSL,Yes,No,No,Yes,No,No,Partial Protection
5546-QUERU,Yes,No,No,No internet service,No internet service,No internet service,No internet service,No internet service,No internet service,Partial Protection
9940-HPQPG,Yes,Yes,Fiber optic,Yes,Yes,Yes,No,No,No,Partial Protection
6897-UUBNU,Yes,No,Fiber optic,No,Yes,No,Yes,Yes,No,Partial Protection
6127-IYJOZ,Yes,No,DSL,No,No,No,No,No,No,No Protection
6618-RYATB,Yes,Yes,Fiber optic,No,No,Yes,No,No,No,Partial Protection
8930-XOTDP,Yes,No,DSL,No,No,No,No,Yes,No,No Protection
5916-QEWPT,Yes,No,DSL,No,No,Yes,No,Yes,Yes,Partial Protection
5060-TQUQN,Yes,Yes,Fiber optic,No,Yes,No,Yes,No,No,Partial Protection
0531-XBKMM,Yes,Yes,DSL,Yes,Yes,No,Yes,No,No,Partial Protection
8465-SBRXP,Yes,Yes,Fiber optic,No,No,Yes,Yes,Yes,No,Partial Protection
2408-PSJVE,Yes,No,DSL,No,Yes,Yes,Yes,No,No,Partial Protection
9079-YEXQJ,Yes,Yes,Fiber optic,No,Yes,Yes,Yes,Yes,Yes,Partial Protection
9700-ZCLOT,Yes,No,No,No internet service,No internet service,No internet service,No internet service,No internet service,No internet service,Partial Protection
8738-JOKAR,Yes,No,DSL,Yes,Yes,No,Yes,No,Yes,Partial Protection
4534-WGCIR,Yes,Yes,No,No internet service,No internet service,No internet service,No internet service,No internet service,No internet service,Partial Protection
1930-WNXSB,Yes,No,Fiber optic,No,Yes,No,No,Yes,Yes,Partial Protection
2685-SREOM,Yes,Yes,Fiber optic,No,No,Yes,No,No,Yes,Partial Protection
3508-CFVZL,Yes,Yes,Fiber optic,Yes,Yes,Yes,Yes,Yes,Yes,Full Protection
0402-CQAJN,Yes,Yes,Fiber optic,No,Yes,Yes,No,Yes,Yes,Partial Protection
6692-UDPJC,Yes,Yes,Fiber optic,No,No,No,Yes,Yes,No,Partial Protection
1273-MTETI,Yes,Yes,Fiber optic,No,No,Yes,No,No,Yes,Partial Protection
0657-DOGUM,Yes,Yes,DSL,Yes,No,No,Yes,No,No,Partial Protection
5480-HPRRX,No,No phone service,DSL,No,No,No,No,No,No,No Protection
8792-AOROI,Yes,No,DSL,Yes,No,No,Yes,No,Yes,Partial Protection
0295-PPHDO,Yes,Yes,Fiber optic,No,No,No,No,Yes,Yes,No Protection
5146-YYFRZ,Yes,No,No,No internet service,No internet service,No internet service,No internet service,No internet service,No internet service,Partial Protection
1195-OIYEJ,Yes,No,Fiber optic,No,No,No,No,Yes,Yes,No Protection
5906-CVLHP,Yes,No,DSL,No,Yes,No,Yes,No,No,Partial Protection
3452-SRFEG,Yes,Yes,Fiber optic,No,No,No,No,No,No,No Protection
4070-OKWVH,Yes,Yes,Fiber optic,No,Yes,Yes,No,Yes,No,Partial Protection
5297-MDOIR,Yes,No,Fiber optic,Yes,No,Yes,No,No,No,Partial Protection
6369-MCAKO,Yes,Yes,DSL,Yes,Yes,Yes,Yes,Yes,Yes,Full Protection
4926-UMJZD,Yes,No,DSL,No,No,No,Yes,No,No,Partial Protection
6848-HJTXY,Yes,No,No,No internet service,No internet service,No internet service,No internet service,No internet service,No internet service,Partial Protection
6341-AEVKX,Yes,No,Fiber optic,Yes,No,Yes,Yes,Yes,Yes,Partial Protection
4501-EQDRN,Yes,No,Fiber optic,No,No,No,No,No,No,No Protection
2990-HWIML,Yes,No,Fiber optic,No,No,No,No,Yes,Yes,No Protection
0682-USIXD,Yes,No,Fiber optic,No,No,No,Yes,Yes,No,Partial Protection
6976-BWGLQ,Yes,Yes,No,No internet service,No internet service,No internet service,No internet service,No internet service,No internet service,Partial Protection
7078-NVFAM,No,No phone service,DSL,Yes,Yes,No,No,No,No,Partial Protection
8065-QBYTO,Yes,Yes,Fiber optic,Yes,Yes,No,Yes,Yes,No,Partial Protection
2133-TSRRM,Yes,No,Fiber optic,Yes,Yes,Yes,No,Yes,Yes,Partial Protection
7384-GHBPI,No,No phone service,DSL,No,No,No,No,No,Yes,No Protection
7603-USHJS,Yes,Yes,Fiber optic,No,No,No,No,No,No,No Protection
7234-FECYN,Yes,Yes,Fiber optic,No,No,Yes,No,Yes,Yes,Partial Protection
2511-ALLCS,Yes,Yes,No,No internet service,No internet service,No internet service,No internet service,No internet service,No internet service,Partial Protection
3191-CSNMG,Yes,No,Fiber optic,No,No,No,No,Yes,No,No Protection
7952-OBOYL,Yes,No,Fiber optic,No,No,Yes,Yes,Yes,No,Partial Protection
7470-DYNOE,Yes,No,DSL,No,No,Yes,No,No,Yes,Partial Protection
7853-OETYL,No,No phone service,DSL,Yes,No,No,No,No,No,Partial Protection
1545-ACTAS,Yes,No,Fiber optic,Yes,No,Yes,No,Yes,Yes,Partial Protection
5876-HZVZM,Yes,No,DSL,Yes,Yes,No,No,No,No,Partial Protection
1400-MMYXY,Yes,Yes,Fiber optic,No,Yes,Yes,No,Yes,Yes,Partial Protection
5126-RCXYW,No,No phone service,DSL,No,No,Yes,Yes,No,Yes,Partial Protection
3085-QUOZK,Yes,No,DSL,No,No,No,No,No,No,No Protection
2363-BJLSL,Yes,No,DSL,No,Yes,Yes,Yes,Yes,Yes,Partial Protection
1956-YIFGE,Yes,No,Fiber optic,No,Yes,Yes,No,Yes,Yes,Partial Protection
3926-CUQZX,Yes,No,DSL,No,No,No,No,No,No,No Protection
7921-LMDFQ,Yes,No,Fiber optic,No,No,Yes,No,Yes,Yes,Partial Protection
2925-MXLSX,Yes,Yes,DSL,No,Yes,Yes,No,Yes,No,Partial Protection
5820-PTRYM,Yes,Yes,DSL,Yes,Yes,Yes,Yes,No,No,Full Protection
9609-BENEA,Yes,Yes,DSL,No,Yes,No,Yes,Yes,No,Partial Protection
6211-WHMYA,No,No phone service,DSL,No,Yes,No,Yes,Yes,No,Partial Protection
4459-BBGHE,No,No phone service,DSL,No,No,No,No,Yes,Yes,No Protection
9945-PSVIP,Yes,No,No,No internet service,No internet service,No internet service,No internet service,No internet service,No internet service,Partial Protection
1041-RXHRA,Yes,No,Fiber optic,No,No,No,No,No,No,No Protection
1750-CSKKM,Yes,No,DSL,No,No,No,No,Yes,No,No Protection
9108-EJFJP,Yes,No,DSL,Yes,Yes,No,No,No,No,Partial Protection
0530-IJVDB,Yes,Yes,Fiber optic,Yes,Yes,Yes,Yes,Yes,Yes,Full Protection
0508-SQWPL,Yes,No,No,No internet service,No internet service,No internet service,No internet service,No internet service,No internet service,Partial Protection
2215-ZAFGX,Yes,Yes,Fiber optic,No,No,No,No,Yes,No,No Protection
8213-TAZPM,Yes,Yes,Fiber optic,No,Yes,Yes,Yes,Yes,Yes,Partial Protection
7142-HVGBG,Yes,Yes,Fiber optic,No,Yes,Yes,No,Yes,Yes,Partial Protection
1304-SEGFY,Yes,Yes,Fiber optic,No,No,Yes,No,Yes,Yes,Partial Protection
7242-EDTYC,Yes,No,No,No internet service,No internet service,No internet service,No internet service,No internet service,No internet service,Partial Protection
2904-GGUAZ,Yes,Yes,Fiber optic,Yes,Yes,No,No,No,No,Partial Protection
8267-ZNYVZ,Yes,No,Fiber optic,Yes,No,Yes,Yes,Yes,Yes,Partial Protection
5136-GFPMB,Yes,Yes,Fiber optic,No,No,Yes,No,No,Yes,Partial Protection
2595-KIWPV,Yes,No,No,No internet service,No internet service,No internet service,No internet service,No internet service,No internet service,Partial Protection
5243-SAOTC,Yes,Yes,Fiber optic,No,Yes,No,No,No,No,Partial Protection
9398-MMQTO,Yes,No,Fiber optic,No,Yes,No,No,No,No,Partial Protection
7619-PLRLP,Yes,Yes,DSL,Yes,Yes,Yes,No,No,Yes,Partial Protection
6457-GIRWB,Yes,No,Fiber optic,No,No,No,No,No,No,No Protection
6508-NJYRO,Yes,No,No,No internet service,No internet service,No internet service,No internet service,No internet service,No internet service,Partial Protection
1450-SKCVI,Yes,No,Fiber optic,No,Yes,No,No,No,No,Partial Protection
4710-NKCAW,Yes,Yes,DSL,Yes,Yes,No,Yes,No,No,Partial Protection
5306-BVTKJ,Yes,No,DSL,No,Yes,Yes,No,No,No,Partial Protection
0357-NVCRI,Yes,No,No,No internet service,No internet service,No internet service,No internet service,No internet service,No internet service,Partial Protection
5570-PTWEH,Yes,Yes,Fiber optic,No,No,No,No,No,No,No Protection
2371-KFUOG,Yes,No,Fiber optic,Yes,Yes,No,No,Yes,Yes,Partial Protection
0463-ZSDNT,Yes,No,DSL,No,No,No,No,No,Yes,No Protection
6502-MJQAE,Yes,No,Fiber optic,No,No,No,No,No,No,No Protection
6257-DTAYD,Yes,Yes,Fiber optic,No,Yes,No,Yes,Yes,Yes,Partial Protection
4616-ULAOA,Yes,Yes,Fiber optic,No,Yes,Yes,Yes,Yes,Yes,Partial Protection
7693-LCKZL,Yes,Yes,Fiber optic,No,Yes,No,No,No,No,Partial Protection
7746-AWNQW,No,No phone service,DSL,No,No,Yes,Yes,No,No,Partial Protection
5996-EBTKM,Yes,Yes,DSL,No,No,Yes,Yes,No,Yes,Partial Protection
2758-RNWXS,Yes,No,Fiber optic,Yes,No,No,Yes,No,Yes,Partial Protection
2314-TNDJQ,No,No phone service,DSL,Yes,Yes,Yes,Yes,No,Yes,Full Protection
2405-LBMUW,No,No phone service,DSL,Yes,Yes,No,Yes,No,Yes,Partial Protection
3454-JFUBC,Yes,No,No,No internet service,No internet service,No internet service,No internet service,No internet service,No internet service,Partial Protection
0032-PGELS,No,No phone service,DSL,Yes,No,No,No,No,No,Partial Protection
9039-ZVJDC,Yes,No,No,No internet service,No internet service,No internet service,No internet service,No internet service,No internet service,Partial Protection
6797-LNAQX,Yes,Yes,Fiber optic,No,Yes,No,No,Yes,Yes,Partial Protection
9013-AQORL,No,No phone service,DSL,No,Yes,Yes,No,No,Yes,Partial Protection
2898-MRKPI,Yes,Yes,Fiber optic,No,Yes,No,No,Yes,Yes,Partial Protection
2750-BJLSB,Yes,No,Fiber optic,Yes,No,Yes,Yes,Yes,Yes,Partial Protection
3648-GZPHF,No,No phone service,DSL,No,No,Yes,Yes,No,No,Partial Protection
2075-RMJIK,Yes,No,DSL,Yes,No,No,No,No,No,Partial Protection
9588-YRFHY,Yes,No,No,No internet service,No internet service,No internet service,No internet service,No internet service,No internet service,Partial Protection
6394-MFYNG,Yes,Yes,Fiber optic,No,Yes,Yes,No,Yes,Yes,Partial Protection
1564-NTYXF,Yes,Yes,Fiber optic,No,No,No,No,No,Yes,No Protection
9364-YKUVW,Yes,No,No,No internet service,No internet service,No internet service,No internet service,No internet service,No internet service,Partial Protection
5392-AKEMH,Yes,No,DSL,No,No,No,No,No,No,No Protection
2451-YMUXS,Yes,Yes,DSL,Yes,Yes,No,Yes,No,No,Partial Protection
3914-FDRHP,Yes,No,Fiber optic,No,No,No,Yes,Yes,No,Partial Protection
3078-ZKNTS,Yes,No,No,No internet service,No internet service,No internet service,No internet service,No internet service,No internet service,Partial Protection
1024-KPRBB,Yes,No,Fiber optic,No,No,No,No,Yes,Yes,No Protection
4690-PKDQG,Yes,Yes,Fiber optic,No,Yes,Yes,No,Yes,No,Partial Protection
8155-IBNHG,Yes,Yes,Fiber optic,No,No,No,No,No,No,No Protection
0886-QGENL,Yes,No,Fiber optic,Yes,No,Yes,No,Yes,Yes,Partial Protection
9547-ITEFG,Yes,Yes,Fiber optic,No,Yes,Yes,No,Yes,Yes,Partial Protection
1264-FUHCX,No,No phone service,DSL,No,Yes,No,Yes,Yes,Yes,Partial Protection
7789-CRUVC,Yes,Yes,Fiber optic,Yes,Yes,Yes,Yes,No,No,Full Protection
6598-KELSS,No,No phone service,DSL,Yes,Yes,No,No,Yes,No,Partial Protection
8739-WWKDU,Yes,Yes,Fiber optic,No,Yes,No,No,Yes,No,Partial Protection
8685-WHQPW,Yes,Yes,Fiber optic,No,No,No,No,No,No,No Protection
4745-LSPLO,Yes,No,No,No internet service,No internet service,No internet service,No internet service,No internet service,No internet service,Partial Protection
8083-YTZES,Yes,Yes,Fiber optic,No,No,No,No,No,No,No Protection
7240-FQLHE,Yes,Yes,Fiber optic,No,No,No,Yes,Yes,Yes,Partial Protection
6664-FPDAC,Yes,Yes,Fiber optic,No,Yes,Yes,Yes,Yes,Yes,Partial Protection
9972-VAFJJ,Yes,No,Fiber optic,No,Yes,Yes,Yes,Yes,No,Partial Protection
0422-UXFAP,Yes,Yes,Fiber optic,No,No,Yes,No,Yes,Yes,Partial Protection
1904-WAJAA,Yes,Yes,DSL,Yes,Yes,Yes,No,No,No,Partial Protection
5130-YPIRV,Yes,No,DSL,Yes,Yes,Yes,No,Yes,No,Partial Protection
2843-CQMEG,Yes,No,DSL,No,Yes,No,No,No,No,Partial Protection
6439-PKTRR,Yes,Yes,DSL,Yes,Yes,Yes,Yes,Yes,No,Full Protection
5351-QESIO,No,No phone service,DSL,No,No,No,No,No,No,No Protection
0786-VSSUD,No,No phone service,DSL,No,Yes,No,No,Yes,No,Partial Protection
5568-DMXZS,Yes,No,DSL,No,Yes,No,Yes,Yes,No,Partial Protection
8468-FZTOE,Yes,No,DSL,Yes,Yes,Yes,Yes,No,Yes,Full Protection
6633-SYEUS,Yes,No,Fiber optic,No,Yes,Yes,Yes,No,No,Partial Protection
6447-GORXK,No,No phone service,DSL,No,No,No,No,No,No,No Protection
6967-PEJLL,No,No phone service,DSL,Yes,No,Yes,Yes,No,No,Partial Protection
3976-BWUCK,Yes,Yes,Fiber optic,No,Yes,No,Yes,Yes,No,Partial Protection
5981-ZVXOT,Yes,Yes,Fiber optic,Yes,Yes,Yes,No,Yes,Yes,Partial Protection
1684-FLBGS,Yes,Yes,DSL,No,Yes,No,Yes,Yes,No,Partial Protection
1389-WNUIB,Yes,Yes,DSL,Yes,No,No,No,Yes,Yes,Partial Protection
0376-OIWME,Yes,No,Fiber optic,Yes,No,No,No,Yes,Yes,Partial Protection
3585-ISXZP,Yes,Yes,Fiber optic,No,No,No,No,Yes,Yes,No Protection
0218-QNVAS,Yes,Yes,Fiber optic,No,Yes,No,No,Yes,Yes,Partial Protection
6583-QGCSI,Yes,Yes,Fiber optic,No,Yes,No,No,Yes,No,Partial Protection
0804-YGEQV,Yes,Yes,No,No internet service,No internet service,No internet service,No internet service,No internet service,No internet service,Partial Protection
7164-BPTUT,Yes,Yes,DSL,Yes,Yes,Yes,Yes,Yes,Yes,Full Protection
4174-LPGTI,Yes,No,DSL,No,Yes,No,Yes,No,Yes,Partial Protection
2523-EWWZL,Yes,No,Fiber optic,No,Yes,No,No,No,No,Partial Protection
0928-XUTSN,Yes,No,Fiber optic,No,No,No,No,No,Yes,No Protection
2108-XWMPY,No,No phone service,DSL,Yes,Yes,No,No,No,No,Partial Protection
0052-YNYOT,Yes,No,No,No internet service,No internet service,No internet service,No internet service,No internet service,No internet service,Partial Protection
6304-IJFSQ,Yes,No,DSL,No,Yes,No,No,No,No,Partial Protection
9586-JGQKH,Yes,Yes,Fiber optic,No,Yes,No,Yes,Yes,Yes,Partial Protection
4501-VCPFK,No,No phone service,DSL,No,No,Yes,Yes,No,No,Partial Protection
6075-SLNIL,Yes,Yes,Fiber optic,No,Yes,Yes,No,No,Yes,Partial Protection
9347-AERRL,Yes,No,No,No internet service,No internet service,No internet service,No internet service,No internet service,No internet service,Partial Protection
0093-XWZFY,Yes,Yes,Fiber optic,No,Yes,Yes,No,Yes,Yes,Partial Protection
2274-XUATA,No,No phone service,DSL,Yes,Yes,Yes,Yes,Yes,Yes,Full Protection
1980-KXVPM,Yes,Yes,Fiber optic,No,No,No,No,No,No,No Protection
7703-ZEKEF,Yes,Yes,Fiber optic,No,No,Yes,No,No,No,Partial Protection
0723-DRCLG,Yes,Yes,Fiber optic,No,No,No,No,No,No,No Protection
5482-NUPNA,Yes,No,DSL,Yes,Yes,No,Yes,No,No,Partial Protection
6691-CCIHA,Yes,Yes,DSL,Yes,Yes,No,Yes,Yes,Yes,Partial Protection
1685-BQULA,Yes,Yes,Fiber optic,No,Yes,Yes,No,Yes,No,Partial Protection
9053-EJUNL,Yes,Yes,Fiber optic,No,Yes,No,No,Yes,No,Partial Protection
0666-UXTJO,Yes,No,Fiber optic,No,No,Yes,No,Yes,No,Partial Protection
1471-GIQKQ,Yes,No,DSL,No,Yes,No,No,No,No,Partial Protection
4807-IZYOZ,Yes,No,No,No internet service,No internet service,No internet service,No internet service,No internet service,No internet service,Partial Protection
1122-JWTJW,Yes,No,Fiber optic,No,No,No,No,No,No,No Protection
9710-NJERN,Yes,No,No,No internet service,No internet service,No internet service,No internet service,No internet service,No internet service,Partial Protection
9837-FWLCH,Yes,No,No,No internet service,No internet service,No internet service,No internet service,No internet service,No internet service,Partial Protection
1699-HPSBG,Yes,No,DSL,No,No,No,Yes,Yes,No,Partial Protection
7203-OYKCT,Yes,Yes,Fiber optic,No,Yes,Yes,No,Yes,Yes,Partial Protection
1035-IPQPU,Yes,Yes,Fiber optic,No,Yes,Yes,No,Yes,Yes,Partial Protection
7398-LXGYX,Yes,Yes,Fiber optic,Yes,No,Yes,No,No,No,Partial Protection
2823-LKABH,Yes,Yes,Fiber optic,No,No,Yes,Yes,No,Yes,Partial Protection
8775-CEBBJ,Yes,No,DSL,No,No,No,No,No,No,No Protection
0550-DCXLH,Yes,No,DSL,No,Yes,No,Yes,Yes,Yes,Partial Protection
9281-CEDRU,Yes,No,DSL,No,Yes,No,Yes,Yes,No,Partial Protection
2235-DWLJU,No,No phone service,DSL,No,No,No,No,Yes,Yes,No Protection
0871-OPBXW,Yes,No,No,No internet service,No internet service,No internet service,No internet service,No internet service,No internet service,Partial Protection
3605-JISKB,Yes,Yes,DSL,Yes,Yes,No,No,No,No,Partial Protection
6894-LFHLY,Yes,Yes,Fiber optic,No,No,No,No,No,No,No Protection
9767-FFLEM,Yes,No,Fiber optic,No,No,No,No,No,No,No Protection
0639-TSIQW,Yes,Yes,Fiber optic,Yes,Yes,Yes,No,Yes,No,Partial Protection
8456-QDAVC,Yes,No,Fiber optic,No,No,No,No,Yes,No,No Protection
7750-EYXWZ,No,No phone service,DSL,No,Yes,Yes,Yes,Yes,Yes,Partial Protection
2569-WGERO,Yes,No,No,No internet service,No internet service,No internet service,No internet service,No internet service,No internet service,Partial Protection
6840-RESVB,Yes,Yes,DSL,Yes,No,Yes,Yes,Yes,Yes,Partial Protection
2234-XADUH,Yes,Yes,Fiber optic,No,Yes,Yes,No,Yes,Yes,Partial Protection
4801-JZAZL,No,No phone service,DSL,Yes,No,No,No,No,No,Partial Protection
8361-LTMKD,Yes,Yes,Fiber optic,No,No,No,No,No,No,No Protection
3186-AJIEK,Yes,No,Fiber optic,Yes,No,Yes,Yes,Yes,Yes,Partial Protection
